date,province,district_or_city,scenario,rainfall_mm
1980-01,Sindh,Karachi,historical,66.7
1980-02,Sindh,Karachi,historical,68.9
1980-03,Sindh,Karachi,historical,92.6
1980-04,Sindh,Karachi,historical,91.4
1980-05,Sindh,Karachi,historical,88.3
1980-06,Sindh,Karachi,historical,81.5
1980-07,Sindh,Karachi,historical,69.5
1980-08,Sindh,Karachi,historical,63.9
1980-09,Sindh,Karachi,historical,50.5
1980-10,Sindh,Karachi,historical,42.8
1980-11,Sindh,Karachi,historical,39.7
1980-12,Sindh,Karachi,historical,47.0
1981-01,Sindh,Karachi,historical,69.6
1981-02,Sindh,Karachi,historical,90.8
1981-03,Sindh,Karachi,historical,90.4
1981-04,Sindh,Karachi,historical,92.7
1981-05,Sindh,Karachi,historical,94.2
1981-06,Sindh,Karachi,historical,69.3
1981-07,Sindh,Karachi,historical,65.3
1981-08,Sindh,Karachi,historical,58.7
1981-09,Sindh,Karachi,historical,52.2
1981-10,Sindh,Karachi,historical,40.1
1981-11,Sindh,Karachi,historical,48.4
1981-12,Sindh,Karachi,historical,56.8
1982-01,Sindh,Karachi,historical,73.8
1982-02,Sindh,Karachi,historical,71.9
1982-03,Sindh,Karachi,historical,94.5
1982-04,Sindh,Karachi,historical,81.7
1982-05,Sindh,Karachi,historical,69.6
1982-06,Sindh,Karachi,historical,75.9
1982-07,Sindh,Karachi,historical,60.6
1982-08,Sindh,Karachi,historical,61.7
1982-09,Sindh,Karachi,historical,50.6
1982-10,Sindh,Karachi,historical,32.5
1982-11,Sindh,Karachi,historical,52.0
1982-12,Sindh,Karachi,historical,47.0
1983-01,Sindh,Karachi,historical,67.1
1983-02,Sindh,Karachi,historical,78.3
1983-03,Sindh,Karachi,historical,90.9
1983-04,Sindh,Karachi,historical,99.9
1983-05,Sindh,Karachi,historical,95.0
1983-06,Sindh,Karachi,historical,83.3
1983-07,Sindh,Karachi,historical,72.8
1983-08,Sindh,Karachi,historical,58.6
1983-09,Sindh,Karachi,historical,40.5
1983-10,Sindh,Karachi,historical,36.4
1983-11,Sindh,Karachi,historical,41.8
1983-12,Sindh,Karachi,historical,58.7
1984-01,Sindh,Karachi,historical,65.8
1984-02,Sindh,Karachi,historical,98.8
1984-03,Sindh,Karachi,historical,83.6
1984-04,Sindh,Karachi,historical,84.9
1984-05,Sindh,Karachi,historical,96.0
1984-06,Sindh,Karachi,historical,91.7
1984-07,Sindh,Karachi,historical,71.7
1984-08,Sindh,Karachi,historical,61.4
1984-09,Sindh,Karachi,historical,56.5
1984-10,Sindh,Karachi,historical,41.2
1984-11,Sindh,Karachi,historical,34.3
1984-12,Sindh,Karachi,historical,50.7
1985-01,Sindh,Karachi,historical,75.1
1985-02,Sindh,Karachi,historical,69.4
1985-03,Sindh,Karachi,historical,90.3
1985-04,Sindh,Karachi,historical,95.4
1985-05,Sindh,Karachi,historical,87.6
1985-06,Sindh,Karachi,historical,86.2
1985-07,Sindh,Karachi,historical,72.2
1985-08,Sindh,Karachi,historical,72.9
1985-09,Sindh,Karachi,historical,50.3
1985-10,Sindh,Karachi,historical,37.2
1985-11,Sindh,Karachi,historical,41.1
1985-12,Sindh,Karachi,historical,48.4
1986-01,Sindh,Karachi,historical,75.1
1986-02,Sindh,Karachi,historical,76.2
1986-03,Sindh,Karachi,historical,89.5
1986-04,Sindh,Karachi,historical,99.3
1986-05,Sindh,Karachi,historical,84.4
1986-06,Sindh,Karachi,historical,78.3
1986-07,Sindh,Karachi,historical,53.4
1986-08,Sindh,Karachi,historical,46.4
1986-09,Sindh,Karachi,historical,41.0
1986-10,Sindh,Karachi,historical,45.2
1986-11,Sindh,Karachi,historical,54.7
1986-12,Sindh,Karachi,historical,54.7
1987-01,Sindh,Karachi,historical,69.8
1987-02,Sindh,Karachi,historical,81.9
1987-03,Sindh,Karachi,historical,98.5
1987-04,Sindh,Karachi,historical,100.4
1987-05,Sindh,Karachi,historical,92.2
1987-06,Sindh,Karachi,historical,72.7
1987-07,Sindh,Karachi,historical,74.8
1987-08,Sindh,Karachi,historical,57.8
1987-09,Sindh,Karachi,historical,55.0
1987-10,Sindh,Karachi,historical,41.7
1987-11,Sindh,Karachi,historical,60.6
1987-12,Sindh,Karachi,historical,52.1
1988-01,Sindh,Karachi,historical,80.1
1988-02,Sindh,Karachi,historical,81.5
1988-03,Sindh,Karachi,historical,86.0
1988-04,Sindh,Karachi,historical,84.7
1988-05,Sindh,Karachi,historical,88.9
1988-06,Sindh,Karachi,historical,91.7
1988-07,Sindh,Karachi,historical,74.1
1988-08,Sindh,Karachi,historical,60.2
1988-09,Sindh,Karachi,historical,26.9
1988-10,Sindh,Karachi,historical,47.5
1988-11,Sindh,Karachi,historical,49.8
1988-12,Sindh,Karachi,historical,50.6
1989-01,Sindh,Karachi,historical,62.8
1989-02,Sindh,Karachi,historical,80.6
1989-03,Sindh,Karachi,historical,103.5
1989-04,Sindh,Karachi,historical,85.3
1989-05,Sindh,Karachi,historical,86.7
1989-06,Sindh,Karachi,historical,91.2
1989-07,Sindh,Karachi,historical,64.3
1989-08,Sindh,Karachi,historical,52.0
1989-09,Sindh,Karachi,historical,46.2
1989-10,Sindh,Karachi,historical,32.3
1989-11,Sindh,Karachi,historical,47.1
1989-12,Sindh,Karachi,historical,45.4
1990-01,Sindh,Karachi,historical,74.6
1990-02,Sindh,Karachi,historical,80.6
1990-03,Sindh,Karachi,historical,107.8
1990-04,Sindh,Karachi,historical,95.7
1990-05,Sindh,Karachi,historical,100.7
1990-06,Sindh,Karachi,historical,70.5
1990-07,Sindh,Karachi,historical,66.8
1990-08,Sindh,Karachi,historical,57.4
1990-09,Sindh,Karachi,historical,59.0
1990-10,Sindh,Karachi,historical,28.9
1990-11,Sindh,Karachi,historical,53.1
1990-12,Sindh,Karachi,historical,59.5
1991-01,Sindh,Karachi,historical,79.7
1991-02,Sindh,Karachi,historical,86.1
1991-03,Sindh,Karachi,historical,90.4
1991-04,Sindh,Karachi,historical,89.4
1991-05,Sindh,Karachi,historical,80.3
1991-06,Sindh,Karachi,historical,82.1
1991-07,Sindh,Karachi,historical,66.2
1991-08,Sindh,Karachi,historical,70.6
1991-09,Sindh,Karachi,historical,40.7
1991-10,Sindh,Karachi,historical,44.5
1991-11,Sindh,Karachi,historical,33.2
1991-12,Sindh,Karachi,historical,51.8
1992-01,Sindh,Karachi,historical,69.8
1992-02,Sindh,Karachi,historical,87.0
1992-03,Sindh,Karachi,historical,101.3
1992-04,Sindh,Karachi,historical,93.1
1992-05,Sindh,Karachi,historical,81.3
1992-06,Sindh,Karachi,historical,84.2
1992-07,Sindh,Karachi,historical,71.8
1992-08,Sindh,Karachi,historical,58.7
1992-09,Sindh,Karachi,historical,40.0
1992-10,Sindh,Karachi,historical,50.8
1992-11,Sindh,Karachi,historical,46.1
1992-12,Sindh,Karachi,historical,60.3
1993-01,Sindh,Karachi,historical,77.6
1993-02,Sindh,Karachi,historical,85.3
1993-03,Sindh,Karachi,historical,92.3
1993-04,Sindh,Karachi,historical,110.2
1993-05,Sindh,Karachi,historical,91.9
1993-06,Sindh,Karachi,historical,78.3
1993-07,Sindh,Karachi,historical,68.6
1993-08,Sindh,Karachi,historical,66.4
1993-09,Sindh,Karachi,historical,46.4
1993-10,Sindh,Karachi,historical,46.0
1993-11,Sindh,Karachi,historical,54.7
1993-12,Sindh,Karachi,historical,50.9
1994-01,Sindh,Karachi,historical,54.3
1994-02,Sindh,Karachi,historical,82.9
1994-03,Sindh,Karachi,historical,91.8
1994-04,Sindh,Karachi,historical,88.7
1994-05,Sindh,Karachi,historical,96.8
1994-06,Sindh,Karachi,historical,85.3
1994-07,Sindh,Karachi,historical,60.0
1994-08,Sindh,Karachi,historical,58.9
1994-09,Sindh,Karachi,historical,43.9
1994-10,Sindh,Karachi,historical,30.4
1994-11,Sindh,Karachi,historical,49.0
1994-12,Sindh,Karachi,historical,54.5
1995-01,Sindh,Karachi,historical,61.9
1995-02,Sindh,Karachi,historical,84.7
1995-03,Sindh,Karachi,historical,93.8
1995-04,Sindh,Karachi,historical,89.0
1995-05,Sindh,Karachi,historical,93.1
1995-06,Sindh,Karachi,historical,88.5
1995-07,Sindh,Karachi,historical,62.2
1995-08,Sindh,Karachi,historical,57.8
1995-09,Sindh,Karachi,historical,45.4
1995-10,Sindh,Karachi,historical,59.6
1995-11,Sindh,Karachi,historical,30.9
1995-12,Sindh,Karachi,historical,60.3
1996-01,Sindh,Karachi,historical,65.3
1996-02,Sindh,Karachi,historical,79.8
1996-03,Sindh,Karachi,historical,104.8
1996-04,Sindh,Karachi,historical,93.4
1996-05,Sindh,Karachi,historical,107.5
1996-06,Sindh,Karachi,historical,77.2
1996-07,Sindh,Karachi,historical,70.5
1996-08,Sindh,Karachi,historical,51.0
1996-09,Sindh,Karachi,historical,40.0
1996-10,Sindh,Karachi,historical,42.5
1996-11,Sindh,Karachi,historical,43.2
1996-12,Sindh,Karachi,historical,56.4
1997-01,Sindh,Karachi,historical,51.3
1997-02,Sindh,Karachi,historical,96.2
1997-03,Sindh,Karachi,historical,88.7
1997-04,Sindh,Karachi,historical,107.0
1997-05,Sindh,Karachi,historical,82.2
1997-06,Sindh,Karachi,historical,82.9
1997-07,Sindh,Karachi,historical,92.4
1997-08,Sindh,Karachi,historical,48.1
1997-09,Sindh,Karachi,historical,33.8
1997-10,Sindh,Karachi,historical,37.7
1997-11,Sindh,Karachi,historical,49.1
1997-12,Sindh,Karachi,historical,60.3
1998-01,Sindh,Karachi,historical,77.8
1998-02,Sindh,Karachi,historical,78.6
1998-03,Sindh,Karachi,historical,77.6
1998-04,Sindh,Karachi,historical,90.1
1998-05,Sindh,Karachi,historical,99.7
1998-06,Sindh,Karachi,historical,84.2
1998-07,Sindh,Karachi,historical,52.5
1998-08,Sindh,Karachi,historical,54.6
1998-09,Sindh,Karachi,historical,56.3
1998-10,Sindh,Karachi,historical,58.5
1998-11,Sindh,Karachi,historical,49.8
1998-12,Sindh,Karachi,historical,57.3
1999-01,Sindh,Karachi,historical,58.1
1999-02,Sindh,Karachi,historical,74.0
1999-03,Sindh,Karachi,historical,90.4
1999-04,Sindh,Karachi,historical,97.4
1999-05,Sindh,Karachi,historical,94.5
1999-06,Sindh,Karachi,historical,76.9
1999-07,Sindh,Karachi,historical,58.8
1999-08,Sindh,Karachi,historical,48.8
1999-09,Sindh,Karachi,historical,36.4
1999-10,Sindh,Karachi,historical,47.0
1999-11,Sindh,Karachi,historical,27.4
1999-12,Sindh,Karachi,historical,52.3
2000-01,Sindh,Karachi,historical,71.2
2000-02,Sindh,Karachi,historical,92.5
2000-03,Sindh,Karachi,historical,90.6
2000-04,Sindh,Karachi,historical,101.3
2000-05,Sindh,Karachi,historical,86.9
2000-06,Sindh,Karachi,historical,74.8
2000-07,Sindh,Karachi,historical,62.5
2000-08,Sindh,Karachi,historical,66.7
2000-09,Sindh,Karachi,historical,53.2
2000-10,Sindh,Karachi,historical,45.8
2000-11,Sindh,Karachi,historical,71.4
2000-12,Sindh,Karachi,historical,54.6
2001-01,Sindh,Karachi,historical,72.6
2001-02,Sindh,Karachi,historical,83.0
2001-03,Sindh,Karachi,historical,88.3
2001-04,Sindh,Karachi,historical,111.5
2001-05,Sindh,Karachi,historical,101.8
2001-06,Sindh,Karachi,historical,69.7
2001-07,Sindh,Karachi,historical,64.6
2001-08,Sindh,Karachi,historical,58.2
2001-09,Sindh,Karachi,historical,51.5
2001-10,Sindh,Karachi,historical,31.5
2001-11,Sindh,Karachi,historical,27.9
2001-12,Sindh,Karachi,historical,40.0
2002-01,Sindh,Karachi,historical,67.2
2002-02,Sindh,Karachi,historical,79.8
2002-03,Sindh,Karachi,historical,92.7
2002-04,Sindh,Karachi,historical,87.5
2002-05,Sindh,Karachi,historical,80.5
2002-06,Sindh,Karachi,historical,64.9
2002-07,Sindh,Karachi,historical,70.3
2002-08,Sindh,Karachi,historical,57.7
2002-09,Sindh,Karachi,historical,53.2
2002-10,Sindh,Karachi,historical,48.1
2002-11,Sindh,Karachi,historical,43.9
2002-12,Sindh,Karachi,historical,65.4
2003-01,Sindh,Karachi,historical,66.7
2003-02,Sindh,Karachi,historical,75.5
2003-03,Sindh,Karachi,historical,86.0
2003-04,Sindh,Karachi,historical,88.9
2003-05,Sindh,Karachi,historical,73.2
2003-06,Sindh,Karachi,historical,81.8
2003-07,Sindh,Karachi,historical,69.7
2003-08,Sindh,Karachi,historical,52.0
2003-09,Sindh,Karachi,historical,39.9
2003-10,Sindh,Karachi,historical,44.9
2003-11,Sindh,Karachi,historical,58.8
2003-12,Sindh,Karachi,historical,55.2
2004-01,Sindh,Karachi,historical,63.8
2004-02,Sindh,Karachi,historical,76.0
2004-03,Sindh,Karachi,historical,89.5
2004-04,Sindh,Karachi,historical,83.6
2004-05,Sindh,Karachi,historical,89.1
2004-06,Sindh,Karachi,historical,81.1
2004-07,Sindh,Karachi,historical,82.1
2004-08,Sindh,Karachi,historical,62.2
2004-09,Sindh,Karachi,historical,53.5
2004-10,Sindh,Karachi,historical,36.4
2004-11,Sindh,Karachi,historical,50.6
2004-12,Sindh,Karachi,historical,46.0
2005-01,Sindh,Karachi,historical,70.2
2005-02,Sindh,Karachi,historical,83.9
2005-03,Sindh,Karachi,historical,84.1
2005-04,Sindh,Karachi,historical,109.0
2005-05,Sindh,Karachi,historical,94.4
2005-06,Sindh,Karachi,historical,65.8
2005-07,Sindh,Karachi,historical,72.0
2005-08,Sindh,Karachi,historical,51.7
2005-09,Sindh,Karachi,historical,45.4
2005-10,Sindh,Karachi,historical,45.6
2005-11,Sindh,Karachi,historical,48.5
2005-12,Sindh,Karachi,historical,39.0
2006-01,Sindh,Karachi,historical,58.7
2006-02,Sindh,Karachi,historical,86.6
2006-03,Sindh,Karachi,historical,100.2
2006-04,Sindh,Karachi,historical,108.3
2006-05,Sindh,Karachi,historical,104.1
2006-06,Sindh,Karachi,historical,64.6
2006-07,Sindh,Karachi,historical,73.7
2006-08,Sindh,Karachi,historical,39.9
2006-09,Sindh,Karachi,historical,58.0
2006-10,Sindh,Karachi,historical,44.0
2006-11,Sindh,Karachi,historical,36.5
2006-12,Sindh,Karachi,historical,70.5
2007-01,Sindh,Karachi,historical,72.7
2007-02,Sindh,Karachi,historical,65.9
2007-03,Sindh,Karachi,historical,92.3
2007-04,Sindh,Karachi,historical,87.8
2007-05,Sindh,Karachi,historical,90.9
2007-06,Sindh,Karachi,historical,77.0
2007-07,Sindh,Karachi,historical,78.4
2007-08,Sindh,Karachi,historical,43.8
2007-09,Sindh,Karachi,historical,47.9
2007-10,Sindh,Karachi,historical,56.1
2007-11,Sindh,Karachi,historical,39.0
2007-12,Sindh,Karachi,historical,56.5
2008-01,Sindh,Karachi,historical,69.3
2008-02,Sindh,Karachi,historical,75.2
2008-03,Sindh,Karachi,historical,95.1
2008-04,Sindh,Karachi,historical,94.2
2008-05,Sindh,Karachi,historical,82.7
2008-06,Sindh,Karachi,historical,94.3
2008-07,Sindh,Karachi,historical,73.9
2008-08,Sindh,Karachi,historical,53.6
2008-09,Sindh,Karachi,historical,40.5
2008-10,Sindh,Karachi,historical,35.9
2008-11,Sindh,Karachi,historical,55.0
2008-12,Sindh,Karachi,historical,53.7
2009-01,Sindh,Karachi,historical,71.3
2009-02,Sindh,Karachi,historical,79.2
2009-03,Sindh,Karachi,historical,94.8
2009-04,Sindh,Karachi,historical,92.6
2009-05,Sindh,Karachi,historical,96.0
2009-06,Sindh,Karachi,historical,79.2
2009-07,Sindh,Karachi,historical,74.2
2009-08,Sindh,Karachi,historical,60.1
2009-09,Sindh,Karachi,historical,44.5
2009-10,Sindh,Karachi,historical,35.3
2009-11,Sindh,Karachi,historical,38.1
2009-12,Sindh,Karachi,historical,49.1
2010-01,Sindh,Karachi,historical,60.1
2010-02,Sindh,Karachi,historical,87.3
2010-03,Sindh,Karachi,historical,89.7
2010-04,Sindh,Karachi,historical,105.7
2010-05,Sindh,Karachi,historical,107.8
2010-06,Sindh,Karachi,historical,80.8
2010-07,Sindh,Karachi,historical,55.7
2010-08,Sindh,Karachi,historical,51.9
2010-09,Sindh,Karachi,historical,44.8
2010-10,Sindh,Karachi,historical,30.4
2010-11,Sindh,Karachi,historical,43.5
2010-12,Sindh,Karachi,historical,57.1
2011-01,Sindh,Karachi,historical,64.2
2011-02,Sindh,Karachi,historical,74.6
2011-03,Sindh,Karachi,historical,84.1
2011-04,Sindh,Karachi,historical,107.4
2011-05,Sindh,Karachi,historical,88.8
2011-06,Sindh,Karachi,historical,74.1
2011-07,Sindh,Karachi,historical,64.8
2011-08,Sindh,Karachi,historical,62.3
2011-09,Sindh,Karachi,historical,40.1
2011-10,Sindh,Karachi,historical,45.7
2011-11,Sindh,Karachi,historical,51.1
2011-12,Sindh,Karachi,historical,60.7
2012-01,Sindh,Karachi,historical,78.6
2012-02,Sindh,Karachi,historical,76.3
2012-03,Sindh,Karachi,historical,98.8
2012-04,Sindh,Karachi,historical,87.3
2012-05,Sindh,Karachi,historical,86.9
2012-06,Sindh,Karachi,historical,89.9
2012-07,Sindh,Karachi,historical,74.1
2012-08,Sindh,Karachi,historical,54.9
2012-09,Sindh,Karachi,historical,36.2
2012-10,Sindh,Karachi,historical,46.4
2012-11,Sindh,Karachi,historical,40.5
2012-12,Sindh,Karachi,historical,47.7
2013-01,Sindh,Karachi,historical,62.7
2013-02,Sindh,Karachi,historical,82.5
2013-03,Sindh,Karachi,historical,73.5
2013-04,Sindh,Karachi,historical,96.3
2013-05,Sindh,Karachi,historical,91.4
2013-06,Sindh,Karachi,historical,76.1
2013-07,Sindh,Karachi,historical,75.8
2013-08,Sindh,Karachi,historical,59.6
2013-09,Sindh,Karachi,historical,40.7
2013-10,Sindh,Karachi,historical,36.8
2013-11,Sindh,Karachi,historical,50.8
2013-12,Sindh,Karachi,historical,43.0
2014-01,Sindh,Karachi,historical,65.1
2014-02,Sindh,Karachi,historical,75.7
2014-03,Sindh,Karachi,historical,90.6
2014-04,Sindh,Karachi,historical,95.1
2014-05,Sindh,Karachi,historical,90.3
2014-06,Sindh,Karachi,historical,89.4
2014-07,Sindh,Karachi,historical,69.5
2014-08,Sindh,Karachi,historical,52.4
2014-09,Sindh,Karachi,historical,36.0
2014-10,Sindh,Karachi,historical,47.6
2014-11,Sindh,Karachi,historical,49.5
2014-12,Sindh,Karachi,historical,66.1
2015-01,Sindh,Karachi,ssp245,61.4
2015-02,Sindh,Karachi,ssp245,80.9
2015-03,Sindh,Karachi,ssp245,89.7
2015-04,Sindh,Karachi,ssp245,93.0
2015-05,Sindh,Karachi,ssp245,90.4
2015-06,Sindh,Karachi,ssp245,66.6
2015-07,Sindh,Karachi,ssp245,75.2
2015-08,Sindh,Karachi,ssp245,60.9
2015-09,Sindh,Karachi,ssp245,55.6
2015-10,Sindh,Karachi,ssp245,61.7
2015-11,Sindh,Karachi,ssp245,43.5
2015-12,Sindh,Karachi,ssp245,55.4
2016-01,Sindh,Karachi,ssp245,68.8
2016-02,Sindh,Karachi,ssp245,98.0
2016-03,Sindh,Karachi,ssp245,76.6
2016-04,Sindh,Karachi,ssp245,98.8
2016-05,Sindh,Karachi,ssp245,78.9
2016-06,Sindh,Karachi,ssp245,60.2
2016-07,Sindh,Karachi,ssp245,52.1
2016-08,Sindh,Karachi,ssp245,44.7
2016-09,Sindh,Karachi,ssp245,56.0
2016-10,Sindh,Karachi,ssp245,36.3
2016-11,Sindh,Karachi,ssp245,45.3
2016-12,Sindh,Karachi,ssp245,46.9
2017-01,Sindh,Karachi,ssp245,74.8
2017-02,Sindh,Karachi,ssp245,73.3
2017-03,Sindh,Karachi,ssp245,103.2
2017-04,Sindh,Karachi,ssp245,87.3
2017-05,Sindh,Karachi,ssp245,85.8
2017-06,Sindh,Karachi,ssp245,84.0
2017-07,Sindh,Karachi,ssp245,70.3
2017-08,Sindh,Karachi,ssp245,69.3
2017-09,Sindh,Karachi,ssp245,49.0
2017-10,Sindh,Karachi,ssp245,34.4
2017-11,Sindh,Karachi,ssp245,43.4
2017-12,Sindh,Karachi,ssp245,52.8
2018-01,Sindh,Karachi,ssp245,76.7
2018-02,Sindh,Karachi,ssp245,86.8
2018-03,Sindh,Karachi,ssp245,92.1
2018-04,Sindh,Karachi,ssp245,103.9
2018-05,Sindh,Karachi,ssp245,88.8
2018-06,Sindh,Karachi,ssp245,82.7
2018-07,Sindh,Karachi,ssp245,72.6
2018-08,Sindh,Karachi,ssp245,71.2
2018-09,Sindh,Karachi,ssp245,48.1
2018-10,Sindh,Karachi,ssp245,42.6
2018-11,Sindh,Karachi,ssp245,40.3
2018-12,Sindh,Karachi,ssp245,64.4
2019-01,Sindh,Karachi,ssp245,66.6
2019-02,Sindh,Karachi,ssp245,87.4
2019-03,Sindh,Karachi,ssp245,78.0
2019-04,Sindh,Karachi,ssp245,106.3
2019-05,Sindh,Karachi,ssp245,83.0
2019-06,Sindh,Karachi,ssp245,78.3
2019-07,Sindh,Karachi,ssp245,81.0
2019-08,Sindh,Karachi,ssp245,48.0
2019-09,Sindh,Karachi,ssp245,49.2
2019-10,Sindh,Karachi,ssp245,47.2
2019-11,Sindh,Karachi,ssp245,41.7
2019-12,Sindh,Karachi,ssp245,70.9
2020-01,Sindh,Karachi,ssp245,85.2
2020-02,Sindh,Karachi,ssp245,68.9
2020-03,Sindh,Karachi,ssp245,82.8
2020-04,Sindh,Karachi,ssp245,105.3
2020-05,Sindh,Karachi,ssp245,84.2
2020-06,Sindh,Karachi,ssp245,82.5
2020-07,Sindh,Karachi,ssp245,74.1
2020-08,Sindh,Karachi,ssp245,66.0
2020-09,Sindh,Karachi,ssp245,49.0
2020-10,Sindh,Karachi,ssp245,48.3
2020-11,Sindh,Karachi,ssp245,44.5
2020-12,Sindh,Karachi,ssp245,71.4
2021-01,Sindh,Karachi,ssp245,69.3
2021-02,Sindh,Karachi,ssp245,89.3
2021-03,Sindh,Karachi,ssp245,91.6
2021-04,Sindh,Karachi,ssp245,100.4
2021-05,Sindh,Karachi,ssp245,94.7
2021-06,Sindh,Karachi,ssp245,85.4
2021-07,Sindh,Karachi,ssp245,65.4
2021-08,Sindh,Karachi,ssp245,67.9
2021-09,Sindh,Karachi,ssp245,63.7
2021-10,Sindh,Karachi,ssp245,50.5
2021-11,Sindh,Karachi,ssp245,58.2
2021-12,Sindh,Karachi,ssp245,68.6
2022-01,Sindh,Karachi,ssp245,82.3
2022-02,Sindh,Karachi,ssp245,90.0
2022-03,Sindh,Karachi,ssp245,98.7
2022-04,Sindh,Karachi,ssp245,107.7
2022-05,Sindh,Karachi,ssp245,97.6
2022-06,Sindh,Karachi,ssp245,79.5
2022-07,Sindh,Karachi,ssp245,75.1
2022-08,Sindh,Karachi,ssp245,46.2
2022-09,Sindh,Karachi,ssp245,52.7
2022-10,Sindh,Karachi,ssp245,52.9
2022-11,Sindh,Karachi,ssp245,63.4
2022-12,Sindh,Karachi,ssp245,63.7
2023-01,Sindh,Karachi,ssp245,83.2
2023-02,Sindh,Karachi,ssp245,88.4
2023-03,Sindh,Karachi,ssp245,89.2
2023-04,Sindh,Karachi,ssp245,89.5
2023-05,Sindh,Karachi,ssp245,89.9
2023-06,Sindh,Karachi,ssp245,77.2
2023-07,Sindh,Karachi,ssp245,81.2
2023-08,Sindh,Karachi,ssp245,61.3
2023-09,Sindh,Karachi,ssp245,58.6
2023-10,Sindh,Karachi,ssp245,51.0
2023-11,Sindh,Karachi,ssp245,62.7
2023-12,Sindh,Karachi,ssp245,72.3
2024-01,Sindh,Karachi,ssp245,70.9
2024-02,Sindh,Karachi,ssp245,87.0
2024-03,Sindh,Karachi,ssp245,94.3
2024-04,Sindh,Karachi,ssp245,88.7
2024-05,Sindh,Karachi,ssp245,104.7
2024-06,Sindh,Karachi,ssp245,99.7
2024-07,Sindh,Karachi,ssp245,76.8
2024-08,Sindh,Karachi,ssp245,59.9
2024-09,Sindh,Karachi,ssp245,63.9
2024-10,Sindh,Karachi,ssp245,31.6
2024-11,Sindh,Karachi,ssp245,56.4
2024-12,Sindh,Karachi,ssp245,65.6
2025-01,Sindh,Karachi,ssp245,72.5
2025-02,Sindh,Karachi,ssp245,102.0
2025-03,Sindh,Karachi,ssp245,108.0
2025-04,Sindh,Karachi,ssp245,101.1
2025-05,Sindh,Karachi,ssp245,99.2
2025-06,Sindh,Karachi,ssp245,87.3
2025-07,Sindh,Karachi,ssp245,73.5
2025-08,Sindh,Karachi,ssp245,54.0
2025-09,Sindh,Karachi,ssp245,67.3
2025-10,Sindh,Karachi,ssp245,61.0
2025-11,Sindh,Karachi,ssp245,62.6
2025-12,Sindh,Karachi,ssp245,56.1
2026-01,Sindh,Karachi,ssp245,95.8
2026-02,Sindh,Karachi,ssp245,107.9
2026-03,Sindh,Karachi,ssp245,102.3
2026-04,Sindh,Karachi,ssp245,96.7
2026-05,Sindh,Karachi,ssp245,93.6
2026-06,Sindh,Karachi,ssp245,95.1
2026-07,Sindh,Karachi,ssp245,71.1
2026-08,Sindh,Karachi,ssp245,65.7
2026-09,Sindh,Karachi,ssp245,65.8
2026-10,Sindh,Karachi,ssp245,40.6
2026-11,Sindh,Karachi,ssp245,73.7
2026-12,Sindh,Karachi,ssp245,79.5
2027-01,Sindh,Karachi,ssp245,68.8
2027-02,Sindh,Karachi,ssp245,80.3
2027-03,Sindh,Karachi,ssp245,99.3
2027-04,Sindh,Karachi,ssp245,96.6
2027-05,Sindh,Karachi,ssp245,99.6
2027-06,Sindh,Karachi,ssp245,70.8
2027-07,Sindh,Karachi,ssp245,77.8
2027-08,Sindh,Karachi,ssp245,82.1
2027-09,Sindh,Karachi,ssp245,48.2
2027-10,Sindh,Karachi,ssp245,51.9
2027-11,Sindh,Karachi,ssp245,45.2
2027-12,Sindh,Karachi,ssp245,72.6
2028-01,Sindh,Karachi,ssp245,78.3
2028-02,Sindh,Karachi,ssp245,109.5
2028-03,Sindh,Karachi,ssp245,104.4
2028-04,Sindh,Karachi,ssp245,103.1
2028-05,Sindh,Karachi,ssp245,107.5
2028-06,Sindh,Karachi,ssp245,89.2
2028-07,Sindh,Karachi,ssp245,69.4
2028-08,Sindh,Karachi,ssp245,70.4
2028-09,Sindh,Karachi,ssp245,57.1
2028-10,Sindh,Karachi,ssp245,56.6
2028-11,Sindh,Karachi,ssp245,61.9
2028-12,Sindh,Karachi,ssp245,63.9
2029-01,Sindh,Karachi,ssp245,84.7
2029-02,Sindh,Karachi,ssp245,108.8
2029-03,Sindh,Karachi,ssp245,94.3
2029-04,Sindh,Karachi,ssp245,121.8
2029-05,Sindh,Karachi,ssp245,101.7
2029-06,Sindh,Karachi,ssp245,88.0
2029-07,Sindh,Karachi,ssp245,102.1
2029-08,Sindh,Karachi,ssp245,70.2
2029-09,Sindh,Karachi,ssp245,71.1
2029-10,Sindh,Karachi,ssp245,63.0
2029-11,Sindh,Karachi,ssp245,45.5
2029-12,Sindh,Karachi,ssp245,70.2
2030-01,Sindh,Karachi,ssp245,77.7
2030-02,Sindh,Karachi,ssp245,83.8
2030-03,Sindh,Karachi,ssp245,89.7
2030-04,Sindh,Karachi,ssp245,109.0
2030-05,Sindh,Karachi,ssp245,109.7
2030-06,Sindh,Karachi,ssp245,98.7
2030-07,Sindh,Karachi,ssp245,80.0
2030-08,Sindh,Karachi,ssp245,63.1
2030-09,Sindh,Karachi,ssp245,52.2
2030-10,Sindh,Karachi,ssp245,52.4
2030-11,Sindh,Karachi,ssp245,51.9
2030-12,Sindh,Karachi,ssp245,68.4
2031-01,Sindh,Karachi,ssp245,82.9
2031-02,Sindh,Karachi,ssp245,88.5
2031-03,Sindh,Karachi,ssp245,103.6
2031-04,Sindh,Karachi,ssp245,102.7
2031-05,Sindh,Karachi,ssp245,105.7
2031-06,Sindh,Karachi,ssp245,100.6
2031-07,Sindh,Karachi,ssp245,85.1
2031-08,Sindh,Karachi,ssp245,74.8
2031-09,Sindh,Karachi,ssp245,47.5
2031-10,Sindh,Karachi,ssp245,54.9
2031-11,Sindh,Karachi,ssp245,63.9
2031-12,Sindh,Karachi,ssp245,76.5
2032-01,Sindh,Karachi,ssp245,70.6
2032-02,Sindh,Karachi,ssp245,98.3
2032-03,Sindh,Karachi,ssp245,116.7
2032-04,Sindh,Karachi,ssp245,108.5
2032-05,Sindh,Karachi,ssp245,105.9
2032-06,Sindh,Karachi,ssp245,101.1
2032-07,Sindh,Karachi,ssp245,86.6
2032-08,Sindh,Karachi,ssp245,77.4
2032-09,Sindh,Karachi,ssp245,63.0
2032-10,Sindh,Karachi,ssp245,60.3
2032-11,Sindh,Karachi,ssp245,56.0
2032-12,Sindh,Karachi,ssp245,70.6
2033-01,Sindh,Karachi,ssp245,95.6
2033-02,Sindh,Karachi,ssp245,96.2
2033-03,Sindh,Karachi,ssp245,106.0
2033-04,Sindh,Karachi,ssp245,106.9
2033-05,Sindh,Karachi,ssp245,114.3
2033-06,Sindh,Karachi,ssp245,91.1
2033-07,Sindh,Karachi,ssp245,93.2
2033-08,Sindh,Karachi,ssp245,64.8
2033-09,Sindh,Karachi,ssp245,54.4
2033-10,Sindh,Karachi,ssp245,61.7
2033-11,Sindh,Karachi,ssp245,64.6
2033-12,Sindh,Karachi,ssp245,75.5
2034-01,Sindh,Karachi,ssp245,94.9
2034-02,Sindh,Karachi,ssp245,95.4
2034-03,Sindh,Karachi,ssp245,112.2
2034-04,Sindh,Karachi,ssp245,104.3
2034-05,Sindh,Karachi,ssp245,119.2
2034-06,Sindh,Karachi,ssp245,104.6
2034-07,Sindh,Karachi,ssp245,91.0
2034-08,Sindh,Karachi,ssp245,75.2
2034-09,Sindh,Karachi,ssp245,57.7
2034-10,Sindh,Karachi,ssp245,58.2
2034-11,Sindh,Karachi,ssp245,68.7
2034-12,Sindh,Karachi,ssp245,73.8
2035-01,Sindh,Karachi,ssp245,88.0
2035-02,Sindh,Karachi,ssp245,88.4
2035-03,Sindh,Karachi,ssp245,110.9
2035-04,Sindh,Karachi,ssp245,107.1
2035-05,Sindh,Karachi,ssp245,100.4
2035-06,Sindh,Karachi,ssp245,98.9
2035-07,Sindh,Karachi,ssp245,71.8
2035-08,Sindh,Karachi,ssp245,80.5
2035-09,Sindh,Karachi,ssp245,72.4
2035-10,Sindh,Karachi,ssp245,61.4
2035-11,Sindh,Karachi,ssp245,57.1
2035-12,Sindh,Karachi,ssp245,67.0
2036-01,Sindh,Karachi,ssp245,86.6
2036-02,Sindh,Karachi,ssp245,80.4
2036-03,Sindh,Karachi,ssp245,111.9
2036-04,Sindh,Karachi,ssp245,119.5
2036-05,Sindh,Karachi,ssp245,107.9
2036-06,Sindh,Karachi,ssp245,97.0
2036-07,Sindh,Karachi,ssp245,89.9
2036-08,Sindh,Karachi,ssp245,78.5
2036-09,Sindh,Karachi,ssp245,75.4
2036-10,Sindh,Karachi,ssp245,63.0
2036-11,Sindh,Karachi,ssp245,60.6
2036-12,Sindh,Karachi,ssp245,72.0
2037-01,Sindh,Karachi,ssp245,90.4
2037-02,Sindh,Karachi,ssp245,114.9
2037-03,Sindh,Karachi,ssp245,108.6
2037-04,Sindh,Karachi,ssp245,106.0
2037-05,Sindh,Karachi,ssp245,104.1
2037-06,Sindh,Karachi,ssp245,84.5
2037-07,Sindh,Karachi,ssp245,92.1
2037-08,Sindh,Karachi,ssp245,65.1
2037-09,Sindh,Karachi,ssp245,56.8
2037-10,Sindh,Karachi,ssp245,47.2
2037-11,Sindh,Karachi,ssp245,57.9
2037-12,Sindh,Karachi,ssp245,81.6
2038-01,Sindh,Karachi,ssp245,78.8
2038-02,Sindh,Karachi,ssp245,88.0
2038-03,Sindh,Karachi,ssp245,113.8
2038-04,Sindh,Karachi,ssp245,112.9
2038-05,Sindh,Karachi,ssp245,116.1
2038-06,Sindh,Karachi,ssp245,109.3
2038-07,Sindh,Karachi,ssp245,90.2
2038-08,Sindh,Karachi,ssp245,66.6
2038-09,Sindh,Karachi,ssp245,67.1
2038-10,Sindh,Karachi,ssp245,69.0
2038-11,Sindh,Karachi,ssp245,63.4
2038-12,Sindh,Karachi,ssp245,65.7
2039-01,Sindh,Karachi,ssp245,100.1
2039-02,Sindh,Karachi,ssp245,100.2
2039-03,Sindh,Karachi,ssp245,109.8
2039-04,Sindh,Karachi,ssp245,116.9
2039-05,Sindh,Karachi,ssp245,122.1
2039-06,Sindh,Karachi,ssp245,106.3
2039-07,Sindh,Karachi,ssp245,88.4
2039-08,Sindh,Karachi,ssp245,84.2
2039-09,Sindh,Karachi,ssp245,87.2
2039-10,Sindh,Karachi,ssp245,77.4
2039-11,Sindh,Karachi,ssp245,74.9
2039-12,Sindh,Karachi,ssp245,69.3
2040-01,Sindh,Karachi,ssp245,123.3
2040-02,Sindh,Karachi,ssp245,94.6
2040-03,Sindh,Karachi,ssp245,111.1
2040-04,Sindh,Karachi,ssp245,111.8
2040-05,Sindh,Karachi,ssp245,128.1
2040-06,Sindh,Karachi,ssp245,108.5
2040-07,Sindh,Karachi,ssp245,80.2
2040-08,Sindh,Karachi,ssp245,81.7
2040-09,Sindh,Karachi,ssp245,74.7
2040-10,Sindh,Karachi,ssp245,64.0
2040-11,Sindh,Karachi,ssp245,59.9
2040-12,Sindh,Karachi,ssp245,73.6
2041-01,Sindh,Karachi,ssp245,89.0
2041-02,Sindh,Karachi,ssp245,105.8
2041-03,Sindh,Karachi,ssp245,110.8
2041-04,Sindh,Karachi,ssp245,124.9
2041-05,Sindh,Karachi,ssp245,107.3
2041-06,Sindh,Karachi,ssp245,91.4
2041-07,Sindh,Karachi,ssp245,86.9
2041-08,Sindh,Karachi,ssp245,91.7
2041-09,Sindh,Karachi,ssp245,66.2
2041-10,Sindh,Karachi,ssp245,87.4
2041-11,Sindh,Karachi,ssp245,75.3
2041-12,Sindh,Karachi,ssp245,70.9
2042-01,Sindh,Karachi,ssp245,86.6
2042-02,Sindh,Karachi,ssp245,108.7
2042-03,Sindh,Karachi,ssp245,106.2
2042-04,Sindh,Karachi,ssp245,139.6
2042-05,Sindh,Karachi,ssp245,107.9
2042-06,Sindh,Karachi,ssp245,112.7
2042-07,Sindh,Karachi,ssp245,106.4
2042-08,Sindh,Karachi,ssp245,80.4
2042-09,Sindh,Karachi,ssp245,63.6
2042-10,Sindh,Karachi,ssp245,66.3
2042-11,Sindh,Karachi,ssp245,75.2
2042-12,Sindh,Karachi,ssp245,89.0
2043-01,Sindh,Karachi,ssp245,95.1
2043-02,Sindh,Karachi,ssp245,95.8
2043-03,Sindh,Karachi,ssp245,117.4
2043-04,Sindh,Karachi,ssp245,114.9
2043-05,Sindh,Karachi,ssp245,98.8
2043-06,Sindh,Karachi,ssp245,102.0
2043-07,Sindh,Karachi,ssp245,83.0
2043-08,Sindh,Karachi,ssp245,87.2
2043-09,Sindh,Karachi,ssp245,89.3
2043-10,Sindh,Karachi,ssp245,85.2
2043-11,Sindh,Karachi,ssp245,68.3
2043-12,Sindh,Karachi,ssp245,78.7
2044-01,Sindh,Karachi,ssp245,101.4
2044-02,Sindh,Karachi,ssp245,117.5
2044-03,Sindh,Karachi,ssp245,114.5
2044-04,Sindh,Karachi,ssp245,120.4
2044-05,Sindh,Karachi,ssp245,136.8
2044-06,Sindh,Karachi,ssp245,107.9
2044-07,Sindh,Karachi,ssp245,92.0
2044-08,Sindh,Karachi,ssp245,84.3
2044-09,Sindh,Karachi,ssp245,78.8
2044-10,Sindh,Karachi,ssp245,61.9
2044-11,Sindh,Karachi,ssp245,72.0
2044-12,Sindh,Karachi,ssp245,73.7
2045-01,Sindh,Karachi,ssp245,94.2
2045-02,Sindh,Karachi,ssp245,125.3
2045-03,Sindh,Karachi,ssp245,125.2
2045-04,Sindh,Karachi,ssp245,121.7
2045-05,Sindh,Karachi,ssp245,111.3
2045-06,Sindh,Karachi,ssp245,107.2
2045-07,Sindh,Karachi,ssp245,105.9
2045-08,Sindh,Karachi,ssp245,79.5
2045-09,Sindh,Karachi,ssp245,87.1
2045-10,Sindh,Karachi,ssp245,59.9
2045-11,Sindh,Karachi,ssp245,72.6
2045-12,Sindh,Karachi,ssp245,99.2
2046-01,Sindh,Karachi,ssp245,80.6
2046-02,Sindh,Karachi,ssp245,120.5
2046-03,Sindh,Karachi,ssp245,104.3
2046-04,Sindh,Karachi,ssp245,122.7
2046-05,Sindh,Karachi,ssp245,118.7
2046-06,Sindh,Karachi,ssp245,117.7
2046-07,Sindh,Karachi,ssp245,71.4
2046-08,Sindh,Karachi,ssp245,69.0
2046-09,Sindh,Karachi,ssp245,71.1
2046-10,Sindh,Karachi,ssp245,72.8
2046-11,Sindh,Karachi,ssp245,68.5
2046-12,Sindh,Karachi,ssp245,83.6
2047-01,Sindh,Karachi,ssp245,88.5
2047-02,Sindh,Karachi,ssp245,108.0
2047-03,Sindh,Karachi,ssp245,113.8
2047-04,Sindh,Karachi,ssp245,126.5
2047-05,Sindh,Karachi,ssp245,126.0
2047-06,Sindh,Karachi,ssp245,123.8
2047-07,Sindh,Karachi,ssp245,93.4
2047-08,Sindh,Karachi,ssp245,83.5
2047-09,Sindh,Karachi,ssp245,77.2
2047-10,Sindh,Karachi,ssp245,70.9
2047-11,Sindh,Karachi,ssp245,76.5
2047-12,Sindh,Karachi,ssp245,73.3
2048-01,Sindh,Karachi,ssp245,102.5
2048-02,Sindh,Karachi,ssp245,104.7
2048-03,Sindh,Karachi,ssp245,113.8
2048-04,Sindh,Karachi,ssp245,112.0
2048-05,Sindh,Karachi,ssp245,131.8
2048-06,Sindh,Karachi,ssp245,111.5
2048-07,Sindh,Karachi,ssp245,109.6
2048-08,Sindh,Karachi,ssp245,89.4
2048-09,Sindh,Karachi,ssp245,63.4
2048-10,Sindh,Karachi,ssp245,65.2
2048-11,Sindh,Karachi,ssp245,84.3
2048-12,Sindh,Karachi,ssp245,81.0
2049-01,Sindh,Karachi,ssp245,91.2
2049-02,Sindh,Karachi,ssp245,111.8
2049-03,Sindh,Karachi,ssp245,121.3
2049-04,Sindh,Karachi,ssp245,117.8
2049-05,Sindh,Karachi,ssp245,120.2
2049-06,Sindh,Karachi,ssp245,109.6
2049-07,Sindh,Karachi,ssp245,79.0
2049-08,Sindh,Karachi,ssp245,92.3
2049-09,Sindh,Karachi,ssp245,71.9
2049-10,Sindh,Karachi,ssp245,86.3
2049-11,Sindh,Karachi,ssp245,69.2
2049-12,Sindh,Karachi,ssp245,75.1
2050-01,Sindh,Karachi,ssp245,111.3
2050-02,Sindh,Karachi,ssp245,100.9
2050-03,Sindh,Karachi,ssp245,118.4
2050-04,Sindh,Karachi,ssp245,132.4
2050-05,Sindh,Karachi,ssp245,121.2
2050-06,Sindh,Karachi,ssp245,100.7
2050-07,Sindh,Karachi,ssp245,103.4
2050-08,Sindh,Karachi,ssp245,87.4
2050-09,Sindh,Karachi,ssp245,90.5
2050-10,Sindh,Karachi,ssp245,81.3
2050-11,Sindh,Karachi,ssp245,105.4
2050-12,Sindh,Karachi,ssp245,75.5
2051-01,Sindh,Karachi,ssp245,102.1
2051-02,Sindh,Karachi,ssp245,106.3
2051-03,Sindh,Karachi,ssp245,134.5
2051-04,Sindh,Karachi,ssp245,135.2
2051-05,Sindh,Karachi,ssp245,131.3
2051-06,Sindh,Karachi,ssp245,109.0
2051-07,Sindh,Karachi,ssp245,96.5
2051-08,Sindh,Karachi,ssp245,72.9
2051-09,Sindh,Karachi,ssp245,95.0
2051-10,Sindh,Karachi,ssp245,81.5
2051-11,Sindh,Karachi,ssp245,78.6
2051-12,Sindh,Karachi,ssp245,98.2
2052-01,Sindh,Karachi,ssp245,109.6
2052-02,Sindh,Karachi,ssp245,124.4
2052-03,Sindh,Karachi,ssp245,112.0
2052-04,Sindh,Karachi,ssp245,123.2
2052-05,Sindh,Karachi,ssp245,127.5
2052-06,Sindh,Karachi,ssp245,119.5
2052-07,Sindh,Karachi,ssp245,111.8
2052-08,Sindh,Karachi,ssp245,82.4
2052-09,Sindh,Karachi,ssp245,82.7
2052-10,Sindh,Karachi,ssp245,96.8
2052-11,Sindh,Karachi,ssp245,87.6
2052-12,Sindh,Karachi,ssp245,98.6
2053-01,Sindh,Karachi,ssp245,104.0
2053-02,Sindh,Karachi,ssp245,123.6
2053-03,Sindh,Karachi,ssp245,141.9
2053-04,Sindh,Karachi,ssp245,131.1
2053-05,Sindh,Karachi,ssp245,137.1
2053-06,Sindh,Karachi,ssp245,110.1
2053-07,Sindh,Karachi,ssp245,109.7
2053-08,Sindh,Karachi,ssp245,99.5
2053-09,Sindh,Karachi,ssp245,76.2
2053-10,Sindh,Karachi,ssp245,88.4
2053-11,Sindh,Karachi,ssp245,77.0
2053-12,Sindh,Karachi,ssp245,85.4
2054-01,Sindh,Karachi,ssp245,105.2
2054-02,Sindh,Karachi,ssp245,134.4
2054-03,Sindh,Karachi,ssp245,130.2
2054-04,Sindh,Karachi,ssp245,139.0
2054-05,Sindh,Karachi,ssp245,121.6
2054-06,Sindh,Karachi,ssp245,119.1
2054-07,Sindh,Karachi,ssp245,95.7
2054-08,Sindh,Karachi,ssp245,88.0
2054-09,Sindh,Karachi,ssp245,90.5
2054-10,Sindh,Karachi,ssp245,79.8
2054-11,Sindh,Karachi,ssp245,95.9
2054-12,Sindh,Karachi,ssp245,91.5
2055-01,Sindh,Karachi,ssp245,104.5
2055-02,Sindh,Karachi,ssp245,129.8
2055-03,Sindh,Karachi,ssp245,123.1
2055-04,Sindh,Karachi,ssp245,119.3
2055-05,Sindh,Karachi,ssp245,139.7
2055-06,Sindh,Karachi,ssp245,122.9
2055-07,Sindh,Karachi,ssp245,88.4
2055-08,Sindh,Karachi,ssp245,94.2
2055-09,Sindh,Karachi,ssp245,81.1
2055-10,Sindh,Karachi,ssp245,95.8
2055-11,Sindh,Karachi,ssp245,78.5
2055-12,Sindh,Karachi,ssp245,89.2
2056-01,Sindh,Karachi,ssp245,99.4
2056-02,Sindh,Karachi,ssp245,111.2
2056-03,Sindh,Karachi,ssp245,123.6
2056-04,Sindh,Karachi,ssp245,121.0
2056-05,Sindh,Karachi,ssp245,121.0
2056-06,Sindh,Karachi,ssp245,106.8
2056-07,Sindh,Karachi,ssp245,95.0
2056-08,Sindh,Karachi,ssp245,81.6
2056-09,Sindh,Karachi,ssp245,81.0
2056-10,Sindh,Karachi,ssp245,76.3
2056-11,Sindh,Karachi,ssp245,75.3
2056-12,Sindh,Karachi,ssp245,99.1
2057-01,Sindh,Karachi,ssp245,107.6
2057-02,Sindh,Karachi,ssp245,117.4
2057-03,Sindh,Karachi,ssp245,126.6
2057-04,Sindh,Karachi,ssp245,147.5
2057-05,Sindh,Karachi,ssp245,132.7
2057-06,Sindh,Karachi,ssp245,125.3
2057-07,Sindh,Karachi,ssp245,86.7
2057-08,Sindh,Karachi,ssp245,90.2
2057-09,Sindh,Karachi,ssp245,68.1
2057-10,Sindh,Karachi,ssp245,79.4
2057-11,Sindh,Karachi,ssp245,89.7
2057-12,Sindh,Karachi,ssp245,90.4
2058-01,Sindh,Karachi,ssp245,113.4
2058-02,Sindh,Karachi,ssp245,113.3
2058-03,Sindh,Karachi,ssp245,136.3
2058-04,Sindh,Karachi,ssp245,121.9
2058-05,Sindh,Karachi,ssp245,129.4
2058-06,Sindh,Karachi,ssp245,125.8
2058-07,Sindh,Karachi,ssp245,114.0
2058-08,Sindh,Karachi,ssp245,95.6
2058-09,Sindh,Karachi,ssp245,103.7
2058-10,Sindh,Karachi,ssp245,80.5
2058-11,Sindh,Karachi,ssp245,83.7
2058-12,Sindh,Karachi,ssp245,73.8
2059-01,Sindh,Karachi,ssp245,124.9
2059-02,Sindh,Karachi,ssp245,119.8
2059-03,Sindh,Karachi,ssp245,122.5
2059-04,Sindh,Karachi,ssp245,147.1
2059-05,Sindh,Karachi,ssp245,143.0
2059-06,Sindh,Karachi,ssp245,124.2
2059-07,Sindh,Karachi,ssp245,98.4
2059-08,Sindh,Karachi,ssp245,101.2
2059-09,Sindh,Karachi,ssp245,83.1
2059-10,Sindh,Karachi,ssp245,75.1
2059-11,Sindh,Karachi,ssp245,97.3
2059-12,Sindh,Karachi,ssp245,80.0
2060-01,Sindh,Karachi,ssp245,115.7
2060-02,Sindh,Karachi,ssp245,127.8
2060-03,Sindh,Karachi,ssp245,150.7
2060-04,Sindh,Karachi,ssp245,139.7
2060-05,Sindh,Karachi,ssp245,116.2
2060-06,Sindh,Karachi,ssp245,117.2
2060-07,Sindh,Karachi,ssp245,112.0
2060-08,Sindh,Karachi,ssp245,101.6
2060-09,Sindh,Karachi,ssp245,97.5
2060-10,Sindh,Karachi,ssp245,69.4
2060-11,Sindh,Karachi,ssp245,86.6
2060-12,Sindh,Karachi,ssp245,107.1
2061-01,Sindh,Karachi,ssp245,124.9
2061-02,Sindh,Karachi,ssp245,140.5
2061-03,Sindh,Karachi,ssp245,131.1
2061-04,Sindh,Karachi,ssp245,147.1
2061-05,Sindh,Karachi,ssp245,148.9
2061-06,Sindh,Karachi,ssp245,135.3
2061-07,Sindh,Karachi,ssp245,118.5
2061-08,Sindh,Karachi,ssp245,106.5
2061-09,Sindh,Karachi,ssp245,83.6
2061-10,Sindh,Karachi,ssp245,74.7
2061-11,Sindh,Karachi,ssp245,98.7
2061-12,Sindh,Karachi,ssp245,97.0
2062-01,Sindh,Karachi,ssp245,112.6
2062-02,Sindh,Karachi,ssp245,120.9
2062-03,Sindh,Karachi,ssp245,132.0
2062-04,Sindh,Karachi,ssp245,140.8
2062-05,Sindh,Karachi,ssp245,126.9
2062-06,Sindh,Karachi,ssp245,126.7
2062-07,Sindh,Karachi,ssp245,115.4
2062-08,Sindh,Karachi,ssp245,99.9
2062-09,Sindh,Karachi,ssp245,84.9
2062-10,Sindh,Karachi,ssp245,94.4
2062-11,Sindh,Karachi,ssp245,107.1
2062-12,Sindh,Karachi,ssp245,95.8
2063-01,Sindh,Karachi,ssp245,124.2
2063-02,Sindh,Karachi,ssp245,134.3
2063-03,Sindh,Karachi,ssp245,113.9
2063-04,Sindh,Karachi,ssp245,133.4
2063-05,Sindh,Karachi,ssp245,131.1
2063-06,Sindh,Karachi,ssp245,133.7
2063-07,Sindh,Karachi,ssp245,115.9
2063-08,Sindh,Karachi,ssp245,105.5
2063-09,Sindh,Karachi,ssp245,97.5
2063-10,Sindh,Karachi,ssp245,81.2
2063-11,Sindh,Karachi,ssp245,86.0
2063-12,Sindh,Karachi,ssp245,91.5
2064-01,Sindh,Karachi,ssp245,113.3
2064-02,Sindh,Karachi,ssp245,126.7
2064-03,Sindh,Karachi,ssp245,138.7
2064-04,Sindh,Karachi,ssp245,134.6
2064-05,Sindh,Karachi,ssp245,145.0
2064-06,Sindh,Karachi,ssp245,135.8
2064-07,Sindh,Karachi,ssp245,128.3
2064-08,Sindh,Karachi,ssp245,108.4
2064-09,Sindh,Karachi,ssp245,94.7
2064-10,Sindh,Karachi,ssp245,95.4
2064-11,Sindh,Karachi,ssp245,98.4
2064-12,Sindh,Karachi,ssp245,97.3
2065-01,Sindh,Karachi,ssp245,126.6
2065-02,Sindh,Karachi,ssp245,143.2
2065-03,Sindh,Karachi,ssp245,154.8
2065-04,Sindh,Karachi,ssp245,142.0
2065-05,Sindh,Karachi,ssp245,141.1
2065-06,Sindh,Karachi,ssp245,132.5
2065-07,Sindh,Karachi,ssp245,116.2
2065-08,Sindh,Karachi,ssp245,108.6
2065-09,Sindh,Karachi,ssp245,93.0
2065-10,Sindh,Karachi,ssp245,89.1
2065-11,Sindh,Karachi,ssp245,109.0
2065-12,Sindh,Karachi,ssp245,105.1
2066-01,Sindh,Karachi,ssp245,117.3
2066-02,Sindh,Karachi,ssp245,137.1
2066-03,Sindh,Karachi,ssp245,140.4
2066-04,Sindh,Karachi,ssp245,145.1
2066-05,Sindh,Karachi,ssp245,138.8
2066-06,Sindh,Karachi,ssp245,119.7
2066-07,Sindh,Karachi,ssp245,116.9
2066-08,Sindh,Karachi,ssp245,94.8
2066-09,Sindh,Karachi,ssp245,96.8
2066-10,Sindh,Karachi,ssp245,81.7
2066-11,Sindh,Karachi,ssp245,102.9
2066-12,Sindh,Karachi,ssp245,111.0
2067-01,Sindh,Karachi,ssp245,120.0
2067-02,Sindh,Karachi,ssp245,129.8
2067-03,Sindh,Karachi,ssp245,143.6
2067-04,Sindh,Karachi,ssp245,127.1
2067-05,Sindh,Karachi,ssp245,131.0
2067-06,Sindh,Karachi,ssp245,129.7
2067-07,Sindh,Karachi,ssp245,121.0
2067-08,Sindh,Karachi,ssp245,104.7
2067-09,Sindh,Karachi,ssp245,87.5
2067-10,Sindh,Karachi,ssp245,93.7
2067-11,Sindh,Karachi,ssp245,92.3
2067-12,Sindh,Karachi,ssp245,96.6
2068-01,Sindh,Karachi,ssp245,121.4
2068-02,Sindh,Karachi,ssp245,129.8
2068-03,Sindh,Karachi,ssp245,151.1
2068-04,Sindh,Karachi,ssp245,150.2
2068-05,Sindh,Karachi,ssp245,147.4
2068-06,Sindh,Karachi,ssp245,134.6
2068-07,Sindh,Karachi,ssp245,112.0
2068-08,Sindh,Karachi,ssp245,98.4
2068-09,Sindh,Karachi,ssp245,84.6
2068-10,Sindh,Karachi,ssp245,117.8
2068-11,Sindh,Karachi,ssp245,88.0
2068-12,Sindh,Karachi,ssp245,104.8
2069-01,Sindh,Karachi,ssp245,116.5
2069-02,Sindh,Karachi,ssp245,130.2
2069-03,Sindh,Karachi,ssp245,137.1
2069-04,Sindh,Karachi,ssp245,129.8
2069-05,Sindh,Karachi,ssp245,133.8
2069-06,Sindh,Karachi,ssp245,121.1
2069-07,Sindh,Karachi,ssp245,119.0
2069-08,Sindh,Karachi,ssp245,101.5
2069-09,Sindh,Karachi,ssp245,92.1
2069-10,Sindh,Karachi,ssp245,96.4
2069-11,Sindh,Karachi,ssp245,93.2
2069-12,Sindh,Karachi,ssp245,115.4
2070-01,Sindh,Karachi,ssp245,117.3
2070-02,Sindh,Karachi,ssp245,135.4
2070-03,Sindh,Karachi,ssp245,131.8
2070-04,Sindh,Karachi,ssp245,152.1
2070-05,Sindh,Karachi,ssp245,139.7
2070-06,Sindh,Karachi,ssp245,137.2
2070-07,Sindh,Karachi,ssp245,123.8
2070-08,Sindh,Karachi,ssp245,106.8
2070-09,Sindh,Karachi,ssp245,100.7
2070-10,Sindh,Karachi,ssp245,92.3
2070-11,Sindh,Karachi,ssp245,110.4
2070-12,Sindh,Karachi,ssp245,116.4
2071-01,Sindh,Karachi,ssp245,125.6
2071-02,Sindh,Karachi,ssp245,124.5
2071-03,Sindh,Karachi,ssp245,134.7
2071-04,Sindh,Karachi,ssp245,141.9
2071-05,Sindh,Karachi,ssp245,142.0
2071-06,Sindh,Karachi,ssp245,138.5
2071-07,Sindh,Karachi,ssp245,114.4
2071-08,Sindh,Karachi,ssp245,119.1
2071-09,Sindh,Karachi,ssp245,99.9
2071-10,Sindh,Karachi,ssp245,79.5
2071-11,Sindh,Karachi,ssp245,96.0
2071-12,Sindh,Karachi,ssp245,87.7
2072-01,Sindh,Karachi,ssp245,116.1
2072-02,Sindh,Karachi,ssp245,130.8
2072-03,Sindh,Karachi,ssp245,139.8
2072-04,Sindh,Karachi,ssp245,145.7
2072-05,Sindh,Karachi,ssp245,141.7
2072-06,Sindh,Karachi,ssp245,130.7
2072-07,Sindh,Karachi,ssp245,135.6
2072-08,Sindh,Karachi,ssp245,120.4
2072-09,Sindh,Karachi,ssp245,91.2
2072-10,Sindh,Karachi,ssp245,108.0
2072-11,Sindh,Karachi,ssp245,87.3
2072-12,Sindh,Karachi,ssp245,103.6
2073-01,Sindh,Karachi,ssp245,136.3
2073-02,Sindh,Karachi,ssp245,117.5
2073-03,Sindh,Karachi,ssp245,150.7
2073-04,Sindh,Karachi,ssp245,138.8
2073-05,Sindh,Karachi,ssp245,144.8
2073-06,Sindh,Karachi,ssp245,135.2
2073-07,Sindh,Karachi,ssp245,138.2
2073-08,Sindh,Karachi,ssp245,104.3
2073-09,Sindh,Karachi,ssp245,101.2
2073-10,Sindh,Karachi,ssp245,103.7
2073-11,Sindh,Karachi,ssp245,99.8
2073-12,Sindh,Karachi,ssp245,104.5
2074-01,Sindh,Karachi,ssp245,123.9
2074-02,Sindh,Karachi,ssp245,138.1
2074-03,Sindh,Karachi,ssp245,154.3
2074-04,Sindh,Karachi,ssp245,142.4
2074-05,Sindh,Karachi,ssp245,143.2
2074-06,Sindh,Karachi,ssp245,140.4
2074-07,Sindh,Karachi,ssp245,123.4
2074-08,Sindh,Karachi,ssp245,110.5
2074-09,Sindh,Karachi,ssp245,102.6
2074-10,Sindh,Karachi,ssp245,93.5
2074-11,Sindh,Karachi,ssp245,96.1
2074-12,Sindh,Karachi,ssp245,116.1
2075-01,Sindh,Karachi,ssp245,116.1
2075-02,Sindh,Karachi,ssp245,148.1
2075-03,Sindh,Karachi,ssp245,149.6
2075-04,Sindh,Karachi,ssp245,140.6
2075-05,Sindh,Karachi,ssp245,150.3
2075-06,Sindh,Karachi,ssp245,140.0
2075-07,Sindh,Karachi,ssp245,132.2
2075-08,Sindh,Karachi,ssp245,122.8
2075-09,Sindh,Karachi,ssp245,100.6
2075-10,Sindh,Karachi,ssp245,94.3
2075-11,Sindh,Karachi,ssp245,98.7
2075-12,Sindh,Karachi,ssp245,105.1
2076-01,Sindh,Karachi,ssp245,120.0
2076-02,Sindh,Karachi,ssp245,141.6
2076-03,Sindh,Karachi,ssp245,148.9
2076-04,Sindh,Karachi,ssp245,148.1
2076-05,Sindh,Karachi,ssp245,142.7
2076-06,Sindh,Karachi,ssp245,142.5
2076-07,Sindh,Karachi,ssp245,122.5
2076-08,Sindh,Karachi,ssp245,105.2
2076-09,Sindh,Karachi,ssp245,103.3
2076-10,Sindh,Karachi,ssp245,99.0
2076-11,Sindh,Karachi,ssp245,95.8
2076-12,Sindh,Karachi,ssp245,121.3
2077-01,Sindh,Karachi,ssp245,134.4
2077-02,Sindh,Karachi,ssp245,140.5
2077-03,Sindh,Karachi,ssp245,150.8
2077-04,Sindh,Karachi,ssp245,157.7
2077-05,Sindh,Karachi,ssp245,149.6
2077-06,Sindh,Karachi,ssp245,148.0
2077-07,Sindh,Karachi,ssp245,141.7
2077-08,Sindh,Karachi,ssp245,115.6
2077-09,Sindh,Karachi,ssp245,109.3
2077-10,Sindh,Karachi,ssp245,109.6
2077-11,Sindh,Karachi,ssp245,102.9
2077-12,Sindh,Karachi,ssp245,105.7
2078-01,Sindh,Karachi,ssp245,135.8
2078-02,Sindh,Karachi,ssp245,127.9
2078-03,Sindh,Karachi,ssp245,165.7
2078-04,Sindh,Karachi,ssp245,161.5
2078-05,Sindh,Karachi,ssp245,152.4
2078-06,Sindh,Karachi,ssp245,141.9
2078-07,Sindh,Karachi,ssp245,143.4
2078-08,Sindh,Karachi,ssp245,107.9
2078-09,Sindh,Karachi,ssp245,96.8
2078-10,Sindh,Karachi,ssp245,98.1
2078-11,Sindh,Karachi,ssp245,104.5
2078-12,Sindh,Karachi,ssp245,107.7
2079-01,Sindh,Karachi,ssp245,130.5
2079-02,Sindh,Karachi,ssp245,143.3
2079-03,Sindh,Karachi,ssp245,144.8
2079-04,Sindh,Karachi,ssp245,168.7
2079-05,Sindh,Karachi,ssp245,140.1
2079-06,Sindh,Karachi,ssp245,131.7
2079-07,Sindh,Karachi,ssp245,132.8
2079-08,Sindh,Karachi,ssp245,115.1
2079-09,Sindh,Karachi,ssp245,111.0
2079-10,Sindh,Karachi,ssp245,98.9
2079-11,Sindh,Karachi,ssp245,99.0
2079-12,Sindh,Karachi,ssp245,111.7
2080-01,Sindh,Karachi,ssp245,124.4
2080-02,Sindh,Karachi,ssp245,147.5
2080-03,Sindh,Karachi,ssp245,148.5
2080-04,Sindh,Karachi,ssp245,162.5
2080-05,Sindh,Karachi,ssp245,157.7
2080-06,Sindh,Karachi,ssp245,152.2
2080-07,Sindh,Karachi,ssp245,138.2
2080-08,Sindh,Karachi,ssp245,124.4
2080-09,Sindh,Karachi,ssp245,115.0
2080-10,Sindh,Karachi,ssp245,100.7
2080-11,Sindh,Karachi,ssp245,106.4
2080-12,Sindh,Karachi,ssp245,102.7
2081-01,Sindh,Karachi,ssp245,133.5
2081-02,Sindh,Karachi,ssp245,138.4
2081-03,Sindh,Karachi,ssp245,156.9
2081-04,Sindh,Karachi,ssp245,161.5
2081-05,Sindh,Karachi,ssp245,142.3
2081-06,Sindh,Karachi,ssp245,135.8
2081-07,Sindh,Karachi,ssp245,128.6
2081-08,Sindh,Karachi,ssp245,114.4
2081-09,Sindh,Karachi,ssp245,110.8
2081-10,Sindh,Karachi,ssp245,96.3
2081-11,Sindh,Karachi,ssp245,110.0
2081-12,Sindh,Karachi,ssp245,104.9
2082-01,Sindh,Karachi,ssp245,113.9
2082-02,Sindh,Karachi,ssp245,151.0
2082-03,Sindh,Karachi,ssp245,143.5
2082-04,Sindh,Karachi,ssp245,153.3
2082-05,Sindh,Karachi,ssp245,142.7
2082-06,Sindh,Karachi,ssp245,133.5
2082-07,Sindh,Karachi,ssp245,129.2
2082-08,Sindh,Karachi,ssp245,116.3
2082-09,Sindh,Karachi,ssp245,118.7
2082-10,Sindh,Karachi,ssp245,110.8
2082-11,Sindh,Karachi,ssp245,108.3
2082-12,Sindh,Karachi,ssp245,126.4
2083-01,Sindh,Karachi,ssp245,142.4
2083-02,Sindh,Karachi,ssp245,149.4
2083-03,Sindh,Karachi,ssp245,152.0
2083-04,Sindh,Karachi,ssp245,167.6
2083-05,Sindh,Karachi,ssp245,170.5
2083-06,Sindh,Karachi,ssp245,151.8
2083-07,Sindh,Karachi,ssp245,148.4
2083-08,Sindh,Karachi,ssp245,128.5
2083-09,Sindh,Karachi,ssp245,118.5
2083-10,Sindh,Karachi,ssp245,98.8
2083-11,Sindh,Karachi,ssp245,102.1
2083-12,Sindh,Karachi,ssp245,120.6
2084-01,Sindh,Karachi,ssp245,119.9
2084-02,Sindh,Karachi,ssp245,141.9
2084-03,Sindh,Karachi,ssp245,163.7
2084-04,Sindh,Karachi,ssp245,154.4
2084-05,Sindh,Karachi,ssp245,161.1
2084-06,Sindh,Karachi,ssp245,135.9
2084-07,Sindh,Karachi,ssp245,130.3
2084-08,Sindh,Karachi,ssp245,130.3
2084-09,Sindh,Karachi,ssp245,114.1
2084-10,Sindh,Karachi,ssp245,111.4
2084-11,Sindh,Karachi,ssp245,126.8
2084-12,Sindh,Karachi,ssp245,132.9
2085-01,Sindh,Karachi,ssp245,127.5
2085-02,Sindh,Karachi,ssp245,159.0
2085-03,Sindh,Karachi,ssp245,152.2
2085-04,Sindh,Karachi,ssp245,160.8
2085-05,Sindh,Karachi,ssp245,157.7
2085-06,Sindh,Karachi,ssp245,157.2
2085-07,Sindh,Karachi,ssp245,125.9
2085-08,Sindh,Karachi,ssp245,126.4
2085-09,Sindh,Karachi,ssp245,117.7
2085-10,Sindh,Karachi,ssp245,116.7
2085-11,Sindh,Karachi,ssp245,111.7
2085-12,Sindh,Karachi,ssp245,131.4
2086-01,Sindh,Karachi,ssp245,129.9
2086-02,Sindh,Karachi,ssp245,158.5
2086-03,Sindh,Karachi,ssp245,161.3
2086-04,Sindh,Karachi,ssp245,150.1
2086-05,Sindh,Karachi,ssp245,161.9
2086-06,Sindh,Karachi,ssp245,150.7
2086-07,Sindh,Karachi,ssp245,133.4
2086-08,Sindh,Karachi,ssp245,117.4
2086-09,Sindh,Karachi,ssp245,112.2
2086-10,Sindh,Karachi,ssp245,98.7
2086-11,Sindh,Karachi,ssp245,128.6
2086-12,Sindh,Karachi,ssp245,114.4
2087-01,Sindh,Karachi,ssp245,131.3
2087-02,Sindh,Karachi,ssp245,159.4
2087-03,Sindh,Karachi,ssp245,164.2
2087-04,Sindh,Karachi,ssp245,168.9
2087-05,Sindh,Karachi,ssp245,172.2
2087-06,Sindh,Karachi,ssp245,147.5
2087-07,Sindh,Karachi,ssp245,128.5
2087-08,Sindh,Karachi,ssp245,131.6
2087-09,Sindh,Karachi,ssp245,121.9
2087-10,Sindh,Karachi,ssp245,109.1
2087-11,Sindh,Karachi,ssp245,104.7
2087-12,Sindh,Karachi,ssp245,135.3
2088-01,Sindh,Karachi,ssp245,142.7
2088-02,Sindh,Karachi,ssp245,139.2
2088-03,Sindh,Karachi,ssp245,166.8
2088-04,Sindh,Karachi,ssp245,151.7
2088-05,Sindh,Karachi,ssp245,156.4
2088-06,Sindh,Karachi,ssp245,141.6
2088-07,Sindh,Karachi,ssp245,132.9
2088-08,Sindh,Karachi,ssp245,118.5
2088-09,Sindh,Karachi,ssp245,111.0
2088-10,Sindh,Karachi,ssp245,118.9
2088-11,Sindh,Karachi,ssp245,118.8
2088-12,Sindh,Karachi,ssp245,131.1
2089-01,Sindh,Karachi,ssp245,148.0
2089-02,Sindh,Karachi,ssp245,148.6
2089-03,Sindh,Karachi,ssp245,161.9
2089-04,Sindh,Karachi,ssp245,169.3
2089-05,Sindh,Karachi,ssp245,175.8
2089-06,Sindh,Karachi,ssp245,159.6
2089-07,Sindh,Karachi,ssp245,150.9
2089-08,Sindh,Karachi,ssp245,135.0
2089-09,Sindh,Karachi,ssp245,126.0
2089-10,Sindh,Karachi,ssp245,98.7
2089-11,Sindh,Karachi,ssp245,124.7
2089-12,Sindh,Karachi,ssp245,128.6
2090-01,Sindh,Karachi,ssp245,140.2
2090-02,Sindh,Karachi,ssp245,148.2
2090-03,Sindh,Karachi,ssp245,158.6
2090-04,Sindh,Karachi,ssp245,169.2
2090-05,Sindh,Karachi,ssp245,169.4
2090-06,Sindh,Karachi,ssp245,140.4
2090-07,Sindh,Karachi,ssp245,142.0
2090-08,Sindh,Karachi,ssp245,122.7
2090-09,Sindh,Karachi,ssp245,110.1
2090-10,Sindh,Karachi,ssp245,118.0
2090-11,Sindh,Karachi,ssp245,115.5
2090-12,Sindh,Karachi,ssp245,122.2
2091-01,Sindh,Karachi,ssp245,134.2
2091-02,Sindh,Karachi,ssp245,156.0
2091-03,Sindh,Karachi,ssp245,163.1
2091-04,Sindh,Karachi,ssp245,157.5
2091-05,Sindh,Karachi,ssp245,156.2
2091-06,Sindh,Karachi,ssp245,152.4
2091-07,Sindh,Karachi,ssp245,144.6
2091-08,Sindh,Karachi,ssp245,119.5
2091-09,Sindh,Karachi,ssp245,123.1
2091-10,Sindh,Karachi,ssp245,108.7
2091-11,Sindh,Karachi,ssp245,142.2
2091-12,Sindh,Karachi,ssp245,120.8
2092-01,Sindh,Karachi,ssp245,135.0
2092-02,Sindh,Karachi,ssp245,156.2
2092-03,Sindh,Karachi,ssp245,156.5
2092-04,Sindh,Karachi,ssp245,174.6
2092-05,Sindh,Karachi,ssp245,179.4
2092-06,Sindh,Karachi,ssp245,151.7
2092-07,Sindh,Karachi,ssp245,143.6
2092-08,Sindh,Karachi,ssp245,125.0
2092-09,Sindh,Karachi,ssp245,120.0
2092-10,Sindh,Karachi,ssp245,128.7
2092-11,Sindh,Karachi,ssp245,127.7
2092-12,Sindh,Karachi,ssp245,122.0
2093-01,Sindh,Karachi,ssp245,155.6
2093-02,Sindh,Karachi,ssp245,165.4
2093-03,Sindh,Karachi,ssp245,169.2
2093-04,Sindh,Karachi,ssp245,163.0
2093-05,Sindh,Karachi,ssp245,165.8
2093-06,Sindh,Karachi,ssp245,149.2
2093-07,Sindh,Karachi,ssp245,147.0
2093-08,Sindh,Karachi,ssp245,127.6
2093-09,Sindh,Karachi,ssp245,102.1
2093-10,Sindh,Karachi,ssp245,125.4
2093-11,Sindh,Karachi,ssp245,122.7
2093-12,Sindh,Karachi,ssp245,139.7
2094-01,Sindh,Karachi,ssp245,142.4
2094-02,Sindh,Karachi,ssp245,158.1
2094-03,Sindh,Karachi,ssp245,175.4
2094-04,Sindh,Karachi,ssp245,172.8
2094-05,Sindh,Karachi,ssp245,168.6
2094-06,Sindh,Karachi,ssp245,183.9
2094-07,Sindh,Karachi,ssp245,142.6
2094-08,Sindh,Karachi,ssp245,132.7
2094-09,Sindh,Karachi,ssp245,136.5
2094-10,Sindh,Karachi,ssp245,111.8
2094-11,Sindh,Karachi,ssp245,113.3
2094-12,Sindh,Karachi,ssp245,119.5
2095-01,Sindh,Karachi,ssp245,149.0
2095-02,Sindh,Karachi,ssp245,162.8
2095-03,Sindh,Karachi,ssp245,173.2
2095-04,Sindh,Karachi,ssp245,159.1
2095-05,Sindh,Karachi,ssp245,175.6
2095-06,Sindh,Karachi,ssp245,167.9
2095-07,Sindh,Karachi,ssp245,144.2
2095-08,Sindh,Karachi,ssp245,132.5
2095-09,Sindh,Karachi,ssp245,128.6
2095-10,Sindh,Karachi,ssp245,122.6
2095-11,Sindh,Karachi,ssp245,128.4
2095-12,Sindh,Karachi,ssp245,123.4
2096-01,Sindh,Karachi,ssp245,144.0
2096-02,Sindh,Karachi,ssp245,148.2
2096-03,Sindh,Karachi,ssp245,173.3
2096-04,Sindh,Karachi,ssp245,175.9
2096-05,Sindh,Karachi,ssp245,167.3
2096-06,Sindh,Karachi,ssp245,161.3
2096-07,Sindh,Karachi,ssp245,132.9
2096-08,Sindh,Karachi,ssp245,140.4
2096-09,Sindh,Karachi,ssp245,119.9
2096-10,Sindh,Karachi,ssp245,121.5
2096-11,Sindh,Karachi,ssp245,133.4
2096-12,Sindh,Karachi,ssp245,127.1
2097-01,Sindh,Karachi,ssp245,156.5
2097-02,Sindh,Karachi,ssp245,160.4
2097-03,Sindh,Karachi,ssp245,169.1
2097-04,Sindh,Karachi,ssp245,177.1
2097-05,Sindh,Karachi,ssp245,158.6
2097-06,Sindh,Karachi,ssp245,164.7
2097-07,Sindh,Karachi,ssp245,147.4
2097-08,Sindh,Karachi,ssp245,142.9
2097-09,Sindh,Karachi,ssp245,123.0
2097-10,Sindh,Karachi,ssp245,118.4
2097-11,Sindh,Karachi,ssp245,128.1
2097-12,Sindh,Karachi,ssp245,134.0
2098-01,Sindh,Karachi,ssp245,137.5
2098-02,Sindh,Karachi,ssp245,158.7
2098-03,Sindh,Karachi,ssp245,180.5
2098-04,Sindh,Karachi,ssp245,172.6
2098-05,Sindh,Karachi,ssp245,162.7
2098-06,Sindh,Karachi,ssp245,166.7
2098-07,Sindh,Karachi,ssp245,132.3
2098-08,Sindh,Karachi,ssp245,117.2
2098-09,Sindh,Karachi,ssp245,125.7
2098-10,Sindh,Karachi,ssp245,123.9
2098-11,Sindh,Karachi,ssp245,127.8
2098-12,Sindh,Karachi,ssp245,127.9
2099-01,Sindh,Karachi,ssp245,147.1
2099-02,Sindh,Karachi,ssp245,149.5
2099-03,Sindh,Karachi,ssp245,172.7
2099-04,Sindh,Karachi,ssp245,160.7
2099-05,Sindh,Karachi,ssp245,169.7
2099-06,Sindh,Karachi,ssp245,163.8
2099-07,Sindh,Karachi,ssp245,134.0
2099-08,Sindh,Karachi,ssp245,131.7
2099-09,Sindh,Karachi,ssp245,133.3
2099-10,Sindh,Karachi,ssp245,136.4
2099-11,Sindh,Karachi,ssp245,114.2
2099-12,Sindh,Karachi,ssp245,139.2
2100-01,Sindh,Karachi,ssp245,138.9
2100-02,Sindh,Karachi,ssp245,150.9
2100-03,Sindh,Karachi,ssp245,185.2
2100-04,Sindh,Karachi,ssp245,180.9
2100-05,Sindh,Karachi,ssp245,165.2
2100-06,Sindh,Karachi,ssp245,164.4
2100-07,Sindh,Karachi,ssp245,155.2
2100-08,Sindh,Karachi,ssp245,138.5
2100-09,Sindh,Karachi,ssp245,146.6
2100-10,Sindh,Karachi,ssp245,129.4
2100-11,Sindh,Karachi,ssp245,102.6
2100-12,Sindh,Karachi,ssp245,134.9
2015-01,Sindh,Karachi,ssp585,61.2
2015-02,Sindh,Karachi,ssp585,78.9
2015-03,Sindh,Karachi,ssp585,90.4
2015-04,Sindh,Karachi,ssp585,88.1
2015-05,Sindh,Karachi,ssp585,80.9
2015-06,Sindh,Karachi,ssp585,93.4
2015-07,Sindh,Karachi,ssp585,73.9
2015-08,Sindh,Karachi,ssp585,49.9
2015-09,Sindh,Karachi,ssp585,52.6
2015-10,Sindh,Karachi,ssp585,49.3
2015-11,Sindh,Karachi,ssp585,58.1
2015-12,Sindh,Karachi,ssp585,47.0
2016-01,Sindh,Karachi,ssp585,76.4
2016-02,Sindh,Karachi,ssp585,77.0
2016-03,Sindh,Karachi,ssp585,102.3
2016-04,Sindh,Karachi,ssp585,93.9
2016-05,Sindh,Karachi,ssp585,72.0
2016-06,Sindh,Karachi,ssp585,83.3
2016-07,Sindh,Karachi,ssp585,54.4
2016-08,Sindh,Karachi,ssp585,55.6
2016-09,Sindh,Karachi,ssp585,47.7
2016-10,Sindh,Karachi,ssp585,41.3
2016-11,Sindh,Karachi,ssp585,35.3
2016-12,Sindh,Karachi,ssp585,48.1
2017-01,Sindh,Karachi,ssp585,63.6
2017-02,Sindh,Karachi,ssp585,81.9
2017-03,Sindh,Karachi,ssp585,105.1
2017-04,Sindh,Karachi,ssp585,103.6
2017-05,Sindh,Karachi,ssp585,89.7
2017-06,Sindh,Karachi,ssp585,96.0
2017-07,Sindh,Karachi,ssp585,59.7
2017-08,Sindh,Karachi,ssp585,65.3
2017-09,Sindh,Karachi,ssp585,48.3
2017-10,Sindh,Karachi,ssp585,48.7
2017-11,Sindh,Karachi,ssp585,55.9
2017-12,Sindh,Karachi,ssp585,53.7
2018-01,Sindh,Karachi,ssp585,79.9
2018-02,Sindh,Karachi,ssp585,85.7
2018-03,Sindh,Karachi,ssp585,116.8
2018-04,Sindh,Karachi,ssp585,96.2
2018-05,Sindh,Karachi,ssp585,106.9
2018-06,Sindh,Karachi,ssp585,92.1
2018-07,Sindh,Karachi,ssp585,63.2
2018-08,Sindh,Karachi,ssp585,73.0
2018-09,Sindh,Karachi,ssp585,42.1
2018-10,Sindh,Karachi,ssp585,28.4
2018-11,Sindh,Karachi,ssp585,59.5
2018-12,Sindh,Karachi,ssp585,71.0
2019-01,Sindh,Karachi,ssp585,74.9
2019-02,Sindh,Karachi,ssp585,85.1
2019-03,Sindh,Karachi,ssp585,111.1
2019-04,Sindh,Karachi,ssp585,107.0
2019-05,Sindh,Karachi,ssp585,91.5
2019-06,Sindh,Karachi,ssp585,94.5
2019-07,Sindh,Karachi,ssp585,64.2
2019-08,Sindh,Karachi,ssp585,57.6
2019-09,Sindh,Karachi,ssp585,43.9
2019-10,Sindh,Karachi,ssp585,30.4
2019-11,Sindh,Karachi,ssp585,43.1
2019-12,Sindh,Karachi,ssp585,74.0
2020-01,Sindh,Karachi,ssp585,66.4
2020-02,Sindh,Karachi,ssp585,84.2
2020-03,Sindh,Karachi,ssp585,88.4
2020-04,Sindh,Karachi,ssp585,110.0
2020-05,Sindh,Karachi,ssp585,99.0
2020-06,Sindh,Karachi,ssp585,94.1
2020-07,Sindh,Karachi,ssp585,76.0
2020-08,Sindh,Karachi,ssp585,53.8
2020-09,Sindh,Karachi,ssp585,46.3
2020-10,Sindh,Karachi,ssp585,59.1
2020-11,Sindh,Karachi,ssp585,54.7
2020-12,Sindh,Karachi,ssp585,71.7
2021-01,Sindh,Karachi,ssp585,49.6
2021-02,Sindh,Karachi,ssp585,100.7
2021-03,Sindh,Karachi,ssp585,96.0
2021-04,Sindh,Karachi,ssp585,123.3
2021-05,Sindh,Karachi,ssp585,96.1
2021-06,Sindh,Karachi,ssp585,91.6
2021-07,Sindh,Karachi,ssp585,84.5
2021-08,Sindh,Karachi,ssp585,58.1
2021-09,Sindh,Karachi,ssp585,64.4
2021-10,Sindh,Karachi,ssp585,47.6
2021-11,Sindh,Karachi,ssp585,68.4
2021-12,Sindh,Karachi,ssp585,73.5
2022-01,Sindh,Karachi,ssp585,83.9
2022-02,Sindh,Karachi,ssp585,86.1
2022-03,Sindh,Karachi,ssp585,100.2
2022-04,Sindh,Karachi,ssp585,108.3
2022-05,Sindh,Karachi,ssp585,84.2
2022-06,Sindh,Karachi,ssp585,88.1
2022-07,Sindh,Karachi,ssp585,88.7
2022-08,Sindh,Karachi,ssp585,56.3
2022-09,Sindh,Karachi,ssp585,69.7
2022-10,Sindh,Karachi,ssp585,49.4
2022-11,Sindh,Karachi,ssp585,61.5
2022-12,Sindh,Karachi,ssp585,57.9
2023-01,Sindh,Karachi,ssp585,85.5
2023-02,Sindh,Karachi,ssp585,98.3
2023-03,Sindh,Karachi,ssp585,113.9
2023-04,Sindh,Karachi,ssp585,119.4
2023-05,Sindh,Karachi,ssp585,115.2
2023-06,Sindh,Karachi,ssp585,96.6
2023-07,Sindh,Karachi,ssp585,71.1
2023-08,Sindh,Karachi,ssp585,81.1
2023-09,Sindh,Karachi,ssp585,48.4
2023-10,Sindh,Karachi,ssp585,52.8
2023-11,Sindh,Karachi,ssp585,66.8
2023-12,Sindh,Karachi,ssp585,73.8
2024-01,Sindh,Karachi,ssp585,97.0
2024-02,Sindh,Karachi,ssp585,95.8
2024-03,Sindh,Karachi,ssp585,90.4
2024-04,Sindh,Karachi,ssp585,106.6
2024-05,Sindh,Karachi,ssp585,107.3
2024-06,Sindh,Karachi,ssp585,93.3
2024-07,Sindh,Karachi,ssp585,96.3
2024-08,Sindh,Karachi,ssp585,68.7
2024-09,Sindh,Karachi,ssp585,48.9
2024-10,Sindh,Karachi,ssp585,62.5
2024-11,Sindh,Karachi,ssp585,51.7
2024-12,Sindh,Karachi,ssp585,86.7
2025-01,Sindh,Karachi,ssp585,86.9
2025-02,Sindh,Karachi,ssp585,85.0
2025-03,Sindh,Karachi,ssp585,116.7
2025-04,Sindh,Karachi,ssp585,131.8
2025-05,Sindh,Karachi,ssp585,89.5
2025-06,Sindh,Karachi,ssp585,106.1
2025-07,Sindh,Karachi,ssp585,89.7
2025-08,Sindh,Karachi,ssp585,74.2
2025-09,Sindh,Karachi,ssp585,66.4
2025-10,Sindh,Karachi,ssp585,64.4
2025-11,Sindh,Karachi,ssp585,57.5
2025-12,Sindh,Karachi,ssp585,85.8
2026-01,Sindh,Karachi,ssp585,74.2
2026-02,Sindh,Karachi,ssp585,116.7
2026-03,Sindh,Karachi,ssp585,122.4
2026-04,Sindh,Karachi,ssp585,101.8
2026-05,Sindh,Karachi,ssp585,109.0
2026-06,Sindh,Karachi,ssp585,112.4
2026-07,Sindh,Karachi,ssp585,82.7
2026-08,Sindh,Karachi,ssp585,72.9
2026-09,Sindh,Karachi,ssp585,61.4
2026-10,Sindh,Karachi,ssp585,72.1
2026-11,Sindh,Karachi,ssp585,59.9
2026-12,Sindh,Karachi,ssp585,74.8
2027-01,Sindh,Karachi,ssp585,92.7
2027-02,Sindh,Karachi,ssp585,99.1
2027-03,Sindh,Karachi,ssp585,102.8
2027-04,Sindh,Karachi,ssp585,102.1
2027-05,Sindh,Karachi,ssp585,97.2
2027-06,Sindh,Karachi,ssp585,91.0
2027-07,Sindh,Karachi,ssp585,73.4
2027-08,Sindh,Karachi,ssp585,69.5
2027-09,Sindh,Karachi,ssp585,69.4
2027-10,Sindh,Karachi,ssp585,63.9
2027-11,Sindh,Karachi,ssp585,59.6
2027-12,Sindh,Karachi,ssp585,67.5
2028-01,Sindh,Karachi,ssp585,80.7
2028-02,Sindh,Karachi,ssp585,90.2
2028-03,Sindh,Karachi,ssp585,101.1
2028-04,Sindh,Karachi,ssp585,122.1
2028-05,Sindh,Karachi,ssp585,99.9
2028-06,Sindh,Karachi,ssp585,103.3
2028-07,Sindh,Karachi,ssp585,84.9
2028-08,Sindh,Karachi,ssp585,99.3
2028-09,Sindh,Karachi,ssp585,52.4
2028-10,Sindh,Karachi,ssp585,66.8
2028-11,Sindh,Karachi,ssp585,65.7
2028-12,Sindh,Karachi,ssp585,71.4
2029-01,Sindh,Karachi,ssp585,94.1
2029-02,Sindh,Karachi,ssp585,105.6
2029-03,Sindh,Karachi,ssp585,104.3
2029-04,Sindh,Karachi,ssp585,121.2
2029-05,Sindh,Karachi,ssp585,117.6
2029-06,Sindh,Karachi,ssp585,116.5
2029-07,Sindh,Karachi,ssp585,86.7
2029-08,Sindh,Karachi,ssp585,92.4
2029-09,Sindh,Karachi,ssp585,68.3
2029-10,Sindh,Karachi,ssp585,49.2
2029-11,Sindh,Karachi,ssp585,75.0
2029-12,Sindh,Karachi,ssp585,79.2
2030-01,Sindh,Karachi,ssp585,85.1
2030-02,Sindh,Karachi,ssp585,114.3
2030-03,Sindh,Karachi,ssp585,111.3
2030-04,Sindh,Karachi,ssp585,128.2
2030-05,Sindh,Karachi,ssp585,115.1
2030-06,Sindh,Karachi,ssp585,113.2
2030-07,Sindh,Karachi,ssp585,99.8
2030-08,Sindh,Karachi,ssp585,85.2
2030-09,Sindh,Karachi,ssp585,62.6
2030-10,Sindh,Karachi,ssp585,76.6
2030-11,Sindh,Karachi,ssp585,72.2
2030-12,Sindh,Karachi,ssp585,99.4
2031-01,Sindh,Karachi,ssp585,98.9
2031-02,Sindh,Karachi,ssp585,114.3
2031-03,Sindh,Karachi,ssp585,110.4
2031-04,Sindh,Karachi,ssp585,117.2
2031-05,Sindh,Karachi,ssp585,118.3
2031-06,Sindh,Karachi,ssp585,97.8
2031-07,Sindh,Karachi,ssp585,85.0
2031-08,Sindh,Karachi,ssp585,81.7
2031-09,Sindh,Karachi,ssp585,72.7
2031-10,Sindh,Karachi,ssp585,71.9
2031-11,Sindh,Karachi,ssp585,83.7
2031-12,Sindh,Karachi,ssp585,79.7
2032-01,Sindh,Karachi,ssp585,102.4
2032-02,Sindh,Karachi,ssp585,108.0
2032-03,Sindh,Karachi,ssp585,117.1
2032-04,Sindh,Karachi,ssp585,124.7
2032-05,Sindh,Karachi,ssp585,100.7
2032-06,Sindh,Karachi,ssp585,110.5
2032-07,Sindh,Karachi,ssp585,91.4
2032-08,Sindh,Karachi,ssp585,76.1
2032-09,Sindh,Karachi,ssp585,58.3
2032-10,Sindh,Karachi,ssp585,67.9
2032-11,Sindh,Karachi,ssp585,58.7
2032-12,Sindh,Karachi,ssp585,92.7
2033-01,Sindh,Karachi,ssp585,95.8
2033-02,Sindh,Karachi,ssp585,96.0
2033-03,Sindh,Karachi,ssp585,114.6
2033-04,Sindh,Karachi,ssp585,130.9
2033-05,Sindh,Karachi,ssp585,115.5
2033-06,Sindh,Karachi,ssp585,109.0
2033-07,Sindh,Karachi,ssp585,95.5
2033-08,Sindh,Karachi,ssp585,84.9
2033-09,Sindh,Karachi,ssp585,61.6
2033-10,Sindh,Karachi,ssp585,73.1
2033-11,Sindh,Karachi,ssp585,72.1
2033-12,Sindh,Karachi,ssp585,112.9
2034-01,Sindh,Karachi,ssp585,97.8
2034-02,Sindh,Karachi,ssp585,108.6
2034-03,Sindh,Karachi,ssp585,131.0
2034-04,Sindh,Karachi,ssp585,124.4
2034-05,Sindh,Karachi,ssp585,124.8
2034-06,Sindh,Karachi,ssp585,105.4
2034-07,Sindh,Karachi,ssp585,114.3
2034-08,Sindh,Karachi,ssp585,82.2
2034-09,Sindh,Karachi,ssp585,81.8
2034-10,Sindh,Karachi,ssp585,85.2
2034-11,Sindh,Karachi,ssp585,76.0
2034-12,Sindh,Karachi,ssp585,88.3
2035-01,Sindh,Karachi,ssp585,106.6
2035-02,Sindh,Karachi,ssp585,120.4
2035-03,Sindh,Karachi,ssp585,114.2
2035-04,Sindh,Karachi,ssp585,129.1
2035-05,Sindh,Karachi,ssp585,115.8
2035-06,Sindh,Karachi,ssp585,108.3
2035-07,Sindh,Karachi,ssp585,96.4
2035-08,Sindh,Karachi,ssp585,100.3
2035-09,Sindh,Karachi,ssp585,94.4
2035-10,Sindh,Karachi,ssp585,100.0
2035-11,Sindh,Karachi,ssp585,79.9
2035-12,Sindh,Karachi,ssp585,82.5
2036-01,Sindh,Karachi,ssp585,94.4
2036-02,Sindh,Karachi,ssp585,130.3
2036-03,Sindh,Karachi,ssp585,111.9
2036-04,Sindh,Karachi,ssp585,126.4
2036-05,Sindh,Karachi,ssp585,120.8
2036-06,Sindh,Karachi,ssp585,132.2
2036-07,Sindh,Karachi,ssp585,94.8
2036-08,Sindh,Karachi,ssp585,100.9
2036-09,Sindh,Karachi,ssp585,93.5
2036-10,Sindh,Karachi,ssp585,77.0
2036-11,Sindh,Karachi,ssp585,86.3
2036-12,Sindh,Karachi,ssp585,78.0
2037-01,Sindh,Karachi,ssp585,103.9
2037-02,Sindh,Karachi,ssp585,115.8
2037-03,Sindh,Karachi,ssp585,104.3
2037-04,Sindh,Karachi,ssp585,134.6
2037-05,Sindh,Karachi,ssp585,130.7
2037-06,Sindh,Karachi,ssp585,103.2
2037-07,Sindh,Karachi,ssp585,93.0
2037-08,Sindh,Karachi,ssp585,86.1
2037-09,Sindh,Karachi,ssp585,78.8
2037-10,Sindh,Karachi,ssp585,77.5
2037-11,Sindh,Karachi,ssp585,75.3
2037-12,Sindh,Karachi,ssp585,84.4
2038-01,Sindh,Karachi,ssp585,109.1
2038-02,Sindh,Karachi,ssp585,115.2
2038-03,Sindh,Karachi,ssp585,128.0
2038-04,Sindh,Karachi,ssp585,130.5
2038-05,Sindh,Karachi,ssp585,133.3
2038-06,Sindh,Karachi,ssp585,118.6
2038-07,Sindh,Karachi,ssp585,114.9
2038-08,Sindh,Karachi,ssp585,95.4
2038-09,Sindh,Karachi,ssp585,93.1
2038-10,Sindh,Karachi,ssp585,93.0
2038-11,Sindh,Karachi,ssp585,72.5
2038-12,Sindh,Karachi,ssp585,103.2
2039-01,Sindh,Karachi,ssp585,123.9
2039-02,Sindh,Karachi,ssp585,112.4
2039-03,Sindh,Karachi,ssp585,130.3
2039-04,Sindh,Karachi,ssp585,131.0
2039-05,Sindh,Karachi,ssp585,134.8
2039-06,Sindh,Karachi,ssp585,126.3
2039-07,Sindh,Karachi,ssp585,102.9
2039-08,Sindh,Karachi,ssp585,107.8
2039-09,Sindh,Karachi,ssp585,79.2
2039-10,Sindh,Karachi,ssp585,82.3
2039-11,Sindh,Karachi,ssp585,96.3
2039-12,Sindh,Karachi,ssp585,114.1
2040-01,Sindh,Karachi,ssp585,105.2
2040-02,Sindh,Karachi,ssp585,129.7
2040-03,Sindh,Karachi,ssp585,134.3
2040-04,Sindh,Karachi,ssp585,121.8
2040-05,Sindh,Karachi,ssp585,124.1
2040-06,Sindh,Karachi,ssp585,112.6
2040-07,Sindh,Karachi,ssp585,106.1
2040-08,Sindh,Karachi,ssp585,94.1
2040-09,Sindh,Karachi,ssp585,88.8
2040-10,Sindh,Karachi,ssp585,96.6
2040-11,Sindh,Karachi,ssp585,92.6
2040-12,Sindh,Karachi,ssp585,122.0
2041-01,Sindh,Karachi,ssp585,109.2
2041-02,Sindh,Karachi,ssp585,131.5
2041-03,Sindh,Karachi,ssp585,137.7
2041-04,Sindh,Karachi,ssp585,151.0
2041-05,Sindh,Karachi,ssp585,130.9
2041-06,Sindh,Karachi,ssp585,132.5
2041-07,Sindh,Karachi,ssp585,126.8
2041-08,Sindh,Karachi,ssp585,93.1
2041-09,Sindh,Karachi,ssp585,89.6
2041-10,Sindh,Karachi,ssp585,91.4
2041-11,Sindh,Karachi,ssp585,86.6
2041-12,Sindh,Karachi,ssp585,92.3
2042-01,Sindh,Karachi,ssp585,129.4
2042-02,Sindh,Karachi,ssp585,124.1
2042-03,Sindh,Karachi,ssp585,151.1
2042-04,Sindh,Karachi,ssp585,134.7
2042-05,Sindh,Karachi,ssp585,134.1
2042-06,Sindh,Karachi,ssp585,133.8
2042-07,Sindh,Karachi,ssp585,112.1
2042-08,Sindh,Karachi,ssp585,93.2
2042-09,Sindh,Karachi,ssp585,85.5
2042-10,Sindh,Karachi,ssp585,91.0
2042-11,Sindh,Karachi,ssp585,86.3
2042-12,Sindh,Karachi,ssp585,102.5
2043-01,Sindh,Karachi,ssp585,94.7
2043-02,Sindh,Karachi,ssp585,122.8
2043-03,Sindh,Karachi,ssp585,135.7
2043-04,Sindh,Karachi,ssp585,136.4
2043-05,Sindh,Karachi,ssp585,128.8
2043-06,Sindh,Karachi,ssp585,120.5
2043-07,Sindh,Karachi,ssp585,116.2
2043-08,Sindh,Karachi,ssp585,116.1
2043-09,Sindh,Karachi,ssp585,81.1
2043-10,Sindh,Karachi,ssp585,87.8
2043-11,Sindh,Karachi,ssp585,102.6
2043-12,Sindh,Karachi,ssp585,106.4
2044-01,Sindh,Karachi,ssp585,115.6
2044-02,Sindh,Karachi,ssp585,125.4
2044-03,Sindh,Karachi,ssp585,139.1
2044-04,Sindh,Karachi,ssp585,141.7
2044-05,Sindh,Karachi,ssp585,119.8
2044-06,Sindh,Karachi,ssp585,123.6
2044-07,Sindh,Karachi,ssp585,99.9
2044-08,Sindh,Karachi,ssp585,116.1
2044-09,Sindh,Karachi,ssp585,102.6
2044-10,Sindh,Karachi,ssp585,84.9
2044-11,Sindh,Karachi,ssp585,102.7
2044-12,Sindh,Karachi,ssp585,126.9
2045-01,Sindh,Karachi,ssp585,112.6
2045-02,Sindh,Karachi,ssp585,142.7
2045-03,Sindh,Karachi,ssp585,143.9
2045-04,Sindh,Karachi,ssp585,142.2
2045-05,Sindh,Karachi,ssp585,131.1
2045-06,Sindh,Karachi,ssp585,126.8
2045-07,Sindh,Karachi,ssp585,115.5
2045-08,Sindh,Karachi,ssp585,85.6
2045-09,Sindh,Karachi,ssp585,101.7
2045-10,Sindh,Karachi,ssp585,90.8
2045-11,Sindh,Karachi,ssp585,101.3
2045-12,Sindh,Karachi,ssp585,103.1
2046-01,Sindh,Karachi,ssp585,146.5
2046-02,Sindh,Karachi,ssp585,118.1
2046-03,Sindh,Karachi,ssp585,134.1
2046-04,Sindh,Karachi,ssp585,152.3
2046-05,Sindh,Karachi,ssp585,163.7
2046-06,Sindh,Karachi,ssp585,124.5
2046-07,Sindh,Karachi,ssp585,136.9
2046-08,Sindh,Karachi,ssp585,99.7
2046-09,Sindh,Karachi,ssp585,110.1
2046-10,Sindh,Karachi,ssp585,96.0
2046-11,Sindh,Karachi,ssp585,118.8
2046-12,Sindh,Karachi,ssp585,124.3
2047-01,Sindh,Karachi,ssp585,115.7
2047-02,Sindh,Karachi,ssp585,160.6
2047-03,Sindh,Karachi,ssp585,134.1
2047-04,Sindh,Karachi,ssp585,144.9
2047-05,Sindh,Karachi,ssp585,160.4
2047-06,Sindh,Karachi,ssp585,128.5
2047-07,Sindh,Karachi,ssp585,116.6
2047-08,Sindh,Karachi,ssp585,110.8
2047-09,Sindh,Karachi,ssp585,104.3
2047-10,Sindh,Karachi,ssp585,100.4
2047-11,Sindh,Karachi,ssp585,93.9
2047-12,Sindh,Karachi,ssp585,111.9
2048-01,Sindh,Karachi,ssp585,128.8
2048-02,Sindh,Karachi,ssp585,149.6
2048-03,Sindh,Karachi,ssp585,148.7
2048-04,Sindh,Karachi,ssp585,138.2
2048-05,Sindh,Karachi,ssp585,146.3
2048-06,Sindh,Karachi,ssp585,131.2
2048-07,Sindh,Karachi,ssp585,135.8
2048-08,Sindh,Karachi,ssp585,96.4
2048-09,Sindh,Karachi,ssp585,107.0
2048-10,Sindh,Karachi,ssp585,89.2
2048-11,Sindh,Karachi,ssp585,113.6
2048-12,Sindh,Karachi,ssp585,118.7
2049-01,Sindh,Karachi,ssp585,126.8
2049-02,Sindh,Karachi,ssp585,142.4
2049-03,Sindh,Karachi,ssp585,144.4
2049-04,Sindh,Karachi,ssp585,157.0
2049-05,Sindh,Karachi,ssp585,147.3
2049-06,Sindh,Karachi,ssp585,144.9
2049-07,Sindh,Karachi,ssp585,126.2
2049-08,Sindh,Karachi,ssp585,90.9
2049-09,Sindh,Karachi,ssp585,99.1
2049-10,Sindh,Karachi,ssp585,113.9
2049-11,Sindh,Karachi,ssp585,116.9
2049-12,Sindh,Karachi,ssp585,114.4
2050-01,Sindh,Karachi,ssp585,125.4
2050-02,Sindh,Karachi,ssp585,136.6
2050-03,Sindh,Karachi,ssp585,154.7
2050-04,Sindh,Karachi,ssp585,157.9
2050-05,Sindh,Karachi,ssp585,140.7
2050-06,Sindh,Karachi,ssp585,146.0
2050-07,Sindh,Karachi,ssp585,138.3
2050-08,Sindh,Karachi,ssp585,106.1
2050-09,Sindh,Karachi,ssp585,103.7
2050-10,Sindh,Karachi,ssp585,106.2
2050-11,Sindh,Karachi,ssp585,112.1
2050-12,Sindh,Karachi,ssp585,111.4
2051-01,Sindh,Karachi,ssp585,123.5
2051-02,Sindh,Karachi,ssp585,137.1
2051-03,Sindh,Karachi,ssp585,154.2
2051-04,Sindh,Karachi,ssp585,158.2
2051-05,Sindh,Karachi,ssp585,150.9
2051-06,Sindh,Karachi,ssp585,129.6
2051-07,Sindh,Karachi,ssp585,119.3
2051-08,Sindh,Karachi,ssp585,122.0
2051-09,Sindh,Karachi,ssp585,96.2
2051-10,Sindh,Karachi,ssp585,105.7
2051-11,Sindh,Karachi,ssp585,104.1
2051-12,Sindh,Karachi,ssp585,111.5
2052-01,Sindh,Karachi,ssp585,130.1
2052-02,Sindh,Karachi,ssp585,157.8
2052-03,Sindh,Karachi,ssp585,155.0
2052-04,Sindh,Karachi,ssp585,153.4
2052-05,Sindh,Karachi,ssp585,139.6
2052-06,Sindh,Karachi,ssp585,148.0
2052-07,Sindh,Karachi,ssp585,140.9
2052-08,Sindh,Karachi,ssp585,123.4
2052-09,Sindh,Karachi,ssp585,119.1
2052-10,Sindh,Karachi,ssp585,109.6
2052-11,Sindh,Karachi,ssp585,97.4
2052-12,Sindh,Karachi,ssp585,118.2
2053-01,Sindh,Karachi,ssp585,136.2
2053-02,Sindh,Karachi,ssp585,151.0
2053-03,Sindh,Karachi,ssp585,149.8
2053-04,Sindh,Karachi,ssp585,157.2
2053-05,Sindh,Karachi,ssp585,157.7
2053-06,Sindh,Karachi,ssp585,156.5
2053-07,Sindh,Karachi,ssp585,141.4
2053-08,Sindh,Karachi,ssp585,125.4
2053-09,Sindh,Karachi,ssp585,113.9
2053-10,Sindh,Karachi,ssp585,97.9
2053-11,Sindh,Karachi,ssp585,100.9
2053-12,Sindh,Karachi,ssp585,119.4
2054-01,Sindh,Karachi,ssp585,142.5
2054-02,Sindh,Karachi,ssp585,149.8
2054-03,Sindh,Karachi,ssp585,160.8
2054-04,Sindh,Karachi,ssp585,146.0
2054-05,Sindh,Karachi,ssp585,143.1
2054-06,Sindh,Karachi,ssp585,156.8
2054-07,Sindh,Karachi,ssp585,133.8
2054-08,Sindh,Karachi,ssp585,109.7
2054-09,Sindh,Karachi,ssp585,119.9
2054-10,Sindh,Karachi,ssp585,111.1
2054-11,Sindh,Karachi,ssp585,138.6
2054-12,Sindh,Karachi,ssp585,133.0
2055-01,Sindh,Karachi,ssp585,138.0
2055-02,Sindh,Karachi,ssp585,146.6
2055-03,Sindh,Karachi,ssp585,159.6
2055-04,Sindh,Karachi,ssp585,160.2
2055-05,Sindh,Karachi,ssp585,145.0
2055-06,Sindh,Karachi,ssp585,156.8
2055-07,Sindh,Karachi,ssp585,138.2
2055-08,Sindh,Karachi,ssp585,98.5
2055-09,Sindh,Karachi,ssp585,108.1
2055-10,Sindh,Karachi,ssp585,103.1
2055-11,Sindh,Karachi,ssp585,122.8
2055-12,Sindh,Karachi,ssp585,123.2
2056-01,Sindh,Karachi,ssp585,149.9
2056-02,Sindh,Karachi,ssp585,135.4
2056-03,Sindh,Karachi,ssp585,149.6
2056-04,Sindh,Karachi,ssp585,172.3
2056-05,Sindh,Karachi,ssp585,153.6
2056-06,Sindh,Karachi,ssp585,140.8
2056-07,Sindh,Karachi,ssp585,132.8
2056-08,Sindh,Karachi,ssp585,117.9
2056-09,Sindh,Karachi,ssp585,120.2
2056-10,Sindh,Karachi,ssp585,122.1
2056-11,Sindh,Karachi,ssp585,101.6
2056-12,Sindh,Karachi,ssp585,122.7
2057-01,Sindh,Karachi,ssp585,138.4
2057-02,Sindh,Karachi,ssp585,152.0
2057-03,Sindh,Karachi,ssp585,168.3
2057-04,Sindh,Karachi,ssp585,165.5
2057-05,Sindh,Karachi,ssp585,156.0
2057-06,Sindh,Karachi,ssp585,142.0
2057-07,Sindh,Karachi,ssp585,122.9
2057-08,Sindh,Karachi,ssp585,123.1
2057-09,Sindh,Karachi,ssp585,117.2
2057-10,Sindh,Karachi,ssp585,122.0
2057-11,Sindh,Karachi,ssp585,114.0
2057-12,Sindh,Karachi,ssp585,147.6
2058-01,Sindh,Karachi,ssp585,139.3
2058-02,Sindh,Karachi,ssp585,148.7
2058-03,Sindh,Karachi,ssp585,165.9
2058-04,Sindh,Karachi,ssp585,157.5
2058-05,Sindh,Karachi,ssp585,164.7
2058-06,Sindh,Karachi,ssp585,135.2
2058-07,Sindh,Karachi,ssp585,146.8
2058-08,Sindh,Karachi,ssp585,128.7
2058-09,Sindh,Karachi,ssp585,120.7
2058-10,Sindh,Karachi,ssp585,116.9
2058-11,Sindh,Karachi,ssp585,107.7
2058-12,Sindh,Karachi,ssp585,120.6
2059-01,Sindh,Karachi,ssp585,155.6
2059-02,Sindh,Karachi,ssp585,159.1
2059-03,Sindh,Karachi,ssp585,158.9
2059-04,Sindh,Karachi,ssp585,171.6
2059-05,Sindh,Karachi,ssp585,168.1
2059-06,Sindh,Karachi,ssp585,172.6
2059-07,Sindh,Karachi,ssp585,152.4
2059-08,Sindh,Karachi,ssp585,133.4
2059-09,Sindh,Karachi,ssp585,116.5
2059-10,Sindh,Karachi,ssp585,133.0
2059-11,Sindh,Karachi,ssp585,119.8
2059-12,Sindh,Karachi,ssp585,122.6
2060-01,Sindh,Karachi,ssp585,132.5
2060-02,Sindh,Karachi,ssp585,148.7
2060-03,Sindh,Karachi,ssp585,162.7
2060-04,Sindh,Karachi,ssp585,176.3
2060-05,Sindh,Karachi,ssp585,174.3
2060-06,Sindh,Karachi,ssp585,167.2
2060-07,Sindh,Karachi,ssp585,145.5
2060-08,Sindh,Karachi,ssp585,138.8
2060-09,Sindh,Karachi,ssp585,142.3
2060-10,Sindh,Karachi,ssp585,126.9
2060-11,Sindh,Karachi,ssp585,136.7
2060-12,Sindh,Karachi,ssp585,118.5
2061-01,Sindh,Karachi,ssp585,138.4
2061-02,Sindh,Karachi,ssp585,151.3
2061-03,Sindh,Karachi,ssp585,143.7
2061-04,Sindh,Karachi,ssp585,171.8
2061-05,Sindh,Karachi,ssp585,180.3
2061-06,Sindh,Karachi,ssp585,153.8
2061-07,Sindh,Karachi,ssp585,147.6
2061-08,Sindh,Karachi,ssp585,125.5
2061-09,Sindh,Karachi,ssp585,119.4
2061-10,Sindh,Karachi,ssp585,123.1
2061-11,Sindh,Karachi,ssp585,113.5
2061-12,Sindh,Karachi,ssp585,144.1
2062-01,Sindh,Karachi,ssp585,129.6
2062-02,Sindh,Karachi,ssp585,162.6
2062-03,Sindh,Karachi,ssp585,164.9
2062-04,Sindh,Karachi,ssp585,186.1
2062-05,Sindh,Karachi,ssp585,176.3
2062-06,Sindh,Karachi,ssp585,141.7
2062-07,Sindh,Karachi,ssp585,126.0
2062-08,Sindh,Karachi,ssp585,125.9
2062-09,Sindh,Karachi,ssp585,121.0
2062-10,Sindh,Karachi,ssp585,120.5
2062-11,Sindh,Karachi,ssp585,126.1
2062-12,Sindh,Karachi,ssp585,141.4
2063-01,Sindh,Karachi,ssp585,136.2
2063-02,Sindh,Karachi,ssp585,145.3
2063-03,Sindh,Karachi,ssp585,173.2
2063-04,Sindh,Karachi,ssp585,171.3
2063-05,Sindh,Karachi,ssp585,170.3
2063-06,Sindh,Karachi,ssp585,156.2
2063-07,Sindh,Karachi,ssp585,147.7
2063-08,Sindh,Karachi,ssp585,149.7
2063-09,Sindh,Karachi,ssp585,112.7
2063-10,Sindh,Karachi,ssp585,113.0
2063-11,Sindh,Karachi,ssp585,133.2
2063-12,Sindh,Karachi,ssp585,151.0
2064-01,Sindh,Karachi,ssp585,148.2
2064-02,Sindh,Karachi,ssp585,151.8
2064-03,Sindh,Karachi,ssp585,154.8
2064-04,Sindh,Karachi,ssp585,178.5
2064-05,Sindh,Karachi,ssp585,161.8
2064-06,Sindh,Karachi,ssp585,183.0
2064-07,Sindh,Karachi,ssp585,171.7
2064-08,Sindh,Karachi,ssp585,140.2
2064-09,Sindh,Karachi,ssp585,133.2
2064-10,Sindh,Karachi,ssp585,124.5
2064-11,Sindh,Karachi,ssp585,139.3
2064-12,Sindh,Karachi,ssp585,138.7
2065-01,Sindh,Karachi,ssp585,152.3
2065-02,Sindh,Karachi,ssp585,176.9
2065-03,Sindh,Karachi,ssp585,179.9
2065-04,Sindh,Karachi,ssp585,196.9
2065-05,Sindh,Karachi,ssp585,160.0
2065-06,Sindh,Karachi,ssp585,160.4
2065-07,Sindh,Karachi,ssp585,144.5
2065-08,Sindh,Karachi,ssp585,147.3
2065-09,Sindh,Karachi,ssp585,126.2
2065-10,Sindh,Karachi,ssp585,132.6
2065-11,Sindh,Karachi,ssp585,120.4
2065-12,Sindh,Karachi,ssp585,139.6
2066-01,Sindh,Karachi,ssp585,173.9
2066-02,Sindh,Karachi,ssp585,181.0
2066-03,Sindh,Karachi,ssp585,159.3
2066-04,Sindh,Karachi,ssp585,182.8
2066-05,Sindh,Karachi,ssp585,183.6
2066-06,Sindh,Karachi,ssp585,162.6
2066-07,Sindh,Karachi,ssp585,144.4
2066-08,Sindh,Karachi,ssp585,147.4
2066-09,Sindh,Karachi,ssp585,133.1
2066-10,Sindh,Karachi,ssp585,133.8
2066-11,Sindh,Karachi,ssp585,131.1
2066-12,Sindh,Karachi,ssp585,162.8
2067-01,Sindh,Karachi,ssp585,146.9
2067-02,Sindh,Karachi,ssp585,163.7
2067-03,Sindh,Karachi,ssp585,182.3
2067-04,Sindh,Karachi,ssp585,187.8
2067-05,Sindh,Karachi,ssp585,165.7
2067-06,Sindh,Karachi,ssp585,180.2
2067-07,Sindh,Karachi,ssp585,142.9
2067-08,Sindh,Karachi,ssp585,143.2
2067-09,Sindh,Karachi,ssp585,131.2
2067-10,Sindh,Karachi,ssp585,124.3
2067-11,Sindh,Karachi,ssp585,144.3
2067-12,Sindh,Karachi,ssp585,122.9
2068-01,Sindh,Karachi,ssp585,150.3
2068-02,Sindh,Karachi,ssp585,161.7
2068-03,Sindh,Karachi,ssp585,187.1
2068-04,Sindh,Karachi,ssp585,196.7
2068-05,Sindh,Karachi,ssp585,186.5
2068-06,Sindh,Karachi,ssp585,182.8
2068-07,Sindh,Karachi,ssp585,137.8
2068-08,Sindh,Karachi,ssp585,146.3
2068-09,Sindh,Karachi,ssp585,123.3
2068-10,Sindh,Karachi,ssp585,128.9
2068-11,Sindh,Karachi,ssp585,138.0
2068-12,Sindh,Karachi,ssp585,146.3
2069-01,Sindh,Karachi,ssp585,170.7
2069-02,Sindh,Karachi,ssp585,153.8
2069-03,Sindh,Karachi,ssp585,173.6
2069-04,Sindh,Karachi,ssp585,171.4
2069-05,Sindh,Karachi,ssp585,166.7
2069-06,Sindh,Karachi,ssp585,181.0
2069-07,Sindh,Karachi,ssp585,160.9
2069-08,Sindh,Karachi,ssp585,160.4
2069-09,Sindh,Karachi,ssp585,147.8
2069-10,Sindh,Karachi,ssp585,134.6
2069-11,Sindh,Karachi,ssp585,128.9
2069-12,Sindh,Karachi,ssp585,155.9
2070-01,Sindh,Karachi,ssp585,154.0
2070-02,Sindh,Karachi,ssp585,162.5
2070-03,Sindh,Karachi,ssp585,172.5
2070-04,Sindh,Karachi,ssp585,187.4
2070-05,Sindh,Karachi,ssp585,194.3
2070-06,Sindh,Karachi,ssp585,174.2
2070-07,Sindh,Karachi,ssp585,171.9
2070-08,Sindh,Karachi,ssp585,149.0
2070-09,Sindh,Karachi,ssp585,135.1
2070-10,Sindh,Karachi,ssp585,159.9
2070-11,Sindh,Karachi,ssp585,155.4
2070-12,Sindh,Karachi,ssp585,150.5
2071-01,Sindh,Karachi,ssp585,154.4
2071-02,Sindh,Karachi,ssp585,160.5
2071-03,Sindh,Karachi,ssp585,188.0
2071-04,Sindh,Karachi,ssp585,185.7
2071-05,Sindh,Karachi,ssp585,188.8
2071-06,Sindh,Karachi,ssp585,178.3
2071-07,Sindh,Karachi,ssp585,166.5
2071-08,Sindh,Karachi,ssp585,160.1
2071-09,Sindh,Karachi,ssp585,143.4
2071-10,Sindh,Karachi,ssp585,130.9
2071-11,Sindh,Karachi,ssp585,134.0
2071-12,Sindh,Karachi,ssp585,155.7
2072-01,Sindh,Karachi,ssp585,153.9
2072-02,Sindh,Karachi,ssp585,182.9
2072-03,Sindh,Karachi,ssp585,192.4
2072-04,Sindh,Karachi,ssp585,189.3
2072-05,Sindh,Karachi,ssp585,179.4
2072-06,Sindh,Karachi,ssp585,161.2
2072-07,Sindh,Karachi,ssp585,154.3
2072-08,Sindh,Karachi,ssp585,137.1
2072-09,Sindh,Karachi,ssp585,142.5
2072-10,Sindh,Karachi,ssp585,135.1
2072-11,Sindh,Karachi,ssp585,134.4
2072-12,Sindh,Karachi,ssp585,159.9
2073-01,Sindh,Karachi,ssp585,166.3
2073-02,Sindh,Karachi,ssp585,178.6
2073-03,Sindh,Karachi,ssp585,192.7
2073-04,Sindh,Karachi,ssp585,200.6
2073-05,Sindh,Karachi,ssp585,173.8
2073-06,Sindh,Karachi,ssp585,185.0
2073-07,Sindh,Karachi,ssp585,149.9
2073-08,Sindh,Karachi,ssp585,146.2
2073-09,Sindh,Karachi,ssp585,153.0
2073-10,Sindh,Karachi,ssp585,146.8
2073-11,Sindh,Karachi,ssp585,150.2
2073-12,Sindh,Karachi,ssp585,155.5
2074-01,Sindh,Karachi,ssp585,179.4
2074-02,Sindh,Karachi,ssp585,166.1
2074-03,Sindh,Karachi,ssp585,186.7
2074-04,Sindh,Karachi,ssp585,193.4
2074-05,Sindh,Karachi,ssp585,207.8
2074-06,Sindh,Karachi,ssp585,189.6
2074-07,Sindh,Karachi,ssp585,176.9
2074-08,Sindh,Karachi,ssp585,148.2
2074-09,Sindh,Karachi,ssp585,165.7
2074-10,Sindh,Karachi,ssp585,146.6
2074-11,Sindh,Karachi,ssp585,137.0
2074-12,Sindh,Karachi,ssp585,176.4
2075-01,Sindh,Karachi,ssp585,155.8
2075-02,Sindh,Karachi,ssp585,173.8
2075-03,Sindh,Karachi,ssp585,189.0
2075-04,Sindh,Karachi,ssp585,186.0
2075-05,Sindh,Karachi,ssp585,196.1
2075-06,Sindh,Karachi,ssp585,184.6
2075-07,Sindh,Karachi,ssp585,170.4
2075-08,Sindh,Karachi,ssp585,173.5
2075-09,Sindh,Karachi,ssp585,132.8
2075-10,Sindh,Karachi,ssp585,156.2
2075-11,Sindh,Karachi,ssp585,140.3
2075-12,Sindh,Karachi,ssp585,170.2
2076-01,Sindh,Karachi,ssp585,187.2
2076-02,Sindh,Karachi,ssp585,203.7
2076-03,Sindh,Karachi,ssp585,191.1
2076-04,Sindh,Karachi,ssp585,186.0
2076-05,Sindh,Karachi,ssp585,196.0
2076-06,Sindh,Karachi,ssp585,183.3
2076-07,Sindh,Karachi,ssp585,155.3
2076-08,Sindh,Karachi,ssp585,164.9
2076-09,Sindh,Karachi,ssp585,140.8
2076-10,Sindh,Karachi,ssp585,158.6
2076-11,Sindh,Karachi,ssp585,157.9
2076-12,Sindh,Karachi,ssp585,156.4
2077-01,Sindh,Karachi,ssp585,172.2
2077-02,Sindh,Karachi,ssp585,182.7
2077-03,Sindh,Karachi,ssp585,190.4
2077-04,Sindh,Karachi,ssp585,225.7
2077-05,Sindh,Karachi,ssp585,186.4
2077-06,Sindh,Karachi,ssp585,186.0
2077-07,Sindh,Karachi,ssp585,181.6
2077-08,Sindh,Karachi,ssp585,156.6
2077-09,Sindh,Karachi,ssp585,145.1
2077-10,Sindh,Karachi,ssp585,135.6
2077-11,Sindh,Karachi,ssp585,161.6
2077-12,Sindh,Karachi,ssp585,166.9
2078-01,Sindh,Karachi,ssp585,177.8
2078-02,Sindh,Karachi,ssp585,173.1
2078-03,Sindh,Karachi,ssp585,200.6
2078-04,Sindh,Karachi,ssp585,202.3
2078-05,Sindh,Karachi,ssp585,193.4
2078-06,Sindh,Karachi,ssp585,174.9
2078-07,Sindh,Karachi,ssp585,173.9
2078-08,Sindh,Karachi,ssp585,153.9
2078-09,Sindh,Karachi,ssp585,153.1
2078-10,Sindh,Karachi,ssp585,149.6
2078-11,Sindh,Karachi,ssp585,149.7
2078-12,Sindh,Karachi,ssp585,170.1
2079-01,Sindh,Karachi,ssp585,174.7
2079-02,Sindh,Karachi,ssp585,193.0
2079-03,Sindh,Karachi,ssp585,201.6
2079-04,Sindh,Karachi,ssp585,210.4
2079-05,Sindh,Karachi,ssp585,189.5
2079-06,Sindh,Karachi,ssp585,185.7
2079-07,Sindh,Karachi,ssp585,184.3
2079-08,Sindh,Karachi,ssp585,164.7
2079-09,Sindh,Karachi,ssp585,164.1
2079-10,Sindh,Karachi,ssp585,157.4
2079-11,Sindh,Karachi,ssp585,150.4
2079-12,Sindh,Karachi,ssp585,171.8
2080-01,Sindh,Karachi,ssp585,174.6
2080-02,Sindh,Karachi,ssp585,198.5
2080-03,Sindh,Karachi,ssp585,216.0
2080-04,Sindh,Karachi,ssp585,212.8
2080-05,Sindh,Karachi,ssp585,220.2
2080-06,Sindh,Karachi,ssp585,176.7
2080-07,Sindh,Karachi,ssp585,172.9
2080-08,Sindh,Karachi,ssp585,162.7
2080-09,Sindh,Karachi,ssp585,152.2
2080-10,Sindh,Karachi,ssp585,155.8
2080-11,Sindh,Karachi,ssp585,152.7
2080-12,Sindh,Karachi,ssp585,175.4
2081-01,Sindh,Karachi,ssp585,187.4
2081-02,Sindh,Karachi,ssp585,195.3
2081-03,Sindh,Karachi,ssp585,192.2
2081-04,Sindh,Karachi,ssp585,209.7
2081-05,Sindh,Karachi,ssp585,207.5
2081-06,Sindh,Karachi,ssp585,195.3
2081-07,Sindh,Karachi,ssp585,179.7
2081-08,Sindh,Karachi,ssp585,179.2
2081-09,Sindh,Karachi,ssp585,152.5
2081-10,Sindh,Karachi,ssp585,150.9
2081-11,Sindh,Karachi,ssp585,163.6
2081-12,Sindh,Karachi,ssp585,172.0
2082-01,Sindh,Karachi,ssp585,187.9
2082-02,Sindh,Karachi,ssp585,190.8
2082-03,Sindh,Karachi,ssp585,191.2
2082-04,Sindh,Karachi,ssp585,195.4
2082-05,Sindh,Karachi,ssp585,199.3
2082-06,Sindh,Karachi,ssp585,200.9
2082-07,Sindh,Karachi,ssp585,188.2
2082-08,Sindh,Karachi,ssp585,152.2
2082-09,Sindh,Karachi,ssp585,163.9
2082-10,Sindh,Karachi,ssp585,155.0
2082-11,Sindh,Karachi,ssp585,150.1
2082-12,Sindh,Karachi,ssp585,188.5
2083-01,Sindh,Karachi,ssp585,184.3
2083-02,Sindh,Karachi,ssp585,202.4
2083-03,Sindh,Karachi,ssp585,227.4
2083-04,Sindh,Karachi,ssp585,203.0
2083-05,Sindh,Karachi,ssp585,201.3
2083-06,Sindh,Karachi,ssp585,208.8
2083-07,Sindh,Karachi,ssp585,171.2
2083-08,Sindh,Karachi,ssp585,170.7
2083-09,Sindh,Karachi,ssp585,161.2
2083-10,Sindh,Karachi,ssp585,166.1
2083-11,Sindh,Karachi,ssp585,164.7
2083-12,Sindh,Karachi,ssp585,162.5
2084-01,Sindh,Karachi,ssp585,192.3
2084-02,Sindh,Karachi,ssp585,204.2
2084-03,Sindh,Karachi,ssp585,196.9
2084-04,Sindh,Karachi,ssp585,203.7
2084-05,Sindh,Karachi,ssp585,201.8
2084-06,Sindh,Karachi,ssp585,187.0
2084-07,Sindh,Karachi,ssp585,194.0
2084-08,Sindh,Karachi,ssp585,168.9
2084-09,Sindh,Karachi,ssp585,160.0
2084-10,Sindh,Karachi,ssp585,149.9
2084-11,Sindh,Karachi,ssp585,159.2
2084-12,Sindh,Karachi,ssp585,185.5
2085-01,Sindh,Karachi,ssp585,192.0
2085-02,Sindh,Karachi,ssp585,183.9
2085-03,Sindh,Karachi,ssp585,199.1
2085-04,Sindh,Karachi,ssp585,217.2
2085-05,Sindh,Karachi,ssp585,203.8
2085-06,Sindh,Karachi,ssp585,194.0
2085-07,Sindh,Karachi,ssp585,178.5
2085-08,Sindh,Karachi,ssp585,161.6
2085-09,Sindh,Karachi,ssp585,165.0
2085-10,Sindh,Karachi,ssp585,157.5
2085-11,Sindh,Karachi,ssp585,174.6
2085-12,Sindh,Karachi,ssp585,173.4
2086-01,Sindh,Karachi,ssp585,178.4
2086-02,Sindh,Karachi,ssp585,206.2
2086-03,Sindh,Karachi,ssp585,221.6
2086-04,Sindh,Karachi,ssp585,206.6
2086-05,Sindh,Karachi,ssp585,194.7
2086-06,Sindh,Karachi,ssp585,196.3
2086-07,Sindh,Karachi,ssp585,175.8
2086-08,Sindh,Karachi,ssp585,189.7
2086-09,Sindh,Karachi,ssp585,153.5
2086-10,Sindh,Karachi,ssp585,159.6
2086-11,Sindh,Karachi,ssp585,179.2
2086-12,Sindh,Karachi,ssp585,183.4
2087-01,Sindh,Karachi,ssp585,184.1
2087-02,Sindh,Karachi,ssp585,194.7
2087-03,Sindh,Karachi,ssp585,209.7
2087-04,Sindh,Karachi,ssp585,212.7
2087-05,Sindh,Karachi,ssp585,224.9
2087-06,Sindh,Karachi,ssp585,200.9
2087-07,Sindh,Karachi,ssp585,177.5
2087-08,Sindh,Karachi,ssp585,185.6
2087-09,Sindh,Karachi,ssp585,176.7
2087-10,Sindh,Karachi,ssp585,162.2
2087-11,Sindh,Karachi,ssp585,174.7
2087-12,Sindh,Karachi,ssp585,177.8
2088-01,Sindh,Karachi,ssp585,179.6
2088-02,Sindh,Karachi,ssp585,202.7
2088-03,Sindh,Karachi,ssp585,202.8
2088-04,Sindh,Karachi,ssp585,210.9
2088-05,Sindh,Karachi,ssp585,204.9
2088-06,Sindh,Karachi,ssp585,206.9
2088-07,Sindh,Karachi,ssp585,192.9
2088-08,Sindh,Karachi,ssp585,166.7
2088-09,Sindh,Karachi,ssp585,161.0
2088-10,Sindh,Karachi,ssp585,165.9
2088-11,Sindh,Karachi,ssp585,173.6
2088-12,Sindh,Karachi,ssp585,179.7
2089-01,Sindh,Karachi,ssp585,172.4
2089-02,Sindh,Karachi,ssp585,216.5
2089-03,Sindh,Karachi,ssp585,230.4
2089-04,Sindh,Karachi,ssp585,232.3
2089-05,Sindh,Karachi,ssp585,219.8
2089-06,Sindh,Karachi,ssp585,211.6
2089-07,Sindh,Karachi,ssp585,187.1
2089-08,Sindh,Karachi,ssp585,181.8
2089-09,Sindh,Karachi,ssp585,160.8
2089-10,Sindh,Karachi,ssp585,168.6
2089-11,Sindh,Karachi,ssp585,158.4
2089-12,Sindh,Karachi,ssp585,185.9
2090-01,Sindh,Karachi,ssp585,190.6
2090-02,Sindh,Karachi,ssp585,213.6
2090-03,Sindh,Karachi,ssp585,217.9
2090-04,Sindh,Karachi,ssp585,215.8
2090-05,Sindh,Karachi,ssp585,224.1
2090-06,Sindh,Karachi,ssp585,196.9
2090-07,Sindh,Karachi,ssp585,192.2
2090-08,Sindh,Karachi,ssp585,177.0
2090-09,Sindh,Karachi,ssp585,179.2
2090-10,Sindh,Karachi,ssp585,168.6
2090-11,Sindh,Karachi,ssp585,175.2
2090-12,Sindh,Karachi,ssp585,187.1
2091-01,Sindh,Karachi,ssp585,174.5
2091-02,Sindh,Karachi,ssp585,200.2
2091-03,Sindh,Karachi,ssp585,219.0
2091-04,Sindh,Karachi,ssp585,230.6
2091-05,Sindh,Karachi,ssp585,223.4
2091-06,Sindh,Karachi,ssp585,220.7
2091-07,Sindh,Karachi,ssp585,194.3
2091-08,Sindh,Karachi,ssp585,184.4
2091-09,Sindh,Karachi,ssp585,169.8
2091-10,Sindh,Karachi,ssp585,167.0
2091-11,Sindh,Karachi,ssp585,167.1
2091-12,Sindh,Karachi,ssp585,179.2
2092-01,Sindh,Karachi,ssp585,195.4
2092-02,Sindh,Karachi,ssp585,204.3
2092-03,Sindh,Karachi,ssp585,219.9
2092-04,Sindh,Karachi,ssp585,207.1
2092-05,Sindh,Karachi,ssp585,223.8
2092-06,Sindh,Karachi,ssp585,212.2
2092-07,Sindh,Karachi,ssp585,201.9
2092-08,Sindh,Karachi,ssp585,181.1
2092-09,Sindh,Karachi,ssp585,171.4
2092-10,Sindh,Karachi,ssp585,181.3
2092-11,Sindh,Karachi,ssp585,174.8
2092-12,Sindh,Karachi,ssp585,203.4
2093-01,Sindh,Karachi,ssp585,186.2
2093-02,Sindh,Karachi,ssp585,209.6
2093-03,Sindh,Karachi,ssp585,211.3
2093-04,Sindh,Karachi,ssp585,217.9
2093-05,Sindh,Karachi,ssp585,214.6
2093-06,Sindh,Karachi,ssp585,208.1
2093-07,Sindh,Karachi,ssp585,206.6
2093-08,Sindh,Karachi,ssp585,176.7
2093-09,Sindh,Karachi,ssp585,183.0
2093-10,Sindh,Karachi,ssp585,161.4
2093-11,Sindh,Karachi,ssp585,174.3
2093-12,Sindh,Karachi,ssp585,199.2
2094-01,Sindh,Karachi,ssp585,204.6
2094-02,Sindh,Karachi,ssp585,215.9
2094-03,Sindh,Karachi,ssp585,228.6
2094-04,Sindh,Karachi,ssp585,231.7
2094-05,Sindh,Karachi,ssp585,228.9
2094-06,Sindh,Karachi,ssp585,226.5
2094-07,Sindh,Karachi,ssp585,192.0
2094-08,Sindh,Karachi,ssp585,187.9
2094-09,Sindh,Karachi,ssp585,184.9
2094-10,Sindh,Karachi,ssp585,182.6
2094-11,Sindh,Karachi,ssp585,184.5
2094-12,Sindh,Karachi,ssp585,200.7
2095-01,Sindh,Karachi,ssp585,197.7
2095-02,Sindh,Karachi,ssp585,203.1
2095-03,Sindh,Karachi,ssp585,236.0
2095-04,Sindh,Karachi,ssp585,228.3
2095-05,Sindh,Karachi,ssp585,220.1
2095-06,Sindh,Karachi,ssp585,216.0
2095-07,Sindh,Karachi,ssp585,199.1
2095-08,Sindh,Karachi,ssp585,199.2
2095-09,Sindh,Karachi,ssp585,188.9
2095-10,Sindh,Karachi,ssp585,180.4
2095-11,Sindh,Karachi,ssp585,186.0
2095-12,Sindh,Karachi,ssp585,191.1
2096-01,Sindh,Karachi,ssp585,212.9
2096-02,Sindh,Karachi,ssp585,195.8
2096-03,Sindh,Karachi,ssp585,216.0
2096-04,Sindh,Karachi,ssp585,229.6
2096-05,Sindh,Karachi,ssp585,223.0
2096-06,Sindh,Karachi,ssp585,208.9
2096-07,Sindh,Karachi,ssp585,210.2
2096-08,Sindh,Karachi,ssp585,183.2
2096-09,Sindh,Karachi,ssp585,184.6
2096-10,Sindh,Karachi,ssp585,180.4
2096-11,Sindh,Karachi,ssp585,183.4
2096-12,Sindh,Karachi,ssp585,185.1
2097-01,Sindh,Karachi,ssp585,203.8
2097-02,Sindh,Karachi,ssp585,229.4
2097-03,Sindh,Karachi,ssp585,232.9
2097-04,Sindh,Karachi,ssp585,240.2
2097-05,Sindh,Karachi,ssp585,227.6
2097-06,Sindh,Karachi,ssp585,203.9
2097-07,Sindh,Karachi,ssp585,202.2
2097-08,Sindh,Karachi,ssp585,192.3
2097-09,Sindh,Karachi,ssp585,195.9
2097-10,Sindh,Karachi,ssp585,191.1
2097-11,Sindh,Karachi,ssp585,188.4
2097-12,Sindh,Karachi,ssp585,186.5
2098-01,Sindh,Karachi,ssp585,208.3
2098-02,Sindh,Karachi,ssp585,217.9
2098-03,Sindh,Karachi,ssp585,227.6
2098-04,Sindh,Karachi,ssp585,222.4
2098-05,Sindh,Karachi,ssp585,234.2
2098-06,Sindh,Karachi,ssp585,220.5
2098-07,Sindh,Karachi,ssp585,215.2
2098-08,Sindh,Karachi,ssp585,182.3
2098-09,Sindh,Karachi,ssp585,176.0
2098-10,Sindh,Karachi,ssp585,215.2
2098-11,Sindh,Karachi,ssp585,178.4
2098-12,Sindh,Karachi,ssp585,198.4
2099-01,Sindh,Karachi,ssp585,212.7
2099-02,Sindh,Karachi,ssp585,213.1
2099-03,Sindh,Karachi,ssp585,246.8
2099-04,Sindh,Karachi,ssp585,234.4
2099-05,Sindh,Karachi,ssp585,233.0
2099-06,Sindh,Karachi,ssp585,238.6
2099-07,Sindh,Karachi,ssp585,202.6
2099-08,Sindh,Karachi,ssp585,192.6
2099-09,Sindh,Karachi,ssp585,184.6
2099-10,Sindh,Karachi,ssp585,172.1
2099-11,Sindh,Karachi,ssp585,190.4
2099-12,Sindh,Karachi,ssp585,201.7
2100-01,Sindh,Karachi,ssp585,212.2
2100-02,Sindh,Karachi,ssp585,229.4
2100-03,Sindh,Karachi,ssp585,240.8
2100-04,Sindh,Karachi,ssp585,239.7
2100-05,Sindh,Karachi,ssp585,231.2
2100-06,Sindh,Karachi,ssp585,235.0
2100-07,Sindh,Karachi,ssp585,205.2
2100-08,Sindh,Karachi,ssp585,211.1
2100-09,Sindh,Karachi,ssp585,187.6
2100-10,Sindh,Karachi,ssp585,192.8
2100-11,Sindh,Karachi,ssp585,205.9
2100-12,Sindh,Karachi,ssp585,179.0
1980-01,Punjab,Lahore,historical,116.0
1980-02,Punjab,Lahore,historical,77.6
1980-03,Punjab,Lahore,historical,110.9
1980-04,Punjab,Lahore,historical,105.5
1980-05,Punjab,Lahore,historical,112.8
1980-06,Punjab,Lahore,historical,89.4
1980-07,Punjab,Lahore,historical,76.9
1980-08,Punjab,Lahore,historical,46.1
1980-09,Punjab,Lahore,historical,59.6
1980-10,Punjab,Lahore,historical,36.2
1980-11,Punjab,Lahore,historical,42.2
1980-12,Punjab,Lahore,historical,69.6
1981-01,Punjab,Lahore,historical,80.9
1981-02,Punjab,Lahore,historical,109.0
1981-03,Punjab,Lahore,historical,89.9
1981-04,Punjab,Lahore,historical,115.5
1981-05,Punjab,Lahore,historical,110.5
1981-06,Punjab,Lahore,historical,92.6
1981-07,Punjab,Lahore,historical,72.6
1981-08,Punjab,Lahore,historical,67.5
1981-09,Punjab,Lahore,historical,69.2
1981-10,Punjab,Lahore,historical,50.0
1981-11,Punjab,Lahore,historical,68.7
1981-12,Punjab,Lahore,historical,65.1
1982-01,Punjab,Lahore,historical,103.6
1982-02,Punjab,Lahore,historical,96.7
1982-03,Punjab,Lahore,historical,104.4
1982-04,Punjab,Lahore,historical,90.5
1982-05,Punjab,Lahore,historical,89.0
1982-06,Punjab,Lahore,historical,101.0
1982-07,Punjab,Lahore,historical,79.6
1982-08,Punjab,Lahore,historical,72.0
1982-09,Punjab,Lahore,historical,49.9
1982-10,Punjab,Lahore,historical,52.7
1982-11,Punjab,Lahore,historical,50.6
1982-12,Punjab,Lahore,historical,72.1
1983-01,Punjab,Lahore,historical,79.8
1983-02,Punjab,Lahore,historical,119.3
1983-03,Punjab,Lahore,historical,98.1
1983-04,Punjab,Lahore,historical,124.0
1983-05,Punjab,Lahore,historical,93.6
1983-06,Punjab,Lahore,historical,90.6
1983-07,Punjab,Lahore,historical,72.1
1983-08,Punjab,Lahore,historical,84.0
1983-09,Punjab,Lahore,historical,63.7
1983-10,Punjab,Lahore,historical,56.3
1983-11,Punjab,Lahore,historical,61.2
1983-12,Punjab,Lahore,historical,55.2
1984-01,Punjab,Lahore,historical,99.7
1984-02,Punjab,Lahore,historical,113.4
1984-03,Punjab,Lahore,historical,106.1
1984-04,Punjab,Lahore,historical,110.5
1984-05,Punjab,Lahore,historical,114.5
1984-06,Punjab,Lahore,historical,94.2
1984-07,Punjab,Lahore,historical,80.0
1984-08,Punjab,Lahore,historical,62.5
1984-09,Punjab,Lahore,historical,54.1
1984-10,Punjab,Lahore,historical,48.7
1984-11,Punjab,Lahore,historical,67.3
1984-12,Punjab,Lahore,historical,64.5
1985-01,Punjab,Lahore,historical,77.2
1985-02,Punjab,Lahore,historical,88.7
1985-03,Punjab,Lahore,historical,88.1
1985-04,Punjab,Lahore,historical,129.5
1985-05,Punjab,Lahore,historical,112.8
1985-06,Punjab,Lahore,historical,107.0
1985-07,Punjab,Lahore,historical,75.9
1985-08,Punjab,Lahore,historical,86.4
1985-09,Punjab,Lahore,historical,60.1
1985-10,Punjab,Lahore,historical,72.4
1985-11,Punjab,Lahore,historical,58.1
1985-12,Punjab,Lahore,historical,68.0
1986-01,Punjab,Lahore,historical,75.9
1986-02,Punjab,Lahore,historical,97.3
1986-03,Punjab,Lahore,historical,109.3
1986-04,Punjab,Lahore,historical,128.6
1986-05,Punjab,Lahore,historical,125.5
1986-06,Punjab,Lahore,historical,97.5
1986-07,Punjab,Lahore,historical,97.4
1986-08,Punjab,Lahore,historical,35.1
1986-09,Punjab,Lahore,historical,52.5
1986-10,Punjab,Lahore,historical,57.6
1986-11,Punjab,Lahore,historical,69.2
1986-12,Punjab,Lahore,historical,73.7
1987-01,Punjab,Lahore,historical,81.7
1987-02,Punjab,Lahore,historical,90.7
1987-03,Punjab,Lahore,historical,96.7
1987-04,Punjab,Lahore,historical,133.7
1987-05,Punjab,Lahore,historical,120.3
1987-06,Punjab,Lahore,historical,112.4
1987-07,Punjab,Lahore,historical,82.6
1987-08,Punjab,Lahore,historical,61.9
1987-09,Punjab,Lahore,historical,65.1
1987-10,Punjab,Lahore,historical,54.3
1987-11,Punjab,Lahore,historical,56.7
1987-12,Punjab,Lahore,historical,68.2
1988-01,Punjab,Lahore,historical,74.7
1988-02,Punjab,Lahore,historical,85.7
1988-03,Punjab,Lahore,historical,103.6
1988-04,Punjab,Lahore,historical,93.3
1988-05,Punjab,Lahore,historical,113.9
1988-06,Punjab,Lahore,historical,106.7
1988-07,Punjab,Lahore,historical,73.0
1988-08,Punjab,Lahore,historical,46.1
1988-09,Punjab,Lahore,historical,63.1
1988-10,Punjab,Lahore,historical,57.5
1988-11,Punjab,Lahore,historical,58.6
1988-12,Punjab,Lahore,historical,52.1
1989-01,Punjab,Lahore,historical,58.9
1989-02,Punjab,Lahore,historical,117.4
1989-03,Punjab,Lahore,historical,103.9
1989-04,Punjab,Lahore,historical,116.5
1989-05,Punjab,Lahore,historical,105.7
1989-06,Punjab,Lahore,historical,101.4
1989-07,Punjab,Lahore,historical,66.7
1989-08,Punjab,Lahore,historical,63.0
1989-09,Punjab,Lahore,historical,41.7
1989-10,Punjab,Lahore,historical,41.2
1989-11,Punjab,Lahore,historical,49.6
1989-12,Punjab,Lahore,historical,46.3
1990-01,Punjab,Lahore,historical,76.8
1990-02,Punjab,Lahore,historical,87.6
1990-03,Punjab,Lahore,historical,92.0
1990-04,Punjab,Lahore,historical,108.7
1990-05,Punjab,Lahore,historical,106.4
1990-06,Punjab,Lahore,historical,86.1
1990-07,Punjab,Lahore,historical,107.2
1990-08,Punjab,Lahore,historical,77.3
1990-09,Punjab,Lahore,historical,72.1
1990-10,Punjab,Lahore,historical,50.5
1990-11,Punjab,Lahore,historical,69.3
1990-12,Punjab,Lahore,historical,77.9
1991-01,Punjab,Lahore,historical,69.9
1991-02,Punjab,Lahore,historical,88.0
1991-03,Punjab,Lahore,historical,142.4
1991-04,Punjab,Lahore,historical,105.2
1991-05,Punjab,Lahore,historical,112.5
1991-06,Punjab,Lahore,historical,93.7
1991-07,Punjab,Lahore,historical,92.6
1991-08,Punjab,Lahore,historical,56.3
1991-09,Punjab,Lahore,historical,46.0
1991-10,Punjab,Lahore,historical,68.5
1991-11,Punjab,Lahore,historical,60.7
1991-12,Punjab,Lahore,historical,38.1
1992-01,Punjab,Lahore,historical,82.7
1992-02,Punjab,Lahore,historical,94.1
1992-03,Punjab,Lahore,historical,115.3
1992-04,Punjab,Lahore,historical,114.2
1992-05,Punjab,Lahore,historical,110.8
1992-06,Punjab,Lahore,historical,97.4
1992-07,Punjab,Lahore,historical,86.0
1992-08,Punjab,Lahore,historical,54.3
1992-09,Punjab,Lahore,historical,48.3
1992-10,Punjab,Lahore,historical,44.1
1992-11,Punjab,Lahore,historical,41.8
1992-12,Punjab,Lahore,historical,78.2
1993-01,Punjab,Lahore,historical,95.7
1993-02,Punjab,Lahore,historical,103.9
1993-03,Punjab,Lahore,historical,99.2
1993-04,Punjab,Lahore,historical,103.7
1993-05,Punjab,Lahore,historical,101.2
1993-06,Punjab,Lahore,historical,110.0
1993-07,Punjab,Lahore,historical,88.9
1993-08,Punjab,Lahore,historical,89.9
1993-09,Punjab,Lahore,historical,46.4
1993-10,Punjab,Lahore,historical,51.8
1993-11,Punjab,Lahore,historical,42.8
1993-12,Punjab,Lahore,historical,51.1
1994-01,Punjab,Lahore,historical,80.5
1994-02,Punjab,Lahore,historical,92.2
1994-03,Punjab,Lahore,historical,100.3
1994-04,Punjab,Lahore,historical,91.4
1994-05,Punjab,Lahore,historical,109.0
1994-06,Punjab,Lahore,historical,92.9
1994-07,Punjab,Lahore,historical,93.7
1994-08,Punjab,Lahore,historical,75.3
1994-09,Punjab,Lahore,historical,42.2
1994-10,Punjab,Lahore,historical,59.4
1994-11,Punjab,Lahore,historical,51.0
1994-12,Punjab,Lahore,historical,87.3
1995-01,Punjab,Lahore,historical,82.1
1995-02,Punjab,Lahore,historical,90.2
1995-03,Punjab,Lahore,historical,101.6
1995-04,Punjab,Lahore,historical,91.9
1995-05,Punjab,Lahore,historical,122.2
1995-06,Punjab,Lahore,historical,122.4
1995-07,Punjab,Lahore,historical,61.2
1995-08,Punjab,Lahore,historical,65.4
1995-09,Punjab,Lahore,historical,57.0
1995-10,Punjab,Lahore,historical,47.3
1995-11,Punjab,Lahore,historical,73.3
1995-12,Punjab,Lahore,historical,83.8
1996-01,Punjab,Lahore,historical,79.4
1996-02,Punjab,Lahore,historical,121.8
1996-03,Punjab,Lahore,historical,107.0
1996-04,Punjab,Lahore,historical,107.3
1996-05,Punjab,Lahore,historical,110.0
1996-06,Punjab,Lahore,historical,87.2
1996-07,Punjab,Lahore,historical,100.3
1996-08,Punjab,Lahore,historical,76.1
1996-09,Punjab,Lahore,historical,53.9
1996-10,Punjab,Lahore,historical,52.3
1996-11,Punjab,Lahore,historical,47.2
1996-12,Punjab,Lahore,historical,71.7
1997-01,Punjab,Lahore,historical,66.5
1997-02,Punjab,Lahore,historical,96.4
1997-03,Punjab,Lahore,historical,100.2
1997-04,Punjab,Lahore,historical,117.3
1997-05,Punjab,Lahore,historical,119.4
1997-06,Punjab,Lahore,historical,106.0
1997-07,Punjab,Lahore,historical,80.9
1997-08,Punjab,Lahore,historical,59.8
1997-09,Punjab,Lahore,historical,54.6
1997-10,Punjab,Lahore,historical,54.4
1997-11,Punjab,Lahore,historical,64.3
1997-12,Punjab,Lahore,historical,61.5
1998-01,Punjab,Lahore,historical,70.5
1998-02,Punjab,Lahore,historical,98.5
1998-03,Punjab,Lahore,historical,123.3
1998-04,Punjab,Lahore,historical,133.3
1998-05,Punjab,Lahore,historical,116.3
1998-06,Punjab,Lahore,historical,84.2
1998-07,Punjab,Lahore,historical,99.7
1998-08,Punjab,Lahore,historical,58.1
1998-09,Punjab,Lahore,historical,48.8
1998-10,Punjab,Lahore,historical,59.8
1998-11,Punjab,Lahore,historical,41.4
1998-12,Punjab,Lahore,historical,78.4
1999-01,Punjab,Lahore,historical,81.8
1999-02,Punjab,Lahore,historical,101.3
1999-03,Punjab,Lahore,historical,96.4
1999-04,Punjab,Lahore,historical,120.7
1999-05,Punjab,Lahore,historical,112.9
1999-06,Punjab,Lahore,historical,91.9
1999-07,Punjab,Lahore,historical,94.0
1999-08,Punjab,Lahore,historical,35.8
1999-09,Punjab,Lahore,historical,62.8
1999-10,Punjab,Lahore,historical,53.3
1999-11,Punjab,Lahore,historical,48.5
1999-12,Punjab,Lahore,historical,70.7
2000-01,Punjab,Lahore,historical,88.6
2000-02,Punjab,Lahore,historical,87.3
2000-03,Punjab,Lahore,historical,105.1
2000-04,Punjab,Lahore,historical,109.8
2000-05,Punjab,Lahore,historical,111.4
2000-06,Punjab,Lahore,historical,111.4
2000-07,Punjab,Lahore,historical,76.7
2000-08,Punjab,Lahore,historical,84.7
2000-09,Punjab,Lahore,historical,42.3
2000-10,Punjab,Lahore,historical,58.3
2000-11,Punjab,Lahore,historical,37.2
2000-12,Punjab,Lahore,historical,69.4
2001-01,Punjab,Lahore,historical,91.3
2001-02,Punjab,Lahore,historical,121.2
2001-03,Punjab,Lahore,historical,107.2
2001-04,Punjab,Lahore,historical,101.1
2001-05,Punjab,Lahore,historical,119.2
2001-06,Punjab,Lahore,historical,96.9
2001-07,Punjab,Lahore,historical,83.6
2001-08,Punjab,Lahore,historical,79.8
2001-09,Punjab,Lahore,historical,71.7
2001-10,Punjab,Lahore,historical,33.3
2001-11,Punjab,Lahore,historical,58.9
2001-12,Punjab,Lahore,historical,68.3
2002-01,Punjab,Lahore,historical,69.3
2002-02,Punjab,Lahore,historical,76.4
2002-03,Punjab,Lahore,historical,105.7
2002-04,Punjab,Lahore,historical,104.6
2002-05,Punjab,Lahore,historical,97.7
2002-06,Punjab,Lahore,historical,94.7
2002-07,Punjab,Lahore,historical,78.1
2002-08,Punjab,Lahore,historical,68.7
2002-09,Punjab,Lahore,historical,77.7
2002-10,Punjab,Lahore,historical,54.2
2002-11,Punjab,Lahore,historical,81.4
2002-12,Punjab,Lahore,historical,83.8
2003-01,Punjab,Lahore,historical,94.3
2003-02,Punjab,Lahore,historical,87.4
2003-03,Punjab,Lahore,historical,103.0
2003-04,Punjab,Lahore,historical,99.0
2003-05,Punjab,Lahore,historical,111.7
2003-06,Punjab,Lahore,historical,95.5
2003-07,Punjab,Lahore,historical,87.9
2003-08,Punjab,Lahore,historical,72.2
2003-09,Punjab,Lahore,historical,60.4
2003-10,Punjab,Lahore,historical,50.2
2003-11,Punjab,Lahore,historical,46.4
2003-12,Punjab,Lahore,historical,63.1
2004-01,Punjab,Lahore,historical,91.2
2004-02,Punjab,Lahore,historical,94.3
2004-03,Punjab,Lahore,historical,105.8
2004-04,Punjab,Lahore,historical,121.0
2004-05,Punjab,Lahore,historical,112.5
2004-06,Punjab,Lahore,historical,78.2
2004-07,Punjab,Lahore,historical,81.4
2004-08,Punjab,Lahore,historical,57.8
2004-09,Punjab,Lahore,historical,57.6
2004-10,Punjab,Lahore,historical,59.4
2004-11,Punjab,Lahore,historical,64.6
2004-12,Punjab,Lahore,historical,88.9
2005-01,Punjab,Lahore,historical,76.3
2005-02,Punjab,Lahore,historical,92.7
2005-03,Punjab,Lahore,historical,113.6
2005-04,Punjab,Lahore,historical,122.1
2005-05,Punjab,Lahore,historical,93.9
2005-06,Punjab,Lahore,historical,104.8
2005-07,Punjab,Lahore,historical,90.6
2005-08,Punjab,Lahore,historical,66.7
2005-09,Punjab,Lahore,historical,54.9
2005-10,Punjab,Lahore,historical,63.6
2005-11,Punjab,Lahore,historical,63.6
2005-12,Punjab,Lahore,historical,73.4
2006-01,Punjab,Lahore,historical,73.4
2006-02,Punjab,Lahore,historical,75.2
2006-03,Punjab,Lahore,historical,105.4
2006-04,Punjab,Lahore,historical,107.0
2006-05,Punjab,Lahore,historical,112.2
2006-06,Punjab,Lahore,historical,87.0
2006-07,Punjab,Lahore,historical,90.2
2006-08,Punjab,Lahore,historical,73.5
2006-09,Punjab,Lahore,historical,49.2
2006-10,Punjab,Lahore,historical,66.2
2006-11,Punjab,Lahore,historical,54.1
2006-12,Punjab,Lahore,historical,59.9
2007-01,Punjab,Lahore,historical,85.5
2007-02,Punjab,Lahore,historical,96.2
2007-03,Punjab,Lahore,historical,95.4
2007-04,Punjab,Lahore,historical,117.9
2007-05,Punjab,Lahore,historical,106.4
2007-06,Punjab,Lahore,historical,87.0
2007-07,Punjab,Lahore,historical,60.9
2007-08,Punjab,Lahore,historical,73.7
2007-09,Punjab,Lahore,historical,59.5
2007-10,Punjab,Lahore,historical,56.0
2007-11,Punjab,Lahore,historical,75.2
2007-12,Punjab,Lahore,historical,37.9
2008-01,Punjab,Lahore,historical,98.0
2008-02,Punjab,Lahore,historical,113.1
2008-03,Punjab,Lahore,historical,94.5
2008-04,Punjab,Lahore,historical,122.8
2008-05,Punjab,Lahore,historical,96.6
2008-06,Punjab,Lahore,historical,83.6
2008-07,Punjab,Lahore,historical,81.2
2008-08,Punjab,Lahore,historical,91.0
2008-09,Punjab,Lahore,historical,62.8
2008-10,Punjab,Lahore,historical,55.2
2008-11,Punjab,Lahore,historical,69.2
2008-12,Punjab,Lahore,historical,60.9
2009-01,Punjab,Lahore,historical,100.8
2009-02,Punjab,Lahore,historical,115.7
2009-03,Punjab,Lahore,historical,111.8
2009-04,Punjab,Lahore,historical,100.6
2009-05,Punjab,Lahore,historical,119.7
2009-06,Punjab,Lahore,historical,100.0
2009-07,Punjab,Lahore,historical,90.3
2009-08,Punjab,Lahore,historical,82.5
2009-09,Punjab,Lahore,historical,63.7
2009-10,Punjab,Lahore,historical,43.5
2009-11,Punjab,Lahore,historical,76.6
2009-12,Punjab,Lahore,historical,71.9
2010-01,Punjab,Lahore,historical,86.4
2010-02,Punjab,Lahore,historical,103.9
2010-03,Punjab,Lahore,historical,110.4
2010-04,Punjab,Lahore,historical,119.5
2010-05,Punjab,Lahore,historical,109.0
2010-06,Punjab,Lahore,historical,94.2
2010-07,Punjab,Lahore,historical,75.7
2010-08,Punjab,Lahore,historical,62.2
2010-09,Punjab,Lahore,historical,54.8
2010-10,Punjab,Lahore,historical,66.7
2010-11,Punjab,Lahore,historical,54.2
2010-12,Punjab,Lahore,historical,67.1
2011-01,Punjab,Lahore,historical,81.2
2011-02,Punjab,Lahore,historical,102.9
2011-03,Punjab,Lahore,historical,114.5
2011-04,Punjab,Lahore,historical,134.5
2011-05,Punjab,Lahore,historical,89.4
2011-06,Punjab,Lahore,historical,93.6
2011-07,Punjab,Lahore,historical,89.5
2011-08,Punjab,Lahore,historical,47.8
2011-09,Punjab,Lahore,historical,79.7
2011-10,Punjab,Lahore,historical,53.1
2011-11,Punjab,Lahore,historical,48.6
2011-12,Punjab,Lahore,historical,80.4
2012-01,Punjab,Lahore,historical,55.4
2012-02,Punjab,Lahore,historical,99.0
2012-03,Punjab,Lahore,historical,94.4
2012-04,Punjab,Lahore,historical,110.1
2012-05,Punjab,Lahore,historical,111.2
2012-06,Punjab,Lahore,historical,106.1
2012-07,Punjab,Lahore,historical,87.5
2012-08,Punjab,Lahore,historical,94.1
2012-09,Punjab,Lahore,historical,59.1
2012-10,Punjab,Lahore,historical,50.4
2012-11,Punjab,Lahore,historical,73.4
2012-12,Punjab,Lahore,historical,67.7
2013-01,Punjab,Lahore,historical,87.6
2013-02,Punjab,Lahore,historical,48.0
2013-03,Punjab,Lahore,historical,112.1
2013-04,Punjab,Lahore,historical,109.4
2013-05,Punjab,Lahore,historical,101.2
2013-06,Punjab,Lahore,historical,88.3
2013-07,Punjab,Lahore,historical,93.5
2013-08,Punjab,Lahore,historical,43.4
2013-09,Punjab,Lahore,historical,97.0
2013-10,Punjab,Lahore,historical,68.8
2013-11,Punjab,Lahore,historical,62.9
2013-12,Punjab,Lahore,historical,91.9
2014-01,Punjab,Lahore,historical,85.8
2014-02,Punjab,Lahore,historical,85.4
2014-03,Punjab,Lahore,historical,119.2
2014-04,Punjab,Lahore,historical,90.2
2014-05,Punjab,Lahore,historical,113.9
2014-06,Punjab,Lahore,historical,111.1
2014-07,Punjab,Lahore,historical,89.0
2014-08,Punjab,Lahore,historical,50.7
2014-09,Punjab,Lahore,historical,60.8
2014-10,Punjab,Lahore,historical,53.1
2014-11,Punjab,Lahore,historical,49.2
2014-12,Punjab,Lahore,historical,40.1
2015-01,Punjab,Lahore,ssp245,67.1
2015-02,Punjab,Lahore,ssp245,90.0
2015-03,Punjab,Lahore,ssp245,121.3
2015-04,Punjab,Lahore,ssp245,146.1
2015-05,Punjab,Lahore,ssp245,118.0
2015-06,Punjab,Lahore,ssp245,86.6
2015-07,Punjab,Lahore,ssp245,77.5
2015-08,Punjab,Lahore,ssp245,83.1
2015-09,Punjab,Lahore,ssp245,66.9
2015-10,Punjab,Lahore,ssp245,60.3
2015-11,Punjab,Lahore,ssp245,62.2
2015-12,Punjab,Lahore,ssp245,84.9
2016-01,Punjab,Lahore,ssp245,112.3
2016-02,Punjab,Lahore,ssp245,97.5
2016-03,Punjab,Lahore,ssp245,109.7
2016-04,Punjab,Lahore,ssp245,118.0
2016-05,Punjab,Lahore,ssp245,101.9
2016-06,Punjab,Lahore,ssp245,69.4
2016-07,Punjab,Lahore,ssp245,90.3
2016-08,Punjab,Lahore,ssp245,60.5
2016-09,Punjab,Lahore,ssp245,76.9
2016-10,Punjab,Lahore,ssp245,58.6
2016-11,Punjab,Lahore,ssp245,79.4
2016-12,Punjab,Lahore,ssp245,59.3
2017-01,Punjab,Lahore,ssp245,99.0
2017-02,Punjab,Lahore,ssp245,77.3
2017-03,Punjab,Lahore,ssp245,120.8
2017-04,Punjab,Lahore,ssp245,109.4
2017-05,Punjab,Lahore,ssp245,120.9
2017-06,Punjab,Lahore,ssp245,94.1
2017-07,Punjab,Lahore,ssp245,93.7
2017-08,Punjab,Lahore,ssp245,77.5
2017-09,Punjab,Lahore,ssp245,65.8
2017-10,Punjab,Lahore,ssp245,62.9
2017-11,Punjab,Lahore,ssp245,82.7
2017-12,Punjab,Lahore,ssp245,64.0
2018-01,Punjab,Lahore,ssp245,103.5
2018-02,Punjab,Lahore,ssp245,94.7
2018-03,Punjab,Lahore,ssp245,125.2
2018-04,Punjab,Lahore,ssp245,143.7
2018-05,Punjab,Lahore,ssp245,99.4
2018-06,Punjab,Lahore,ssp245,71.8
2018-07,Punjab,Lahore,ssp245,87.9
2018-08,Punjab,Lahore,ssp245,63.0
2018-09,Punjab,Lahore,ssp245,55.0
2018-10,Punjab,Lahore,ssp245,53.9
2018-11,Punjab,Lahore,ssp245,55.1
2018-12,Punjab,Lahore,ssp245,90.8
2019-01,Punjab,Lahore,ssp245,100.8
2019-02,Punjab,Lahore,ssp245,115.3
2019-03,Punjab,Lahore,ssp245,140.4
2019-04,Punjab,Lahore,ssp245,104.4
2019-05,Punjab,Lahore,ssp245,78.4
2019-06,Punjab,Lahore,ssp245,126.8
2019-07,Punjab,Lahore,ssp245,90.0
2019-08,Punjab,Lahore,ssp245,72.2
2019-09,Punjab,Lahore,ssp245,39.5
2019-10,Punjab,Lahore,ssp245,41.7
2019-11,Punjab,Lahore,ssp245,71.9
2019-12,Punjab,Lahore,ssp245,71.4
2020-01,Punjab,Lahore,ssp245,59.4
2020-02,Punjab,Lahore,ssp245,89.1
2020-03,Punjab,Lahore,ssp245,125.1
2020-04,Punjab,Lahore,ssp245,131.9
2020-05,Punjab,Lahore,ssp245,114.4
2020-06,Punjab,Lahore,ssp245,138.2
2020-07,Punjab,Lahore,ssp245,101.0
2020-08,Punjab,Lahore,ssp245,97.3
2020-09,Punjab,Lahore,ssp245,81.0
2020-10,Punjab,Lahore,ssp245,70.8
2020-11,Punjab,Lahore,ssp245,46.6
2020-12,Punjab,Lahore,ssp245,53.5
2021-01,Punjab,Lahore,ssp245,78.6
2021-02,Punjab,Lahore,ssp245,105.5
2021-03,Punjab,Lahore,ssp245,112.5
2021-04,Punjab,Lahore,ssp245,121.1
2021-05,Punjab,Lahore,ssp245,112.4
2021-06,Punjab,Lahore,ssp245,108.7
2021-07,Punjab,Lahore,ssp245,101.4
2021-08,Punjab,Lahore,ssp245,74.9
2021-09,Punjab,Lahore,ssp245,61.0
2021-10,Punjab,Lahore,ssp245,27.2
2021-11,Punjab,Lahore,ssp245,76.1
2021-12,Punjab,Lahore,ssp245,65.1
2022-01,Punjab,Lahore,ssp245,77.4
2022-02,Punjab,Lahore,ssp245,114.4
2022-03,Punjab,Lahore,ssp245,125.3
2022-04,Punjab,Lahore,ssp245,126.0
2022-05,Punjab,Lahore,ssp245,125.9
2022-06,Punjab,Lahore,ssp245,89.3
2022-07,Punjab,Lahore,ssp245,86.7
2022-08,Punjab,Lahore,ssp245,68.7
2022-09,Punjab,Lahore,ssp245,88.0
2022-10,Punjab,Lahore,ssp245,73.2
2022-11,Punjab,Lahore,ssp245,62.7
2022-12,Punjab,Lahore,ssp245,87.0
2023-01,Punjab,Lahore,ssp245,95.0
2023-02,Punjab,Lahore,ssp245,102.6
2023-03,Punjab,Lahore,ssp245,120.4
2023-04,Punjab,Lahore,ssp245,129.2
2023-05,Punjab,Lahore,ssp245,112.7
2023-06,Punjab,Lahore,ssp245,88.3
2023-07,Punjab,Lahore,ssp245,95.2
2023-08,Punjab,Lahore,ssp245,73.3
2023-09,Punjab,Lahore,ssp245,51.8
2023-10,Punjab,Lahore,ssp245,53.0
2023-11,Punjab,Lahore,ssp245,63.6
2023-12,Punjab,Lahore,ssp245,77.4
2024-01,Punjab,Lahore,ssp245,98.3
2024-02,Punjab,Lahore,ssp245,102.3
2024-03,Punjab,Lahore,ssp245,121.2
2024-04,Punjab,Lahore,ssp245,114.3
2024-05,Punjab,Lahore,ssp245,122.6
2024-06,Punjab,Lahore,ssp245,110.6
2024-07,Punjab,Lahore,ssp245,98.9
2024-08,Punjab,Lahore,ssp245,96.3
2024-09,Punjab,Lahore,ssp245,63.9
2024-10,Punjab,Lahore,ssp245,43.3
2024-11,Punjab,Lahore,ssp245,66.7
2024-12,Punjab,Lahore,ssp245,88.5
2025-01,Punjab,Lahore,ssp245,92.4
2025-02,Punjab,Lahore,ssp245,110.2
2025-03,Punjab,Lahore,ssp245,94.1
2025-04,Punjab,Lahore,ssp245,109.3
2025-05,Punjab,Lahore,ssp245,123.4
2025-06,Punjab,Lahore,ssp245,116.4
2025-07,Punjab,Lahore,ssp245,82.8
2025-08,Punjab,Lahore,ssp245,83.4
2025-09,Punjab,Lahore,ssp245,59.4
2025-10,Punjab,Lahore,ssp245,50.0
2025-11,Punjab,Lahore,ssp245,69.6
2025-12,Punjab,Lahore,ssp245,81.8
2026-01,Punjab,Lahore,ssp245,98.1
2026-02,Punjab,Lahore,ssp245,116.4
2026-03,Punjab,Lahore,ssp245,139.0
2026-04,Punjab,Lahore,ssp245,133.4
2026-05,Punjab,Lahore,ssp245,112.8
2026-06,Punjab,Lahore,ssp245,119.5
2026-07,Punjab,Lahore,ssp245,74.5
2026-08,Punjab,Lahore,ssp245,80.9
2026-09,Punjab,Lahore,ssp245,83.1
2026-10,Punjab,Lahore,ssp245,74.6
2026-11,Punjab,Lahore,ssp245,80.4
2026-12,Punjab,Lahore,ssp245,104.6
2027-01,Punjab,Lahore,ssp245,84.4
2027-02,Punjab,Lahore,ssp245,118.2
2027-03,Punjab,Lahore,ssp245,117.0
2027-04,Punjab,Lahore,ssp245,136.5
2027-05,Punjab,Lahore,ssp245,119.9
2027-06,Punjab,Lahore,ssp245,118.4
2027-07,Punjab,Lahore,ssp245,114.4
2027-08,Punjab,Lahore,ssp245,88.7
2027-09,Punjab,Lahore,ssp245,67.8
2027-10,Punjab,Lahore,ssp245,62.1
2027-11,Punjab,Lahore,ssp245,61.7
2027-12,Punjab,Lahore,ssp245,94.3
2028-01,Punjab,Lahore,ssp245,111.9
2028-02,Punjab,Lahore,ssp245,105.8
2028-03,Punjab,Lahore,ssp245,95.8
2028-04,Punjab,Lahore,ssp245,114.8
2028-05,Punjab,Lahore,ssp245,125.0
2028-06,Punjab,Lahore,ssp245,97.0
2028-07,Punjab,Lahore,ssp245,70.1
2028-08,Punjab,Lahore,ssp245,75.8
2028-09,Punjab,Lahore,ssp245,45.1
2028-10,Punjab,Lahore,ssp245,72.0
2028-11,Punjab,Lahore,ssp245,66.4
2028-12,Punjab,Lahore,ssp245,82.6
2029-01,Punjab,Lahore,ssp245,112.6
2029-02,Punjab,Lahore,ssp245,98.1
2029-03,Punjab,Lahore,ssp245,92.4
2029-04,Punjab,Lahore,ssp245,123.6
2029-05,Punjab,Lahore,ssp245,126.4
2029-06,Punjab,Lahore,ssp245,91.7
2029-07,Punjab,Lahore,ssp245,91.6
2029-08,Punjab,Lahore,ssp245,78.0
2029-09,Punjab,Lahore,ssp245,72.7
2029-10,Punjab,Lahore,ssp245,60.8
2029-11,Punjab,Lahore,ssp245,107.0
2029-12,Punjab,Lahore,ssp245,79.4
2030-01,Punjab,Lahore,ssp245,99.2
2030-02,Punjab,Lahore,ssp245,104.6
2030-03,Punjab,Lahore,ssp245,87.0
2030-04,Punjab,Lahore,ssp245,142.8
2030-05,Punjab,Lahore,ssp245,80.5
2030-06,Punjab,Lahore,ssp245,128.7
2030-07,Punjab,Lahore,ssp245,80.2
2030-08,Punjab,Lahore,ssp245,65.9
2030-09,Punjab,Lahore,ssp245,71.9
2030-10,Punjab,Lahore,ssp245,98.1
2030-11,Punjab,Lahore,ssp245,77.6
2030-12,Punjab,Lahore,ssp245,81.3
2031-01,Punjab,Lahore,ssp245,87.9
2031-02,Punjab,Lahore,ssp245,120.2
2031-03,Punjab,Lahore,ssp245,117.3
2031-04,Punjab,Lahore,ssp245,135.1
2031-05,Punjab,Lahore,ssp245,96.9
2031-06,Punjab,Lahore,ssp245,119.0
2031-07,Punjab,Lahore,ssp245,102.4
2031-08,Punjab,Lahore,ssp245,66.8
2031-09,Punjab,Lahore,ssp245,61.0
2031-10,Punjab,Lahore,ssp245,68.8
2031-11,Punjab,Lahore,ssp245,68.2
2031-12,Punjab,Lahore,ssp245,88.5
2032-01,Punjab,Lahore,ssp245,80.2
2032-02,Punjab,Lahore,ssp245,101.3
2032-03,Punjab,Lahore,ssp245,150.4
2032-04,Punjab,Lahore,ssp245,116.0
2032-05,Punjab,Lahore,ssp245,117.7
2032-06,Punjab,Lahore,ssp245,110.8
2032-07,Punjab,Lahore,ssp245,95.6
2032-08,Punjab,Lahore,ssp245,101.0
2032-09,Punjab,Lahore,ssp245,67.9
2032-10,Punjab,Lahore,ssp245,82.7
2032-11,Punjab,Lahore,ssp245,64.4
2032-12,Punjab,Lahore,ssp245,95.7
2033-01,Punjab,Lahore,ssp245,96.9
2033-02,Punjab,Lahore,ssp245,111.5
2033-03,Punjab,Lahore,ssp245,122.9
2033-04,Punjab,Lahore,ssp245,134.9
2033-05,Punjab,Lahore,ssp245,108.7
2033-06,Punjab,Lahore,ssp245,101.5
2033-07,Punjab,Lahore,ssp245,126.5
2033-08,Punjab,Lahore,ssp245,92.9
2033-09,Punjab,Lahore,ssp245,71.6
2033-10,Punjab,Lahore,ssp245,80.9
2033-11,Punjab,Lahore,ssp245,75.6
2033-12,Punjab,Lahore,ssp245,57.6
2034-01,Punjab,Lahore,ssp245,102.8
2034-02,Punjab,Lahore,ssp245,113.1
2034-03,Punjab,Lahore,ssp245,129.5
2034-04,Punjab,Lahore,ssp245,118.8
2034-05,Punjab,Lahore,ssp245,122.3
2034-06,Punjab,Lahore,ssp245,129.8
2034-07,Punjab,Lahore,ssp245,99.2
2034-08,Punjab,Lahore,ssp245,81.8
2034-09,Punjab,Lahore,ssp245,81.9
2034-10,Punjab,Lahore,ssp245,68.4
2034-11,Punjab,Lahore,ssp245,91.2
2034-12,Punjab,Lahore,ssp245,85.4
2035-01,Punjab,Lahore,ssp245,106.3
2035-02,Punjab,Lahore,ssp245,106.5
2035-03,Punjab,Lahore,ssp245,109.8
2035-04,Punjab,Lahore,ssp245,139.0
2035-05,Punjab,Lahore,ssp245,129.5
2035-06,Punjab,Lahore,ssp245,124.2
2035-07,Punjab,Lahore,ssp245,111.6
2035-08,Punjab,Lahore,ssp245,69.3
2035-09,Punjab,Lahore,ssp245,79.7
2035-10,Punjab,Lahore,ssp245,48.6
2035-11,Punjab,Lahore,ssp245,85.0
2035-12,Punjab,Lahore,ssp245,74.6
2036-01,Punjab,Lahore,ssp245,108.6
2036-02,Punjab,Lahore,ssp245,126.0
2036-03,Punjab,Lahore,ssp245,119.9
2036-04,Punjab,Lahore,ssp245,130.4
2036-05,Punjab,Lahore,ssp245,142.8
2036-06,Punjab,Lahore,ssp245,95.5
2036-07,Punjab,Lahore,ssp245,111.4
2036-08,Punjab,Lahore,ssp245,90.8
2036-09,Punjab,Lahore,ssp245,91.4
2036-10,Punjab,Lahore,ssp245,54.1
2036-11,Punjab,Lahore,ssp245,79.3
2036-12,Punjab,Lahore,ssp245,103.8
2037-01,Punjab,Lahore,ssp245,121.1
2037-02,Punjab,Lahore,ssp245,107.6
2037-03,Punjab,Lahore,ssp245,124.2
2037-04,Punjab,Lahore,ssp245,155.5
2037-05,Punjab,Lahore,ssp245,109.6
2037-06,Punjab,Lahore,ssp245,117.3
2037-07,Punjab,Lahore,ssp245,106.3
2037-08,Punjab,Lahore,ssp245,92.4
2037-09,Punjab,Lahore,ssp245,68.0
2037-10,Punjab,Lahore,ssp245,88.9
2037-11,Punjab,Lahore,ssp245,91.7
2037-12,Punjab,Lahore,ssp245,114.0
2038-01,Punjab,Lahore,ssp245,94.3
2038-02,Punjab,Lahore,ssp245,112.3
2038-03,Punjab,Lahore,ssp245,143.0
2038-04,Punjab,Lahore,ssp245,156.1
2038-05,Punjab,Lahore,ssp245,128.8
2038-06,Punjab,Lahore,ssp245,99.1
2038-07,Punjab,Lahore,ssp245,102.2
2038-08,Punjab,Lahore,ssp245,103.6
2038-09,Punjab,Lahore,ssp245,89.8
2038-10,Punjab,Lahore,ssp245,91.8
2038-11,Punjab,Lahore,ssp245,106.1
2038-12,Punjab,Lahore,ssp245,85.9
2039-01,Punjab,Lahore,ssp245,93.8
2039-02,Punjab,Lahore,ssp245,103.9
2039-03,Punjab,Lahore,ssp245,128.2
2039-04,Punjab,Lahore,ssp245,146.7
2039-05,Punjab,Lahore,ssp245,152.2
2039-06,Punjab,Lahore,ssp245,122.6
2039-07,Punjab,Lahore,ssp245,106.1
2039-08,Punjab,Lahore,ssp245,90.4
2039-09,Punjab,Lahore,ssp245,97.8
2039-10,Punjab,Lahore,ssp245,68.5
2039-11,Punjab,Lahore,ssp245,80.8
2039-12,Punjab,Lahore,ssp245,91.4
2040-01,Punjab,Lahore,ssp245,106.1
2040-02,Punjab,Lahore,ssp245,143.8
2040-03,Punjab,Lahore,ssp245,119.2
2040-04,Punjab,Lahore,ssp245,166.3
2040-05,Punjab,Lahore,ssp245,122.4
2040-06,Punjab,Lahore,ssp245,110.2
2040-07,Punjab,Lahore,ssp245,98.4
2040-08,Punjab,Lahore,ssp245,101.4
2040-09,Punjab,Lahore,ssp245,82.8
2040-10,Punjab,Lahore,ssp245,93.8
2040-11,Punjab,Lahore,ssp245,72.5
2040-12,Punjab,Lahore,ssp245,71.8
2041-01,Punjab,Lahore,ssp245,102.6
2041-02,Punjab,Lahore,ssp245,125.0
2041-03,Punjab,Lahore,ssp245,112.7
2041-04,Punjab,Lahore,ssp245,134.1
2041-05,Punjab,Lahore,ssp245,138.8
2041-06,Punjab,Lahore,ssp245,111.3
2041-07,Punjab,Lahore,ssp245,97.2
2041-08,Punjab,Lahore,ssp245,79.9
2041-09,Punjab,Lahore,ssp245,82.1
2041-10,Punjab,Lahore,ssp245,86.2
2041-11,Punjab,Lahore,ssp245,119.6
2041-12,Punjab,Lahore,ssp245,109.4
2042-01,Punjab,Lahore,ssp245,92.0
2042-02,Punjab,Lahore,ssp245,102.5
2042-03,Punjab,Lahore,ssp245,131.2
2042-04,Punjab,Lahore,ssp245,156.8
2042-05,Punjab,Lahore,ssp245,141.3
2042-06,Punjab,Lahore,ssp245,115.9
2042-07,Punjab,Lahore,ssp245,121.8
2042-08,Punjab,Lahore,ssp245,112.8
2042-09,Punjab,Lahore,ssp245,103.8
2042-10,Punjab,Lahore,ssp245,67.4
2042-11,Punjab,Lahore,ssp245,90.7
2042-12,Punjab,Lahore,ssp245,78.7
2043-01,Punjab,Lahore,ssp245,98.9
2043-02,Punjab,Lahore,ssp245,106.8
2043-03,Punjab,Lahore,ssp245,130.2
2043-04,Punjab,Lahore,ssp245,118.8
2043-05,Punjab,Lahore,ssp245,143.8
2043-06,Punjab,Lahore,ssp245,123.5
2043-07,Punjab,Lahore,ssp245,98.6
2043-08,Punjab,Lahore,ssp245,102.2
2043-09,Punjab,Lahore,ssp245,105.6
2043-10,Punjab,Lahore,ssp245,86.6
2043-11,Punjab,Lahore,ssp245,78.4
2043-12,Punjab,Lahore,ssp245,92.6
2044-01,Punjab,Lahore,ssp245,108.9
2044-02,Punjab,Lahore,ssp245,115.2
2044-03,Punjab,Lahore,ssp245,112.4
2044-04,Punjab,Lahore,ssp245,133.5
2044-05,Punjab,Lahore,ssp245,150.8
2044-06,Punjab,Lahore,ssp245,113.9
2044-07,Punjab,Lahore,ssp245,85.8
2044-08,Punjab,Lahore,ssp245,95.8
2044-09,Punjab,Lahore,ssp245,101.0
2044-10,Punjab,Lahore,ssp245,60.9
2044-11,Punjab,Lahore,ssp245,89.4
2044-12,Punjab,Lahore,ssp245,102.5
2045-01,Punjab,Lahore,ssp245,118.2
2045-02,Punjab,Lahore,ssp245,132.4
2045-03,Punjab,Lahore,ssp245,143.4
2045-04,Punjab,Lahore,ssp245,118.9
2045-05,Punjab,Lahore,ssp245,143.6
2045-06,Punjab,Lahore,ssp245,143.4
2045-07,Punjab,Lahore,ssp245,108.8
2045-08,Punjab,Lahore,ssp245,102.7
2045-09,Punjab,Lahore,ssp245,74.6
2045-10,Punjab,Lahore,ssp245,100.9
2045-11,Punjab,Lahore,ssp245,79.9
2045-12,Punjab,Lahore,ssp245,119.5
2046-01,Punjab,Lahore,ssp245,107.3
2046-02,Punjab,Lahore,ssp245,135.0
2046-03,Punjab,Lahore,ssp245,129.6
2046-04,Punjab,Lahore,ssp245,164.6
2046-05,Punjab,Lahore,ssp245,111.1
2046-06,Punjab,Lahore,ssp245,131.3
2046-07,Punjab,Lahore,ssp245,85.8
2046-08,Punjab,Lahore,ssp245,83.3
2046-09,Punjab,Lahore,ssp245,113.2
2046-10,Punjab,Lahore,ssp245,96.8
2046-11,Punjab,Lahore,ssp245,62.9
2046-12,Punjab,Lahore,ssp245,99.1
2047-01,Punjab,Lahore,ssp245,105.1
2047-02,Punjab,Lahore,ssp245,134.5
2047-03,Punjab,Lahore,ssp245,161.4
2047-04,Punjab,Lahore,ssp245,149.7
2047-05,Punjab,Lahore,ssp245,143.2
2047-06,Punjab,Lahore,ssp245,134.0
2047-07,Punjab,Lahore,ssp245,99.5
2047-08,Punjab,Lahore,ssp245,108.8
2047-09,Punjab,Lahore,ssp245,101.6
2047-10,Punjab,Lahore,ssp245,78.1
2047-11,Punjab,Lahore,ssp245,81.5
2047-12,Punjab,Lahore,ssp245,118.8
2048-01,Punjab,Lahore,ssp245,116.8
2048-02,Punjab,Lahore,ssp245,113.4
2048-03,Punjab,Lahore,ssp245,132.9
2048-04,Punjab,Lahore,ssp245,136.3
2048-05,Punjab,Lahore,ssp245,137.7
2048-06,Punjab,Lahore,ssp245,127.5
2048-07,Punjab,Lahore,ssp245,111.4
2048-08,Punjab,Lahore,ssp245,122.4
2048-09,Punjab,Lahore,ssp245,101.4
2048-10,Punjab,Lahore,ssp245,106.1
2048-11,Punjab,Lahore,ssp245,68.9
2048-12,Punjab,Lahore,ssp245,102.5
2049-01,Punjab,Lahore,ssp245,130.3
2049-02,Punjab,Lahore,ssp245,138.5
2049-03,Punjab,Lahore,ssp245,130.6
2049-04,Punjab,Lahore,ssp245,133.4
2049-05,Punjab,Lahore,ssp245,151.9
2049-06,Punjab,Lahore,ssp245,126.7
2049-07,Punjab,Lahore,ssp245,123.9
2049-08,Punjab,Lahore,ssp245,103.7
2049-09,Punjab,Lahore,ssp245,90.1
2049-10,Punjab,Lahore,ssp245,89.5
2049-11,Punjab,Lahore,ssp245,81.0
2049-12,Punjab,Lahore,ssp245,124.0
2050-01,Punjab,Lahore,ssp245,123.1
2050-02,Punjab,Lahore,ssp245,148.1
2050-03,Punjab,Lahore,ssp245,133.5
2050-04,Punjab,Lahore,ssp245,137.1
2050-05,Punjab,Lahore,ssp245,136.4
2050-06,Punjab,Lahore,ssp245,119.2
2050-07,Punjab,Lahore,ssp245,125.3
2050-08,Punjab,Lahore,ssp245,111.9
2050-09,Punjab,Lahore,ssp245,85.9
2050-10,Punjab,Lahore,ssp245,84.8
2050-11,Punjab,Lahore,ssp245,97.6
2050-12,Punjab,Lahore,ssp245,93.3
2051-01,Punjab,Lahore,ssp245,111.7
2051-02,Punjab,Lahore,ssp245,151.2
2051-03,Punjab,Lahore,ssp245,131.6
2051-04,Punjab,Lahore,ssp245,138.4
2051-05,Punjab,Lahore,ssp245,173.8
2051-06,Punjab,Lahore,ssp245,103.8
2051-07,Punjab,Lahore,ssp245,102.2
2051-08,Punjab,Lahore,ssp245,126.9
2051-09,Punjab,Lahore,ssp245,88.2
2051-10,Punjab,Lahore,ssp245,96.3
2051-11,Punjab,Lahore,ssp245,121.1
2051-12,Punjab,Lahore,ssp245,94.7
2052-01,Punjab,Lahore,ssp245,110.3
2052-02,Punjab,Lahore,ssp245,137.3
2052-03,Punjab,Lahore,ssp245,141.3
2052-04,Punjab,Lahore,ssp245,139.3
2052-05,Punjab,Lahore,ssp245,140.7
2052-06,Punjab,Lahore,ssp245,115.1
2052-07,Punjab,Lahore,ssp245,124.5
2052-08,Punjab,Lahore,ssp245,115.4
2052-09,Punjab,Lahore,ssp245,92.4
2052-10,Punjab,Lahore,ssp245,87.9
2052-11,Punjab,Lahore,ssp245,101.7
2052-12,Punjab,Lahore,ssp245,97.9
2053-01,Punjab,Lahore,ssp245,114.9
2053-02,Punjab,Lahore,ssp245,132.0
2053-03,Punjab,Lahore,ssp245,162.2
2053-04,Punjab,Lahore,ssp245,146.4
2053-05,Punjab,Lahore,ssp245,141.9
2053-06,Punjab,Lahore,ssp245,131.1
2053-07,Punjab,Lahore,ssp245,114.4
2053-08,Punjab,Lahore,ssp245,93.1
2053-09,Punjab,Lahore,ssp245,83.5
2053-10,Punjab,Lahore,ssp245,102.9
2053-11,Punjab,Lahore,ssp245,88.2
2053-12,Punjab,Lahore,ssp245,107.1
2054-01,Punjab,Lahore,ssp245,113.7
2054-02,Punjab,Lahore,ssp245,116.7
2054-03,Punjab,Lahore,ssp245,138.2
2054-04,Punjab,Lahore,ssp245,166.0
2054-05,Punjab,Lahore,ssp245,139.0
2054-06,Punjab,Lahore,ssp245,125.5
2054-07,Punjab,Lahore,ssp245,114.8
2054-08,Punjab,Lahore,ssp245,102.2
2054-09,Punjab,Lahore,ssp245,99.3
2054-10,Punjab,Lahore,ssp245,87.4
2054-11,Punjab,Lahore,ssp245,95.3
2054-12,Punjab,Lahore,ssp245,100.5
2055-01,Punjab,Lahore,ssp245,125.5
2055-02,Punjab,Lahore,ssp245,138.9
2055-03,Punjab,Lahore,ssp245,147.9
2055-04,Punjab,Lahore,ssp245,157.1
2055-05,Punjab,Lahore,ssp245,144.0
2055-06,Punjab,Lahore,ssp245,150.8
2055-07,Punjab,Lahore,ssp245,127.3
2055-08,Punjab,Lahore,ssp245,126.7
2055-09,Punjab,Lahore,ssp245,96.3
2055-10,Punjab,Lahore,ssp245,97.2
2055-11,Punjab,Lahore,ssp245,88.7
2055-12,Punjab,Lahore,ssp245,108.0
2056-01,Punjab,Lahore,ssp245,132.4
2056-02,Punjab,Lahore,ssp245,131.1
2056-03,Punjab,Lahore,ssp245,165.4
2056-04,Punjab,Lahore,ssp245,150.2
2056-05,Punjab,Lahore,ssp245,166.7
2056-06,Punjab,Lahore,ssp245,122.6
2056-07,Punjab,Lahore,ssp245,118.7
2056-08,Punjab,Lahore,ssp245,102.0
2056-09,Punjab,Lahore,ssp245,111.4
2056-10,Punjab,Lahore,ssp245,103.0
2056-11,Punjab,Lahore,ssp245,97.5
2056-12,Punjab,Lahore,ssp245,102.9
2057-01,Punjab,Lahore,ssp245,122.4
2057-02,Punjab,Lahore,ssp245,146.1
2057-03,Punjab,Lahore,ssp245,157.8
2057-04,Punjab,Lahore,ssp245,150.1
2057-05,Punjab,Lahore,ssp245,141.4
2057-06,Punjab,Lahore,ssp245,138.4
2057-07,Punjab,Lahore,ssp245,124.9
2057-08,Punjab,Lahore,ssp245,112.6
2057-09,Punjab,Lahore,ssp245,93.4
2057-10,Punjab,Lahore,ssp245,118.1
2057-11,Punjab,Lahore,ssp245,91.3
2057-12,Punjab,Lahore,ssp245,129.3
2058-01,Punjab,Lahore,ssp245,141.7
2058-02,Punjab,Lahore,ssp245,150.0
2058-03,Punjab,Lahore,ssp245,172.2
2058-04,Punjab,Lahore,ssp245,159.0
2058-05,Punjab,Lahore,ssp245,144.1
2058-06,Punjab,Lahore,ssp245,131.3
2058-07,Punjab,Lahore,ssp245,115.5
2058-08,Punjab,Lahore,ssp245,121.2
2058-09,Punjab,Lahore,ssp245,81.1
2058-10,Punjab,Lahore,ssp245,78.2
2058-11,Punjab,Lahore,ssp245,120.2
2058-12,Punjab,Lahore,ssp245,123.8
2059-01,Punjab,Lahore,ssp245,130.0
2059-02,Punjab,Lahore,ssp245,150.6
2059-03,Punjab,Lahore,ssp245,159.0
2059-04,Punjab,Lahore,ssp245,150.4
2059-05,Punjab,Lahore,ssp245,130.1
2059-06,Punjab,Lahore,ssp245,155.6
2059-07,Punjab,Lahore,ssp245,130.9
2059-08,Punjab,Lahore,ssp245,93.5
2059-09,Punjab,Lahore,ssp245,103.0
2059-10,Punjab,Lahore,ssp245,91.5
2059-11,Punjab,Lahore,ssp245,99.9
2059-12,Punjab,Lahore,ssp245,107.4
2060-01,Punjab,Lahore,ssp245,132.8
2060-02,Punjab,Lahore,ssp245,136.9
2060-03,Punjab,Lahore,ssp245,135.0
2060-04,Punjab,Lahore,ssp245,162.4
2060-05,Punjab,Lahore,ssp245,156.4
2060-06,Punjab,Lahore,ssp245,121.5
2060-07,Punjab,Lahore,ssp245,131.4
2060-08,Punjab,Lahore,ssp245,123.7
2060-09,Punjab,Lahore,ssp245,100.2
2060-10,Punjab,Lahore,ssp245,100.9
2060-11,Punjab,Lahore,ssp245,92.4
2060-12,Punjab,Lahore,ssp245,90.0
2061-01,Punjab,Lahore,ssp245,133.3
2061-02,Punjab,Lahore,ssp245,139.5
2061-03,Punjab,Lahore,ssp245,156.4
2061-04,Punjab,Lahore,ssp245,151.7
2061-05,Punjab,Lahore,ssp245,147.7
2061-06,Punjab,Lahore,ssp245,143.0
2061-07,Punjab,Lahore,ssp245,126.3
2061-08,Punjab,Lahore,ssp245,124.4
2061-09,Punjab,Lahore,ssp245,97.6
2061-10,Punjab,Lahore,ssp245,80.8
2061-11,Punjab,Lahore,ssp245,105.1
2061-12,Punjab,Lahore,ssp245,96.7
2062-01,Punjab,Lahore,ssp245,94.8
2062-02,Punjab,Lahore,ssp245,127.4
2062-03,Punjab,Lahore,ssp245,146.2
2062-04,Punjab,Lahore,ssp245,145.4
2062-05,Punjab,Lahore,ssp245,132.1
2062-06,Punjab,Lahore,ssp245,139.0
2062-07,Punjab,Lahore,ssp245,143.8
2062-08,Punjab,Lahore,ssp245,124.9
2062-09,Punjab,Lahore,ssp245,104.2
2062-10,Punjab,Lahore,ssp245,112.3
2062-11,Punjab,Lahore,ssp245,98.5
2062-12,Punjab,Lahore,ssp245,103.1
2063-01,Punjab,Lahore,ssp245,137.3
2063-02,Punjab,Lahore,ssp245,128.5
2063-03,Punjab,Lahore,ssp245,157.1
2063-04,Punjab,Lahore,ssp245,156.3
2063-05,Punjab,Lahore,ssp245,148.3
2063-06,Punjab,Lahore,ssp245,136.9
2063-07,Punjab,Lahore,ssp245,143.7
2063-08,Punjab,Lahore,ssp245,94.6
2063-09,Punjab,Lahore,ssp245,108.5
2063-10,Punjab,Lahore,ssp245,97.6
2063-11,Punjab,Lahore,ssp245,95.6
2063-12,Punjab,Lahore,ssp245,116.0
2064-01,Punjab,Lahore,ssp245,133.6
2064-02,Punjab,Lahore,ssp245,142.7
2064-03,Punjab,Lahore,ssp245,156.9
2064-04,Punjab,Lahore,ssp245,175.9
2064-05,Punjab,Lahore,ssp245,146.2
2064-06,Punjab,Lahore,ssp245,149.2
2064-07,Punjab,Lahore,ssp245,107.5
2064-08,Punjab,Lahore,ssp245,122.0
2064-09,Punjab,Lahore,ssp245,81.9
2064-10,Punjab,Lahore,ssp245,110.5
2064-11,Punjab,Lahore,ssp245,100.0
2064-12,Punjab,Lahore,ssp245,118.5
2065-01,Punjab,Lahore,ssp245,111.6
2065-02,Punjab,Lahore,ssp245,144.8
2065-03,Punjab,Lahore,ssp245,165.4
2065-04,Punjab,Lahore,ssp245,166.5
2065-05,Punjab,Lahore,ssp245,154.7
2065-06,Punjab,Lahore,ssp245,144.7
2065-07,Punjab,Lahore,ssp245,145.7
2065-08,Punjab,Lahore,ssp245,126.6
2065-09,Punjab,Lahore,ssp245,98.9
2065-10,Punjab,Lahore,ssp245,95.8
2065-11,Punjab,Lahore,ssp245,98.3
2065-12,Punjab,Lahore,ssp245,116.9
2066-01,Punjab,Lahore,ssp245,116.4
2066-02,Punjab,Lahore,ssp245,117.5
2066-03,Punjab,Lahore,ssp245,152.9
2066-04,Punjab,Lahore,ssp245,162.8
2066-05,Punjab,Lahore,ssp245,158.2
2066-06,Punjab,Lahore,ssp245,159.7
2066-07,Punjab,Lahore,ssp245,115.2
2066-08,Punjab,Lahore,ssp245,111.4
2066-09,Punjab,Lahore,ssp245,89.3
2066-10,Punjab,Lahore,ssp245,107.4
2066-11,Punjab,Lahore,ssp245,106.7
2066-12,Punjab,Lahore,ssp245,112.1
2067-01,Punjab,Lahore,ssp245,132.9
2067-02,Punjab,Lahore,ssp245,137.2
2067-03,Punjab,Lahore,ssp245,143.4
2067-04,Punjab,Lahore,ssp245,180.9
2067-05,Punjab,Lahore,ssp245,167.3
2067-06,Punjab,Lahore,ssp245,144.3
2067-07,Punjab,Lahore,ssp245,112.9
2067-08,Punjab,Lahore,ssp245,116.2
2067-09,Punjab,Lahore,ssp245,116.3
2067-10,Punjab,Lahore,ssp245,107.4
2067-11,Punjab,Lahore,ssp245,122.1
2067-12,Punjab,Lahore,ssp245,135.2
2068-01,Punjab,Lahore,ssp245,132.2
2068-02,Punjab,Lahore,ssp245,141.3
2068-03,Punjab,Lahore,ssp245,151.2
2068-04,Punjab,Lahore,ssp245,156.1
2068-05,Punjab,Lahore,ssp245,169.4
2068-06,Punjab,Lahore,ssp245,142.2
2068-07,Punjab,Lahore,ssp245,112.1
2068-08,Punjab,Lahore,ssp245,126.0
2068-09,Punjab,Lahore,ssp245,108.5
2068-10,Punjab,Lahore,ssp245,100.1
2068-11,Punjab,Lahore,ssp245,84.6
2068-12,Punjab,Lahore,ssp245,135.4
2069-01,Punjab,Lahore,ssp245,143.3
2069-02,Punjab,Lahore,ssp245,133.6
2069-03,Punjab,Lahore,ssp245,160.5
2069-04,Punjab,Lahore,ssp245,148.4
2069-05,Punjab,Lahore,ssp245,141.1
2069-06,Punjab,Lahore,ssp245,121.5
2069-07,Punjab,Lahore,ssp245,144.8
2069-08,Punjab,Lahore,ssp245,132.3
2069-09,Punjab,Lahore,ssp245,106.8
2069-10,Punjab,Lahore,ssp245,106.4
2069-11,Punjab,Lahore,ssp245,133.6
2069-12,Punjab,Lahore,ssp245,111.5
2070-01,Punjab,Lahore,ssp245,119.9
2070-02,Punjab,Lahore,ssp245,150.9
2070-03,Punjab,Lahore,ssp245,166.6
2070-04,Punjab,Lahore,ssp245,159.5
2070-05,Punjab,Lahore,ssp245,141.2
2070-06,Punjab,Lahore,ssp245,139.6
2070-07,Punjab,Lahore,ssp245,144.6
2070-08,Punjab,Lahore,ssp245,131.1
2070-09,Punjab,Lahore,ssp245,90.2
2070-10,Punjab,Lahore,ssp245,92.3
2070-11,Punjab,Lahore,ssp245,99.2
2070-12,Punjab,Lahore,ssp245,121.9
2071-01,Punjab,Lahore,ssp245,164.7
2071-02,Punjab,Lahore,ssp245,146.5
2071-03,Punjab,Lahore,ssp245,161.3
2071-04,Punjab,Lahore,ssp245,154.0
2071-05,Punjab,Lahore,ssp245,194.1
2071-06,Punjab,Lahore,ssp245,142.7
2071-07,Punjab,Lahore,ssp245,130.1
2071-08,Punjab,Lahore,ssp245,124.8
2071-09,Punjab,Lahore,ssp245,95.6
2071-10,Punjab,Lahore,ssp245,119.5
2071-11,Punjab,Lahore,ssp245,112.8
2071-12,Punjab,Lahore,ssp245,112.3
2072-01,Punjab,Lahore,ssp245,129.5
2072-02,Punjab,Lahore,ssp245,126.7
2072-03,Punjab,Lahore,ssp245,154.3
2072-04,Punjab,Lahore,ssp245,135.8
2072-05,Punjab,Lahore,ssp245,155.8
2072-06,Punjab,Lahore,ssp245,145.1
2072-07,Punjab,Lahore,ssp245,130.0
2072-08,Punjab,Lahore,ssp245,116.3
2072-09,Punjab,Lahore,ssp245,102.8
2072-10,Punjab,Lahore,ssp245,126.0
2072-11,Punjab,Lahore,ssp245,132.4
2072-12,Punjab,Lahore,ssp245,121.9
2073-01,Punjab,Lahore,ssp245,152.9
2073-02,Punjab,Lahore,ssp245,148.2
2073-03,Punjab,Lahore,ssp245,158.5
2073-04,Punjab,Lahore,ssp245,155.5
2073-05,Punjab,Lahore,ssp245,171.6
2073-06,Punjab,Lahore,ssp245,160.4
2073-07,Punjab,Lahore,ssp245,121.9
2073-08,Punjab,Lahore,ssp245,126.8
2073-09,Punjab,Lahore,ssp245,107.9
2073-10,Punjab,Lahore,ssp245,99.3
2073-11,Punjab,Lahore,ssp245,114.5
2073-12,Punjab,Lahore,ssp245,100.3
2074-01,Punjab,Lahore,ssp245,133.5
2074-02,Punjab,Lahore,ssp245,177.5
2074-03,Punjab,Lahore,ssp245,169.0
2074-04,Punjab,Lahore,ssp245,152.5
2074-05,Punjab,Lahore,ssp245,170.7
2074-06,Punjab,Lahore,ssp245,154.5
2074-07,Punjab,Lahore,ssp245,135.4
2074-08,Punjab,Lahore,ssp245,118.1
2074-09,Punjab,Lahore,ssp245,115.6
2074-10,Punjab,Lahore,ssp245,104.3
2074-11,Punjab,Lahore,ssp245,113.5
2074-12,Punjab,Lahore,ssp245,135.6
2075-01,Punjab,Lahore,ssp245,150.6
2075-02,Punjab,Lahore,ssp245,137.3
2075-03,Punjab,Lahore,ssp245,158.3
2075-04,Punjab,Lahore,ssp245,188.9
2075-05,Punjab,Lahore,ssp245,187.7
2075-06,Punjab,Lahore,ssp245,159.1
2075-07,Punjab,Lahore,ssp245,161.3
2075-08,Punjab,Lahore,ssp245,142.3
2075-09,Punjab,Lahore,ssp245,114.8
2075-10,Punjab,Lahore,ssp245,87.1
2075-11,Punjab,Lahore,ssp245,115.9
2075-12,Punjab,Lahore,ssp245,110.4
2076-01,Punjab,Lahore,ssp245,142.8
2076-02,Punjab,Lahore,ssp245,177.6
2076-03,Punjab,Lahore,ssp245,168.5
2076-04,Punjab,Lahore,ssp245,158.9
2076-05,Punjab,Lahore,ssp245,150.3
2076-06,Punjab,Lahore,ssp245,129.9
2076-07,Punjab,Lahore,ssp245,116.8
2076-08,Punjab,Lahore,ssp245,148.7
2076-09,Punjab,Lahore,ssp245,128.6
2076-10,Punjab,Lahore,ssp245,112.2
2076-11,Punjab,Lahore,ssp245,115.7
2076-12,Punjab,Lahore,ssp245,127.3
2077-01,Punjab,Lahore,ssp245,141.8
2077-02,Punjab,Lahore,ssp245,174.0
2077-03,Punjab,Lahore,ssp245,171.3
2077-04,Punjab,Lahore,ssp245,144.4
2077-05,Punjab,Lahore,ssp245,180.1
2077-06,Punjab,Lahore,ssp245,131.3
2077-07,Punjab,Lahore,ssp245,137.2
2077-08,Punjab,Lahore,ssp245,110.7
2077-09,Punjab,Lahore,ssp245,119.0
2077-10,Punjab,Lahore,ssp245,98.6
2077-11,Punjab,Lahore,ssp245,100.8
2077-12,Punjab,Lahore,ssp245,115.4
2078-01,Punjab,Lahore,ssp245,153.4
2078-02,Punjab,Lahore,ssp245,154.5
2078-03,Punjab,Lahore,ssp245,175.8
2078-04,Punjab,Lahore,ssp245,188.6
2078-05,Punjab,Lahore,ssp245,170.4
2078-06,Punjab,Lahore,ssp245,164.6
2078-07,Punjab,Lahore,ssp245,130.9
2078-08,Punjab,Lahore,ssp245,128.5
2078-09,Punjab,Lahore,ssp245,104.6
2078-10,Punjab,Lahore,ssp245,122.9
2078-11,Punjab,Lahore,ssp245,131.3
2078-12,Punjab,Lahore,ssp245,142.3
2079-01,Punjab,Lahore,ssp245,143.5
2079-02,Punjab,Lahore,ssp245,169.5
2079-03,Punjab,Lahore,ssp245,166.3
2079-04,Punjab,Lahore,ssp245,164.7
2079-05,Punjab,Lahore,ssp245,174.8
2079-06,Punjab,Lahore,ssp245,167.6
2079-07,Punjab,Lahore,ssp245,172.8
2079-08,Punjab,Lahore,ssp245,139.9
2079-09,Punjab,Lahore,ssp245,106.2
2079-10,Punjab,Lahore,ssp245,104.1
2079-11,Punjab,Lahore,ssp245,103.7
2079-12,Punjab,Lahore,ssp245,131.8
2080-01,Punjab,Lahore,ssp245,130.6
2080-02,Punjab,Lahore,ssp245,176.5
2080-03,Punjab,Lahore,ssp245,165.3
2080-04,Punjab,Lahore,ssp245,181.2
2080-05,Punjab,Lahore,ssp245,171.2
2080-06,Punjab,Lahore,ssp245,163.6
2080-07,Punjab,Lahore,ssp245,131.9
2080-08,Punjab,Lahore,ssp245,131.0
2080-09,Punjab,Lahore,ssp245,115.8
2080-10,Punjab,Lahore,ssp245,116.4
2080-11,Punjab,Lahore,ssp245,123.1
2080-12,Punjab,Lahore,ssp245,140.6
2081-01,Punjab,Lahore,ssp245,139.8
2081-02,Punjab,Lahore,ssp245,170.4
2081-03,Punjab,Lahore,ssp245,174.3
2081-04,Punjab,Lahore,ssp245,195.1
2081-05,Punjab,Lahore,ssp245,127.4
2081-06,Punjab,Lahore,ssp245,151.8
2081-07,Punjab,Lahore,ssp245,162.5
2081-08,Punjab,Lahore,ssp245,99.8
2081-09,Punjab,Lahore,ssp245,141.5
2081-10,Punjab,Lahore,ssp245,119.7
2081-11,Punjab,Lahore,ssp245,96.1
2081-12,Punjab,Lahore,ssp245,142.1
2082-01,Punjab,Lahore,ssp245,133.1
2082-02,Punjab,Lahore,ssp245,149.0
2082-03,Punjab,Lahore,ssp245,190.0
2082-04,Punjab,Lahore,ssp245,169.8
2082-05,Punjab,Lahore,ssp245,158.8
2082-06,Punjab,Lahore,ssp245,187.0
2082-07,Punjab,Lahore,ssp245,159.2
2082-08,Punjab,Lahore,ssp245,129.1
2082-09,Punjab,Lahore,ssp245,113.1
2082-10,Punjab,Lahore,ssp245,117.0
2082-11,Punjab,Lahore,ssp245,143.8
2082-12,Punjab,Lahore,ssp245,121.0
2083-01,Punjab,Lahore,ssp245,131.2
2083-02,Punjab,Lahore,ssp245,178.2
2083-03,Punjab,Lahore,ssp245,168.4
2083-04,Punjab,Lahore,ssp245,177.1
2083-05,Punjab,Lahore,ssp245,178.9
2083-06,Punjab,Lahore,ssp245,157.0
2083-07,Punjab,Lahore,ssp245,116.9
2083-08,Punjab,Lahore,ssp245,131.6
2083-09,Punjab,Lahore,ssp245,140.3
2083-10,Punjab,Lahore,ssp245,148.7
2083-11,Punjab,Lahore,ssp245,122.9
2083-12,Punjab,Lahore,ssp245,134.3
2084-01,Punjab,Lahore,ssp245,166.3
2084-02,Punjab,Lahore,ssp245,170.4
2084-03,Punjab,Lahore,ssp245,176.8
2084-04,Punjab,Lahore,ssp245,151.2
2084-05,Punjab,Lahore,ssp245,167.7
2084-06,Punjab,Lahore,ssp245,165.8
2084-07,Punjab,Lahore,ssp245,129.6
2084-08,Punjab,Lahore,ssp245,130.6
2084-09,Punjab,Lahore,ssp245,147.3
2084-10,Punjab,Lahore,ssp245,118.2
2084-11,Punjab,Lahore,ssp245,106.8
2084-12,Punjab,Lahore,ssp245,111.2
2085-01,Punjab,Lahore,ssp245,149.5
2085-02,Punjab,Lahore,ssp245,156.2
2085-03,Punjab,Lahore,ssp245,162.7
2085-04,Punjab,Lahore,ssp245,180.7
2085-05,Punjab,Lahore,ssp245,177.8
2085-06,Punjab,Lahore,ssp245,166.2
2085-07,Punjab,Lahore,ssp245,154.6
2085-08,Punjab,Lahore,ssp245,120.4
2085-09,Punjab,Lahore,ssp245,117.9
2085-10,Punjab,Lahore,ssp245,118.3
2085-11,Punjab,Lahore,ssp245,125.6
2085-12,Punjab,Lahore,ssp245,149.4
2086-01,Punjab,Lahore,ssp245,141.2
2086-02,Punjab,Lahore,ssp245,154.6
2086-03,Punjab,Lahore,ssp245,194.1
2086-04,Punjab,Lahore,ssp245,180.7
2086-05,Punjab,Lahore,ssp245,157.0
2086-06,Punjab,Lahore,ssp245,160.9
2086-07,Punjab,Lahore,ssp245,135.1
2086-08,Punjab,Lahore,ssp245,122.5
2086-09,Punjab,Lahore,ssp245,109.9
2086-10,Punjab,Lahore,ssp245,113.2
2086-11,Punjab,Lahore,ssp245,153.9
2086-12,Punjab,Lahore,ssp245,150.6
2087-01,Punjab,Lahore,ssp245,169.4
2087-02,Punjab,Lahore,ssp245,179.6
2087-03,Punjab,Lahore,ssp245,174.1
2087-04,Punjab,Lahore,ssp245,184.9
2087-05,Punjab,Lahore,ssp245,177.3
2087-06,Punjab,Lahore,ssp245,152.1
2087-07,Punjab,Lahore,ssp245,137.0
2087-08,Punjab,Lahore,ssp245,149.8
2087-09,Punjab,Lahore,ssp245,112.3
2087-10,Punjab,Lahore,ssp245,127.0
2087-11,Punjab,Lahore,ssp245,136.7
2087-12,Punjab,Lahore,ssp245,148.2
2088-01,Punjab,Lahore,ssp245,157.3
2088-02,Punjab,Lahore,ssp245,151.0
2088-03,Punjab,Lahore,ssp245,183.8
2088-04,Punjab,Lahore,ssp245,178.8
2088-05,Punjab,Lahore,ssp245,164.3
2088-06,Punjab,Lahore,ssp245,141.1
2088-07,Punjab,Lahore,ssp245,158.8
2088-08,Punjab,Lahore,ssp245,119.1
2088-09,Punjab,Lahore,ssp245,107.0
2088-10,Punjab,Lahore,ssp245,148.0
2088-11,Punjab,Lahore,ssp245,113.7
2088-12,Punjab,Lahore,ssp245,134.0
2089-01,Punjab,Lahore,ssp245,154.4
2089-02,Punjab,Lahore,ssp245,168.4
2089-03,Punjab,Lahore,ssp245,164.6
2089-04,Punjab,Lahore,ssp245,172.4
2089-05,Punjab,Lahore,ssp245,188.3
2089-06,Punjab,Lahore,ssp245,164.2
2089-07,Punjab,Lahore,ssp245,153.7
2089-08,Punjab,Lahore,ssp245,112.2
2089-09,Punjab,Lahore,ssp245,122.6
2089-10,Punjab,Lahore,ssp245,137.4
2089-11,Punjab,Lahore,ssp245,120.7
2089-12,Punjab,Lahore,ssp245,128.1
2090-01,Punjab,Lahore,ssp245,159.3
2090-02,Punjab,Lahore,ssp245,176.2
2090-03,Punjab,Lahore,ssp245,183.0
2090-04,Punjab,Lahore,ssp245,175.2
2090-05,Punjab,Lahore,ssp245,188.6
2090-06,Punjab,Lahore,ssp245,189.8
2090-07,Punjab,Lahore,ssp245,170.0
2090-08,Punjab,Lahore,ssp245,120.9
2090-09,Punjab,Lahore,ssp245,168.8
2090-10,Punjab,Lahore,ssp245,110.2
2090-11,Punjab,Lahore,ssp245,115.3
2090-12,Punjab,Lahore,ssp245,145.3
2091-01,Punjab,Lahore,ssp245,154.2
2091-02,Punjab,Lahore,ssp245,174.1
2091-03,Punjab,Lahore,ssp245,196.6
2091-04,Punjab,Lahore,ssp245,195.5
2091-05,Punjab,Lahore,ssp245,168.3
2091-06,Punjab,Lahore,ssp245,170.7
2091-07,Punjab,Lahore,ssp245,168.9
2091-08,Punjab,Lahore,ssp245,155.6
2091-09,Punjab,Lahore,ssp245,146.4
2091-10,Punjab,Lahore,ssp245,138.8
2091-11,Punjab,Lahore,ssp245,141.2
2091-12,Punjab,Lahore,ssp245,135.7
2092-01,Punjab,Lahore,ssp245,139.3
2092-02,Punjab,Lahore,ssp245,175.8
2092-03,Punjab,Lahore,ssp245,174.8
2092-04,Punjab,Lahore,ssp245,200.5
2092-05,Punjab,Lahore,ssp245,169.5
2092-06,Punjab,Lahore,ssp245,165.8
2092-07,Punjab,Lahore,ssp245,151.3
2092-08,Punjab,Lahore,ssp245,155.5
2092-09,Punjab,Lahore,ssp245,142.6
2092-10,Punjab,Lahore,ssp245,129.5
2092-11,Punjab,Lahore,ssp245,136.8
2092-12,Punjab,Lahore,ssp245,164.2
2093-01,Punjab,Lahore,ssp245,134.5
2093-02,Punjab,Lahore,ssp245,181.0
2093-03,Punjab,Lahore,ssp245,195.6
2093-04,Punjab,Lahore,ssp245,201.1
2093-05,Punjab,Lahore,ssp245,192.1
2093-06,Punjab,Lahore,ssp245,161.6
2093-07,Punjab,Lahore,ssp245,150.8
2093-08,Punjab,Lahore,ssp245,152.5
2093-09,Punjab,Lahore,ssp245,126.2
2093-10,Punjab,Lahore,ssp245,127.6
2093-11,Punjab,Lahore,ssp245,114.5
2093-12,Punjab,Lahore,ssp245,128.9
2094-01,Punjab,Lahore,ssp245,162.8
2094-02,Punjab,Lahore,ssp245,166.8
2094-03,Punjab,Lahore,ssp245,172.8
2094-04,Punjab,Lahore,ssp245,183.9
2094-05,Punjab,Lahore,ssp245,186.6
2094-06,Punjab,Lahore,ssp245,169.2
2094-07,Punjab,Lahore,ssp245,161.0
2094-08,Punjab,Lahore,ssp245,146.0
2094-09,Punjab,Lahore,ssp245,131.5
2094-10,Punjab,Lahore,ssp245,131.0
2094-11,Punjab,Lahore,ssp245,123.5
2094-12,Punjab,Lahore,ssp245,138.7
2095-01,Punjab,Lahore,ssp245,135.5
2095-02,Punjab,Lahore,ssp245,158.2
2095-03,Punjab,Lahore,ssp245,168.2
2095-04,Punjab,Lahore,ssp245,182.2
2095-05,Punjab,Lahore,ssp245,198.3
2095-06,Punjab,Lahore,ssp245,173.4
2095-07,Punjab,Lahore,ssp245,161.7
2095-08,Punjab,Lahore,ssp245,133.7
2095-09,Punjab,Lahore,ssp245,139.5
2095-10,Punjab,Lahore,ssp245,154.0
2095-11,Punjab,Lahore,ssp245,134.8
2095-12,Punjab,Lahore,ssp245,135.5
2096-01,Punjab,Lahore,ssp245,145.1
2096-02,Punjab,Lahore,ssp245,177.6
2096-03,Punjab,Lahore,ssp245,172.3
2096-04,Punjab,Lahore,ssp245,197.5
2096-05,Punjab,Lahore,ssp245,171.6
2096-06,Punjab,Lahore,ssp245,153.1
2096-07,Punjab,Lahore,ssp245,166.9
2096-08,Punjab,Lahore,ssp245,130.1
2096-09,Punjab,Lahore,ssp245,144.5
2096-10,Punjab,Lahore,ssp245,146.5
2096-11,Punjab,Lahore,ssp245,129.2
2096-12,Punjab,Lahore,ssp245,149.8
2097-01,Punjab,Lahore,ssp245,179.1
2097-02,Punjab,Lahore,ssp245,169.2
2097-03,Punjab,Lahore,ssp245,206.1
2097-04,Punjab,Lahore,ssp245,185.0
2097-05,Punjab,Lahore,ssp245,173.5
2097-06,Punjab,Lahore,ssp245,176.7
2097-07,Punjab,Lahore,ssp245,164.5
2097-08,Punjab,Lahore,ssp245,162.4
2097-09,Punjab,Lahore,ssp245,149.1
2097-10,Punjab,Lahore,ssp245,138.8
2097-11,Punjab,Lahore,ssp245,146.3
2097-12,Punjab,Lahore,ssp245,150.4
2098-01,Punjab,Lahore,ssp245,172.4
2098-02,Punjab,Lahore,ssp245,169.4
2098-03,Punjab,Lahore,ssp245,172.4
2098-04,Punjab,Lahore,ssp245,192.9
2098-05,Punjab,Lahore,ssp245,221.3
2098-06,Punjab,Lahore,ssp245,186.9
2098-07,Punjab,Lahore,ssp245,153.5
2098-08,Punjab,Lahore,ssp245,166.8
2098-09,Punjab,Lahore,ssp245,114.5
2098-10,Punjab,Lahore,ssp245,131.7
2098-11,Punjab,Lahore,ssp245,143.9
2098-12,Punjab,Lahore,ssp245,140.4
2099-01,Punjab,Lahore,ssp245,155.4
2099-02,Punjab,Lahore,ssp245,174.9
2099-03,Punjab,Lahore,ssp245,180.3
2099-04,Punjab,Lahore,ssp245,181.0
2099-05,Punjab,Lahore,ssp245,173.5
2099-06,Punjab,Lahore,ssp245,157.2
2099-07,Punjab,Lahore,ssp245,151.1
2099-08,Punjab,Lahore,ssp245,148.4
2099-09,Punjab,Lahore,ssp245,152.6
2099-10,Punjab,Lahore,ssp245,127.4
2099-11,Punjab,Lahore,ssp245,124.1
2099-12,Punjab,Lahore,ssp245,170.8
2100-01,Punjab,Lahore,ssp245,149.3
2100-02,Punjab,Lahore,ssp245,179.3
2100-03,Punjab,Lahore,ssp245,176.2
2100-04,Punjab,Lahore,ssp245,182.8
2100-05,Punjab,Lahore,ssp245,193.5
2100-06,Punjab,Lahore,ssp245,184.3
2100-07,Punjab,Lahore,ssp245,180.9
2100-08,Punjab,Lahore,ssp245,159.3
2100-09,Punjab,Lahore,ssp245,142.5
2100-10,Punjab,Lahore,ssp245,145.0
2100-11,Punjab,Lahore,ssp245,127.4
2100-12,Punjab,Lahore,ssp245,166.6
2015-01,Punjab,Lahore,ssp585,89.6
2015-02,Punjab,Lahore,ssp585,103.1
2015-03,Punjab,Lahore,ssp585,114.9
2015-04,Punjab,Lahore,ssp585,90.9
2015-05,Punjab,Lahore,ssp585,91.9
2015-06,Punjab,Lahore,ssp585,98.8
2015-07,Punjab,Lahore,ssp585,85.2
2015-08,Punjab,Lahore,ssp585,77.2
2015-09,Punjab,Lahore,ssp585,60.9
2015-10,Punjab,Lahore,ssp585,53.4
2015-11,Punjab,Lahore,ssp585,76.6
2015-12,Punjab,Lahore,ssp585,74.7
2016-01,Punjab,Lahore,ssp585,94.1
2016-02,Punjab,Lahore,ssp585,114.2
2016-03,Punjab,Lahore,ssp585,125.5
2016-04,Punjab,Lahore,ssp585,116.6
2016-05,Punjab,Lahore,ssp585,118.5
2016-06,Punjab,Lahore,ssp585,102.3
2016-07,Punjab,Lahore,ssp585,99.3
2016-08,Punjab,Lahore,ssp585,101.7
2016-09,Punjab,Lahore,ssp585,47.1
2016-10,Punjab,Lahore,ssp585,47.4
2016-11,Punjab,Lahore,ssp585,82.6
2016-12,Punjab,Lahore,ssp585,74.2
2017-01,Punjab,Lahore,ssp585,80.0
2017-02,Punjab,Lahore,ssp585,90.6
2017-03,Punjab,Lahore,ssp585,122.8
2017-04,Punjab,Lahore,ssp585,121.6
2017-05,Punjab,Lahore,ssp585,137.4
2017-06,Punjab,Lahore,ssp585,99.2
2017-07,Punjab,Lahore,ssp585,98.7
2017-08,Punjab,Lahore,ssp585,95.0
2017-09,Punjab,Lahore,ssp585,43.6
2017-10,Punjab,Lahore,ssp585,45.1
2017-11,Punjab,Lahore,ssp585,66.7
2017-12,Punjab,Lahore,ssp585,65.7
2018-01,Punjab,Lahore,ssp585,81.8
2018-02,Punjab,Lahore,ssp585,92.7
2018-03,Punjab,Lahore,ssp585,109.9
2018-04,Punjab,Lahore,ssp585,103.6
2018-05,Punjab,Lahore,ssp585,95.0
2018-06,Punjab,Lahore,ssp585,107.3
2018-07,Punjab,Lahore,ssp585,90.0
2018-08,Punjab,Lahore,ssp585,87.6
2018-09,Punjab,Lahore,ssp585,71.5
2018-10,Punjab,Lahore,ssp585,66.6
2018-11,Punjab,Lahore,ssp585,74.8
2018-12,Punjab,Lahore,ssp585,62.8
2019-01,Punjab,Lahore,ssp585,82.5
2019-02,Punjab,Lahore,ssp585,106.9
2019-03,Punjab,Lahore,ssp585,126.1
2019-04,Punjab,Lahore,ssp585,126.1
2019-05,Punjab,Lahore,ssp585,111.0
2019-06,Punjab,Lahore,ssp585,101.3
2019-07,Punjab,Lahore,ssp585,93.3
2019-08,Punjab,Lahore,ssp585,60.7
2019-09,Punjab,Lahore,ssp585,77.5
2019-10,Punjab,Lahore,ssp585,72.9
2019-11,Punjab,Lahore,ssp585,78.9
2019-12,Punjab,Lahore,ssp585,90.1
2020-01,Punjab,Lahore,ssp585,104.2
2020-02,Punjab,Lahore,ssp585,79.6
2020-03,Punjab,Lahore,ssp585,118.3
2020-04,Punjab,Lahore,ssp585,99.9
2020-05,Punjab,Lahore,ssp585,102.7
2020-06,Punjab,Lahore,ssp585,103.7
2020-07,Punjab,Lahore,ssp585,107.5
2020-08,Punjab,Lahore,ssp585,82.3
2020-09,Punjab,Lahore,ssp585,70.9
2020-10,Punjab,Lahore,ssp585,88.2
2020-11,Punjab,Lahore,ssp585,71.3
2020-12,Punjab,Lahore,ssp585,65.7
2021-01,Punjab,Lahore,ssp585,73.8
2021-02,Punjab,Lahore,ssp585,94.9
2021-03,Punjab,Lahore,ssp585,118.4
2021-04,Punjab,Lahore,ssp585,100.1
2021-05,Punjab,Lahore,ssp585,123.1
2021-06,Punjab,Lahore,ssp585,111.3
2021-07,Punjab,Lahore,ssp585,83.7
2021-08,Punjab,Lahore,ssp585,81.0
2021-09,Punjab,Lahore,ssp585,76.4
2021-10,Punjab,Lahore,ssp585,57.4
2021-11,Punjab,Lahore,ssp585,79.6
2021-12,Punjab,Lahore,ssp585,70.5
2022-01,Punjab,Lahore,ssp585,102.1
2022-02,Punjab,Lahore,ssp585,127.8
2022-03,Punjab,Lahore,ssp585,122.9
2022-04,Punjab,Lahore,ssp585,105.4
2022-05,Punjab,Lahore,ssp585,120.1
2022-06,Punjab,Lahore,ssp585,109.9
2022-07,Punjab,Lahore,ssp585,83.5
2022-08,Punjab,Lahore,ssp585,64.4
2022-09,Punjab,Lahore,ssp585,66.1
2022-10,Punjab,Lahore,ssp585,79.2
2022-11,Punjab,Lahore,ssp585,82.4
2022-12,Punjab,Lahore,ssp585,97.9
2023-01,Punjab,Lahore,ssp585,95.3
2023-02,Punjab,Lahore,ssp585,136.3
2023-03,Punjab,Lahore,ssp585,108.9
2023-04,Punjab,Lahore,ssp585,130.1
2023-05,Punjab,Lahore,ssp585,117.3
2023-06,Punjab,Lahore,ssp585,130.5
2023-07,Punjab,Lahore,ssp585,97.1
2023-08,Punjab,Lahore,ssp585,69.1
2023-09,Punjab,Lahore,ssp585,76.1
2023-10,Punjab,Lahore,ssp585,54.2
2023-11,Punjab,Lahore,ssp585,61.5
2023-12,Punjab,Lahore,ssp585,95.9
2024-01,Punjab,Lahore,ssp585,97.3
2024-02,Punjab,Lahore,ssp585,123.1
2024-03,Punjab,Lahore,ssp585,110.2
2024-04,Punjab,Lahore,ssp585,143.2
2024-05,Punjab,Lahore,ssp585,119.9
2024-06,Punjab,Lahore,ssp585,85.9
2024-07,Punjab,Lahore,ssp585,86.4
2024-08,Punjab,Lahore,ssp585,65.9
2024-09,Punjab,Lahore,ssp585,54.9
2024-10,Punjab,Lahore,ssp585,77.8
2024-11,Punjab,Lahore,ssp585,79.7
2024-12,Punjab,Lahore,ssp585,93.1
2025-01,Punjab,Lahore,ssp585,89.3
2025-02,Punjab,Lahore,ssp585,120.4
2025-03,Punjab,Lahore,ssp585,104.0
2025-04,Punjab,Lahore,ssp585,121.0
2025-05,Punjab,Lahore,ssp585,121.8
2025-06,Punjab,Lahore,ssp585,106.2
2025-07,Punjab,Lahore,ssp585,101.4
2025-08,Punjab,Lahore,ssp585,86.0
2025-09,Punjab,Lahore,ssp585,82.5
2025-10,Punjab,Lahore,ssp585,76.7
2025-11,Punjab,Lahore,ssp585,89.3
2025-12,Punjab,Lahore,ssp585,80.4
2026-01,Punjab,Lahore,ssp585,109.6
2026-02,Punjab,Lahore,ssp585,118.7
2026-03,Punjab,Lahore,ssp585,128.6
2026-04,Punjab,Lahore,ssp585,131.0
2026-05,Punjab,Lahore,ssp585,96.7
2026-06,Punjab,Lahore,ssp585,141.2
2026-07,Punjab,Lahore,ssp585,89.5
2026-08,Punjab,Lahore,ssp585,77.3
2026-09,Punjab,Lahore,ssp585,73.6
2026-10,Punjab,Lahore,ssp585,56.8
2026-11,Punjab,Lahore,ssp585,101.6
2026-12,Punjab,Lahore,ssp585,80.2
2027-01,Punjab,Lahore,ssp585,93.4
2027-02,Punjab,Lahore,ssp585,105.5
2027-03,Punjab,Lahore,ssp585,132.9
2027-04,Punjab,Lahore,ssp585,149.6
2027-05,Punjab,Lahore,ssp585,130.9
2027-06,Punjab,Lahore,ssp585,106.8
2027-07,Punjab,Lahore,ssp585,121.2
2027-08,Punjab,Lahore,ssp585,93.4
2027-09,Punjab,Lahore,ssp585,69.9
2027-10,Punjab,Lahore,ssp585,75.0
2027-11,Punjab,Lahore,ssp585,81.6
2027-12,Punjab,Lahore,ssp585,93.4
2028-01,Punjab,Lahore,ssp585,104.3
2028-02,Punjab,Lahore,ssp585,118.7
2028-03,Punjab,Lahore,ssp585,153.6
2028-04,Punjab,Lahore,ssp585,170.5
2028-05,Punjab,Lahore,ssp585,131.3
2028-06,Punjab,Lahore,ssp585,106.6
2028-07,Punjab,Lahore,ssp585,91.0
2028-08,Punjab,Lahore,ssp585,102.2
2028-09,Punjab,Lahore,ssp585,59.5
2028-10,Punjab,Lahore,ssp585,75.2
2028-11,Punjab,Lahore,ssp585,86.8
2028-12,Punjab,Lahore,ssp585,94.3
2029-01,Punjab,Lahore,ssp585,100.5
2029-02,Punjab,Lahore,ssp585,144.7
2029-03,Punjab,Lahore,ssp585,141.0
2029-04,Punjab,Lahore,ssp585,127.9
2029-05,Punjab,Lahore,ssp585,141.1
2029-06,Punjab,Lahore,ssp585,118.1
2029-07,Punjab,Lahore,ssp585,99.9
2029-08,Punjab,Lahore,ssp585,87.5
2029-09,Punjab,Lahore,ssp585,98.8
2029-10,Punjab,Lahore,ssp585,71.9
2029-11,Punjab,Lahore,ssp585,82.3
2029-12,Punjab,Lahore,ssp585,107.2
2030-01,Punjab,Lahore,ssp585,111.7
2030-02,Punjab,Lahore,ssp585,124.9
2030-03,Punjab,Lahore,ssp585,123.1
2030-04,Punjab,Lahore,ssp585,167.2
2030-05,Punjab,Lahore,ssp585,143.3
2030-06,Punjab,Lahore,ssp585,90.5
2030-07,Punjab,Lahore,ssp585,126.0
2030-08,Punjab,Lahore,ssp585,77.4
2030-09,Punjab,Lahore,ssp585,66.2
2030-10,Punjab,Lahore,ssp585,71.7
2030-11,Punjab,Lahore,ssp585,101.8
2030-12,Punjab,Lahore,ssp585,91.6
2031-01,Punjab,Lahore,ssp585,112.1
2031-02,Punjab,Lahore,ssp585,101.0
2031-03,Punjab,Lahore,ssp585,148.1
2031-04,Punjab,Lahore,ssp585,134.0
2031-05,Punjab,Lahore,ssp585,116.7
2031-06,Punjab,Lahore,ssp585,128.3
2031-07,Punjab,Lahore,ssp585,116.7
2031-08,Punjab,Lahore,ssp585,97.5
2031-09,Punjab,Lahore,ssp585,103.6
2031-10,Punjab,Lahore,ssp585,90.5
2031-11,Punjab,Lahore,ssp585,106.7
2031-12,Punjab,Lahore,ssp585,96.2
2032-01,Punjab,Lahore,ssp585,112.5
2032-02,Punjab,Lahore,ssp585,136.6
2032-03,Punjab,Lahore,ssp585,150.9
2032-04,Punjab,Lahore,ssp585,134.8
2032-05,Punjab,Lahore,ssp585,161.0
2032-06,Punjab,Lahore,ssp585,127.2
2032-07,Punjab,Lahore,ssp585,111.9
2032-08,Punjab,Lahore,ssp585,104.0
2032-09,Punjab,Lahore,ssp585,76.5
2032-10,Punjab,Lahore,ssp585,62.3
2032-11,Punjab,Lahore,ssp585,115.8
2032-12,Punjab,Lahore,ssp585,112.9
2033-01,Punjab,Lahore,ssp585,100.3
2033-02,Punjab,Lahore,ssp585,128.6
2033-03,Punjab,Lahore,ssp585,145.4
2033-04,Punjab,Lahore,ssp585,134.4
2033-05,Punjab,Lahore,ssp585,156.6
2033-06,Punjab,Lahore,ssp585,120.7
2033-07,Punjab,Lahore,ssp585,126.8
2033-08,Punjab,Lahore,ssp585,91.3
2033-09,Punjab,Lahore,ssp585,96.5
2033-10,Punjab,Lahore,ssp585,106.9
2033-11,Punjab,Lahore,ssp585,96.3
2033-12,Punjab,Lahore,ssp585,93.7
2034-01,Punjab,Lahore,ssp585,117.3
2034-02,Punjab,Lahore,ssp585,138.1
2034-03,Punjab,Lahore,ssp585,133.0
2034-04,Punjab,Lahore,ssp585,137.3
2034-05,Punjab,Lahore,ssp585,162.7
2034-06,Punjab,Lahore,ssp585,147.7
2034-07,Punjab,Lahore,ssp585,106.3
2034-08,Punjab,Lahore,ssp585,83.7
2034-09,Punjab,Lahore,ssp585,74.1
2034-10,Punjab,Lahore,ssp585,72.8
2034-11,Punjab,Lahore,ssp585,87.8
2034-12,Punjab,Lahore,ssp585,100.9
2035-01,Punjab,Lahore,ssp585,97.5
2035-02,Punjab,Lahore,ssp585,132.2
2035-03,Punjab,Lahore,ssp585,101.5
2035-04,Punjab,Lahore,ssp585,146.2
2035-05,Punjab,Lahore,ssp585,162.3
2035-06,Punjab,Lahore,ssp585,114.4
2035-07,Punjab,Lahore,ssp585,78.3
2035-08,Punjab,Lahore,ssp585,105.3
2035-09,Punjab,Lahore,ssp585,102.4
2035-10,Punjab,Lahore,ssp585,84.0
2035-11,Punjab,Lahore,ssp585,96.4
2035-12,Punjab,Lahore,ssp585,121.0
2036-01,Punjab,Lahore,ssp585,140.4
2036-02,Punjab,Lahore,ssp585,139.8
2036-03,Punjab,Lahore,ssp585,125.5
2036-04,Punjab,Lahore,ssp585,148.3
2036-05,Punjab,Lahore,ssp585,129.0
2036-06,Punjab,Lahore,ssp585,132.1
2036-07,Punjab,Lahore,ssp585,115.3
2036-08,Punjab,Lahore,ssp585,97.1
2036-09,Punjab,Lahore,ssp585,115.2
2036-10,Punjab,Lahore,ssp585,88.1
2036-11,Punjab,Lahore,ssp585,75.1
2036-12,Punjab,Lahore,ssp585,110.4
2037-01,Punjab,Lahore,ssp585,128.6
2037-02,Punjab,Lahore,ssp585,134.1
2037-03,Punjab,Lahore,ssp585,133.4
2037-04,Punjab,Lahore,ssp585,141.9
2037-05,Punjab,Lahore,ssp585,136.2
2037-06,Punjab,Lahore,ssp585,127.3
2037-07,Punjab,Lahore,ssp585,110.8
2037-08,Punjab,Lahore,ssp585,103.5
2037-09,Punjab,Lahore,ssp585,78.2
2037-10,Punjab,Lahore,ssp585,96.1
2037-11,Punjab,Lahore,ssp585,86.2
2037-12,Punjab,Lahore,ssp585,118.8
2038-01,Punjab,Lahore,ssp585,126.2
2038-02,Punjab,Lahore,ssp585,155.3
2038-03,Punjab,Lahore,ssp585,127.2
2038-04,Punjab,Lahore,ssp585,168.3
2038-05,Punjab,Lahore,ssp585,144.2
2038-06,Punjab,Lahore,ssp585,144.0
2038-07,Punjab,Lahore,ssp585,133.8
2038-08,Punjab,Lahore,ssp585,121.0
2038-09,Punjab,Lahore,ssp585,98.9
2038-10,Punjab,Lahore,ssp585,100.6
2038-11,Punjab,Lahore,ssp585,97.1
2038-12,Punjab,Lahore,ssp585,118.4
2039-01,Punjab,Lahore,ssp585,110.8
2039-02,Punjab,Lahore,ssp585,142.2
2039-03,Punjab,Lahore,ssp585,167.8
2039-04,Punjab,Lahore,ssp585,177.9
2039-05,Punjab,Lahore,ssp585,161.8
2039-06,Punjab,Lahore,ssp585,157.0
2039-07,Punjab,Lahore,ssp585,130.6
2039-08,Punjab,Lahore,ssp585,123.9
2039-09,Punjab,Lahore,ssp585,125.8
2039-10,Punjab,Lahore,ssp585,95.4
2039-11,Punjab,Lahore,ssp585,78.7
2039-12,Punjab,Lahore,ssp585,108.1
2040-01,Punjab,Lahore,ssp585,126.9
2040-02,Punjab,Lahore,ssp585,127.5
2040-03,Punjab,Lahore,ssp585,132.8
2040-04,Punjab,Lahore,ssp585,146.1
2040-05,Punjab,Lahore,ssp585,132.6
2040-06,Punjab,Lahore,ssp585,151.3
2040-07,Punjab,Lahore,ssp585,148.1
2040-08,Punjab,Lahore,ssp585,120.5
2040-09,Punjab,Lahore,ssp585,82.7
2040-10,Punjab,Lahore,ssp585,100.6
2040-11,Punjab,Lahore,ssp585,90.2
2040-12,Punjab,Lahore,ssp585,115.8
2041-01,Punjab,Lahore,ssp585,115.1
2041-02,Punjab,Lahore,ssp585,153.4
2041-03,Punjab,Lahore,ssp585,159.9
2041-04,Punjab,Lahore,ssp585,150.1
2041-05,Punjab,Lahore,ssp585,157.6
2041-06,Punjab,Lahore,ssp585,141.6
2041-07,Punjab,Lahore,ssp585,150.1
2041-08,Punjab,Lahore,ssp585,87.7
2041-09,Punjab,Lahore,ssp585,108.6
2041-10,Punjab,Lahore,ssp585,116.2
2041-11,Punjab,Lahore,ssp585,98.5
2041-12,Punjab,Lahore,ssp585,107.0
2042-01,Punjab,Lahore,ssp585,130.2
2042-02,Punjab,Lahore,ssp585,129.5
2042-03,Punjab,Lahore,ssp585,145.0
2042-04,Punjab,Lahore,ssp585,142.3
2042-05,Punjab,Lahore,ssp585,150.1
2042-06,Punjab,Lahore,ssp585,114.4
2042-07,Punjab,Lahore,ssp585,120.6
2042-08,Punjab,Lahore,ssp585,122.3
2042-09,Punjab,Lahore,ssp585,99.7
2042-10,Punjab,Lahore,ssp585,95.7
2042-11,Punjab,Lahore,ssp585,117.1
2042-12,Punjab,Lahore,ssp585,136.6
2043-01,Punjab,Lahore,ssp585,119.6
2043-02,Punjab,Lahore,ssp585,159.7
2043-03,Punjab,Lahore,ssp585,130.4
2043-04,Punjab,Lahore,ssp585,146.4
2043-05,Punjab,Lahore,ssp585,161.3
2043-06,Punjab,Lahore,ssp585,147.6
2043-07,Punjab,Lahore,ssp585,131.9
2043-08,Punjab,Lahore,ssp585,128.1
2043-09,Punjab,Lahore,ssp585,103.8
2043-10,Punjab,Lahore,ssp585,113.1
2043-11,Punjab,Lahore,ssp585,100.2
2043-12,Punjab,Lahore,ssp585,108.7
2044-01,Punjab,Lahore,ssp585,106.0
2044-02,Punjab,Lahore,ssp585,154.3
2044-03,Punjab,Lahore,ssp585,143.9
2044-04,Punjab,Lahore,ssp585,172.9
2044-05,Punjab,Lahore,ssp585,169.4
2044-06,Punjab,Lahore,ssp585,142.8
2044-07,Punjab,Lahore,ssp585,133.2
2044-08,Punjab,Lahore,ssp585,120.9
2044-09,Punjab,Lahore,ssp585,105.4
2044-10,Punjab,Lahore,ssp585,85.0
2044-11,Punjab,Lahore,ssp585,127.8
2044-12,Punjab,Lahore,ssp585,111.2
2045-01,Punjab,Lahore,ssp585,139.9
2045-02,Punjab,Lahore,ssp585,150.8
2045-03,Punjab,Lahore,ssp585,161.1
2045-04,Punjab,Lahore,ssp585,164.0
2045-05,Punjab,Lahore,ssp585,169.7
2045-06,Punjab,Lahore,ssp585,135.8
2045-07,Punjab,Lahore,ssp585,147.0
2045-08,Punjab,Lahore,ssp585,122.1
2045-09,Punjab,Lahore,ssp585,110.4
2045-10,Punjab,Lahore,ssp585,100.7
2045-11,Punjab,Lahore,ssp585,109.5
2045-12,Punjab,Lahore,ssp585,128.2
2046-01,Punjab,Lahore,ssp585,118.8
2046-02,Punjab,Lahore,ssp585,125.5
2046-03,Punjab,Lahore,ssp585,155.2
2046-04,Punjab,Lahore,ssp585,172.2
2046-05,Punjab,Lahore,ssp585,155.2
2046-06,Punjab,Lahore,ssp585,167.5
2046-07,Punjab,Lahore,ssp585,152.7
2046-08,Punjab,Lahore,ssp585,140.4
2046-09,Punjab,Lahore,ssp585,131.0
2046-10,Punjab,Lahore,ssp585,111.4
2046-11,Punjab,Lahore,ssp585,119.4
2046-12,Punjab,Lahore,ssp585,113.0
2047-01,Punjab,Lahore,ssp585,100.2
2047-02,Punjab,Lahore,ssp585,155.7
2047-03,Punjab,Lahore,ssp585,150.3
2047-04,Punjab,Lahore,ssp585,161.8
2047-05,Punjab,Lahore,ssp585,127.6
2047-06,Punjab,Lahore,ssp585,162.9
2047-07,Punjab,Lahore,ssp585,134.3
2047-08,Punjab,Lahore,ssp585,115.3
2047-09,Punjab,Lahore,ssp585,97.7
2047-10,Punjab,Lahore,ssp585,98.7
2047-11,Punjab,Lahore,ssp585,102.1
2047-12,Punjab,Lahore,ssp585,110.8
2048-01,Punjab,Lahore,ssp585,118.9
2048-02,Punjab,Lahore,ssp585,149.1
2048-03,Punjab,Lahore,ssp585,157.7
2048-04,Punjab,Lahore,ssp585,177.7
2048-05,Punjab,Lahore,ssp585,139.1
2048-06,Punjab,Lahore,ssp585,146.5
2048-07,Punjab,Lahore,ssp585,126.8
2048-08,Punjab,Lahore,ssp585,129.5
2048-09,Punjab,Lahore,ssp585,114.2
2048-10,Punjab,Lahore,ssp585,122.7
2048-11,Punjab,Lahore,ssp585,139.8
2048-12,Punjab,Lahore,ssp585,125.5
2049-01,Punjab,Lahore,ssp585,146.7
2049-02,Punjab,Lahore,ssp585,143.6
2049-03,Punjab,Lahore,ssp585,162.3
2049-04,Punjab,Lahore,ssp585,168.2
2049-05,Punjab,Lahore,ssp585,192.9
2049-06,Punjab,Lahore,ssp585,138.9
2049-07,Punjab,Lahore,ssp585,138.6
2049-08,Punjab,Lahore,ssp585,126.9
2049-09,Punjab,Lahore,ssp585,106.4
2049-10,Punjab,Lahore,ssp585,117.7
2049-11,Punjab,Lahore,ssp585,117.0
2049-12,Punjab,Lahore,ssp585,128.8
2050-01,Punjab,Lahore,ssp585,131.6
2050-02,Punjab,Lahore,ssp585,165.1
2050-03,Punjab,Lahore,ssp585,153.2
2050-04,Punjab,Lahore,ssp585,164.5
2050-05,Punjab,Lahore,ssp585,177.3
2050-06,Punjab,Lahore,ssp585,174.6
2050-07,Punjab,Lahore,ssp585,132.0
2050-08,Punjab,Lahore,ssp585,136.6
2050-09,Punjab,Lahore,ssp585,117.1
2050-10,Punjab,Lahore,ssp585,128.6
2050-11,Punjab,Lahore,ssp585,120.0
2050-12,Punjab,Lahore,ssp585,151.6
2051-01,Punjab,Lahore,ssp585,163.5
2051-02,Punjab,Lahore,ssp585,143.9
2051-03,Punjab,Lahore,ssp585,162.9
2051-04,Punjab,Lahore,ssp585,161.1
2051-05,Punjab,Lahore,ssp585,166.5
2051-06,Punjab,Lahore,ssp585,133.2
2051-07,Punjab,Lahore,ssp585,121.3
2051-08,Punjab,Lahore,ssp585,143.6
2051-09,Punjab,Lahore,ssp585,124.5
2051-10,Punjab,Lahore,ssp585,126.4
2051-11,Punjab,Lahore,ssp585,108.1
2051-12,Punjab,Lahore,ssp585,116.4
2052-01,Punjab,Lahore,ssp585,142.0
2052-02,Punjab,Lahore,ssp585,177.2
2052-03,Punjab,Lahore,ssp585,170.0
2052-04,Punjab,Lahore,ssp585,175.3
2052-05,Punjab,Lahore,ssp585,185.1
2052-06,Punjab,Lahore,ssp585,164.3
2052-07,Punjab,Lahore,ssp585,147.9
2052-08,Punjab,Lahore,ssp585,137.4
2052-09,Punjab,Lahore,ssp585,119.0
2052-10,Punjab,Lahore,ssp585,139.1
2052-11,Punjab,Lahore,ssp585,120.5
2052-12,Punjab,Lahore,ssp585,122.5
2053-01,Punjab,Lahore,ssp585,155.4
2053-02,Punjab,Lahore,ssp585,173.0
2053-03,Punjab,Lahore,ssp585,164.4
2053-04,Punjab,Lahore,ssp585,184.3
2053-05,Punjab,Lahore,ssp585,185.4
2053-06,Punjab,Lahore,ssp585,116.0
2053-07,Punjab,Lahore,ssp585,124.0
2053-08,Punjab,Lahore,ssp585,138.7
2053-09,Punjab,Lahore,ssp585,110.8
2053-10,Punjab,Lahore,ssp585,142.3
2053-11,Punjab,Lahore,ssp585,127.9
2053-12,Punjab,Lahore,ssp585,132.5
2054-01,Punjab,Lahore,ssp585,148.8
2054-02,Punjab,Lahore,ssp585,156.9
2054-03,Punjab,Lahore,ssp585,163.8
2054-04,Punjab,Lahore,ssp585,177.9
2054-05,Punjab,Lahore,ssp585,186.1
2054-06,Punjab,Lahore,ssp585,141.8
2054-07,Punjab,Lahore,ssp585,152.0
2054-08,Punjab,Lahore,ssp585,129.0
2054-09,Punjab,Lahore,ssp585,126.1
2054-10,Punjab,Lahore,ssp585,111.3
2054-11,Punjab,Lahore,ssp585,127.2
2054-12,Punjab,Lahore,ssp585,121.2
2055-01,Punjab,Lahore,ssp585,149.4
2055-02,Punjab,Lahore,ssp585,160.2
2055-03,Punjab,Lahore,ssp585,151.7
2055-04,Punjab,Lahore,ssp585,183.5
2055-05,Punjab,Lahore,ssp585,136.6
2055-06,Punjab,Lahore,ssp585,159.2
2055-07,Punjab,Lahore,ssp585,130.5
2055-08,Punjab,Lahore,ssp585,140.1
2055-09,Punjab,Lahore,ssp585,122.1
2055-10,Punjab,Lahore,ssp585,134.0
2055-11,Punjab,Lahore,ssp585,124.2
2055-12,Punjab,Lahore,ssp585,134.4
2056-01,Punjab,Lahore,ssp585,166.3
2056-02,Punjab,Lahore,ssp585,159.2
2056-03,Punjab,Lahore,ssp585,175.3
2056-04,Punjab,Lahore,ssp585,198.7
2056-05,Punjab,Lahore,ssp585,184.9
2056-06,Punjab,Lahore,ssp585,192.5
2056-07,Punjab,Lahore,ssp585,158.3
2056-08,Punjab,Lahore,ssp585,131.3
2056-09,Punjab,Lahore,ssp585,142.7
2056-10,Punjab,Lahore,ssp585,137.1
2056-11,Punjab,Lahore,ssp585,124.9
2056-12,Punjab,Lahore,ssp585,146.2
2057-01,Punjab,Lahore,ssp585,151.9
2057-02,Punjab,Lahore,ssp585,173.7
2057-03,Punjab,Lahore,ssp585,177.8
2057-04,Punjab,Lahore,ssp585,179.5
2057-05,Punjab,Lahore,ssp585,200.3
2057-06,Punjab,Lahore,ssp585,173.7
2057-07,Punjab,Lahore,ssp585,136.0
2057-08,Punjab,Lahore,ssp585,142.8
2057-09,Punjab,Lahore,ssp585,126.0
2057-10,Punjab,Lahore,ssp585,130.6
2057-11,Punjab,Lahore,ssp585,133.5
2057-12,Punjab,Lahore,ssp585,145.5
2058-01,Punjab,Lahore,ssp585,131.9
2058-02,Punjab,Lahore,ssp585,147.7
2058-03,Punjab,Lahore,ssp585,197.9
2058-04,Punjab,Lahore,ssp585,182.6
2058-05,Punjab,Lahore,ssp585,197.3
2058-06,Punjab,Lahore,ssp585,176.4
2058-07,Punjab,Lahore,ssp585,148.4
2058-08,Punjab,Lahore,ssp585,119.1
2058-09,Punjab,Lahore,ssp585,138.5
2058-10,Punjab,Lahore,ssp585,135.0
2058-11,Punjab,Lahore,ssp585,155.4
2058-12,Punjab,Lahore,ssp585,139.6
2059-01,Punjab,Lahore,ssp585,157.4
2059-02,Punjab,Lahore,ssp585,146.2
2059-03,Punjab,Lahore,ssp585,172.6
2059-04,Punjab,Lahore,ssp585,187.9
2059-05,Punjab,Lahore,ssp585,176.3
2059-06,Punjab,Lahore,ssp585,159.3
2059-07,Punjab,Lahore,ssp585,176.2
2059-08,Punjab,Lahore,ssp585,164.9
2059-09,Punjab,Lahore,ssp585,119.0
2059-10,Punjab,Lahore,ssp585,131.1
2059-11,Punjab,Lahore,ssp585,127.9
2059-12,Punjab,Lahore,ssp585,163.9
2060-01,Punjab,Lahore,ssp585,161.2
2060-02,Punjab,Lahore,ssp585,180.1
2060-03,Punjab,Lahore,ssp585,169.9
2060-04,Punjab,Lahore,ssp585,204.1
2060-05,Punjab,Lahore,ssp585,178.7
2060-06,Punjab,Lahore,ssp585,197.6
2060-07,Punjab,Lahore,ssp585,173.5
2060-08,Punjab,Lahore,ssp585,136.4
2060-09,Punjab,Lahore,ssp585,142.1
2060-10,Punjab,Lahore,ssp585,134.7
2060-11,Punjab,Lahore,ssp585,132.3
2060-12,Punjab,Lahore,ssp585,155.7
2061-01,Punjab,Lahore,ssp585,159.4
2061-02,Punjab,Lahore,ssp585,174.2
2061-03,Punjab,Lahore,ssp585,175.7
2061-04,Punjab,Lahore,ssp585,178.0
2061-05,Punjab,Lahore,ssp585,185.4
2061-06,Punjab,Lahore,ssp585,176.7
2061-07,Punjab,Lahore,ssp585,175.0
2061-08,Punjab,Lahore,ssp585,128.6
2061-09,Punjab,Lahore,ssp585,138.2
2061-10,Punjab,Lahore,ssp585,154.5
2061-11,Punjab,Lahore,ssp585,127.9
2061-12,Punjab,Lahore,ssp585,133.3
2062-01,Punjab,Lahore,ssp585,149.0
2062-02,Punjab,Lahore,ssp585,186.1
2062-03,Punjab,Lahore,ssp585,168.8
2062-04,Punjab,Lahore,ssp585,189.9
2062-05,Punjab,Lahore,ssp585,177.1
2062-06,Punjab,Lahore,ssp585,168.3
2062-07,Punjab,Lahore,ssp585,158.1
2062-08,Punjab,Lahore,ssp585,143.4
2062-09,Punjab,Lahore,ssp585,133.5
2062-10,Punjab,Lahore,ssp585,134.1
2062-11,Punjab,Lahore,ssp585,142.3
2062-12,Punjab,Lahore,ssp585,142.9
2063-01,Punjab,Lahore,ssp585,169.4
2063-02,Punjab,Lahore,ssp585,170.7
2063-03,Punjab,Lahore,ssp585,181.4
2063-04,Punjab,Lahore,ssp585,191.9
2063-05,Punjab,Lahore,ssp585,164.8
2063-06,Punjab,Lahore,ssp585,166.7
2063-07,Punjab,Lahore,ssp585,155.0
2063-08,Punjab,Lahore,ssp585,136.4
2063-09,Punjab,Lahore,ssp585,137.0
2063-10,Punjab,Lahore,ssp585,126.6
2063-11,Punjab,Lahore,ssp585,128.1
2063-12,Punjab,Lahore,ssp585,164.3
2064-01,Punjab,Lahore,ssp585,192.7
2064-02,Punjab,Lahore,ssp585,192.1
2064-03,Punjab,Lahore,ssp585,193.2
2064-04,Punjab,Lahore,ssp585,208.1
2064-05,Punjab,Lahore,ssp585,193.6
2064-06,Punjab,Lahore,ssp585,175.9
2064-07,Punjab,Lahore,ssp585,167.1
2064-08,Punjab,Lahore,ssp585,147.3
2064-09,Punjab,Lahore,ssp585,112.2
2064-10,Punjab,Lahore,ssp585,126.9
2064-11,Punjab,Lahore,ssp585,130.9
2064-12,Punjab,Lahore,ssp585,158.8
2065-01,Punjab,Lahore,ssp585,160.0
2065-02,Punjab,Lahore,ssp585,156.4
2065-03,Punjab,Lahore,ssp585,190.5
2065-04,Punjab,Lahore,ssp585,198.6
2065-05,Punjab,Lahore,ssp585,201.4
2065-06,Punjab,Lahore,ssp585,185.9
2065-07,Punjab,Lahore,ssp585,199.3
2065-08,Punjab,Lahore,ssp585,141.9
2065-09,Punjab,Lahore,ssp585,161.1
2065-10,Punjab,Lahore,ssp585,152.2
2065-11,Punjab,Lahore,ssp585,135.2
2065-12,Punjab,Lahore,ssp585,152.3
2066-01,Punjab,Lahore,ssp585,158.1
2066-02,Punjab,Lahore,ssp585,180.5
2066-03,Punjab,Lahore,ssp585,186.6
2066-04,Punjab,Lahore,ssp585,190.4
2066-05,Punjab,Lahore,ssp585,192.7
2066-06,Punjab,Lahore,ssp585,168.9
2066-07,Punjab,Lahore,ssp585,184.0
2066-08,Punjab,Lahore,ssp585,166.9
2066-09,Punjab,Lahore,ssp585,135.8
2066-10,Punjab,Lahore,ssp585,153.1
2066-11,Punjab,Lahore,ssp585,131.3
2066-12,Punjab,Lahore,ssp585,131.8
2067-01,Punjab,Lahore,ssp585,174.0
2067-02,Punjab,Lahore,ssp585,191.2
2067-03,Punjab,Lahore,ssp585,184.3
2067-04,Punjab,Lahore,ssp585,205.1
2067-05,Punjab,Lahore,ssp585,220.8
2067-06,Punjab,Lahore,ssp585,224.8
2067-07,Punjab,Lahore,ssp585,158.9
2067-08,Punjab,Lahore,ssp585,161.2
2067-09,Punjab,Lahore,ssp585,130.3
2067-10,Punjab,Lahore,ssp585,181.2
2067-11,Punjab,Lahore,ssp585,141.2
2067-12,Punjab,Lahore,ssp585,168.9
2068-01,Punjab,Lahore,ssp585,172.7
2068-02,Punjab,Lahore,ssp585,171.4
2068-03,Punjab,Lahore,ssp585,193.1
2068-04,Punjab,Lahore,ssp585,181.6
2068-05,Punjab,Lahore,ssp585,187.6
2068-06,Punjab,Lahore,ssp585,182.5
2068-07,Punjab,Lahore,ssp585,175.3
2068-08,Punjab,Lahore,ssp585,128.1
2068-09,Punjab,Lahore,ssp585,147.6
2068-10,Punjab,Lahore,ssp585,179.1
2068-11,Punjab,Lahore,ssp585,136.0
2068-12,Punjab,Lahore,ssp585,163.5
2069-01,Punjab,Lahore,ssp585,167.5
2069-02,Punjab,Lahore,ssp585,149.4
2069-03,Punjab,Lahore,ssp585,184.2
2069-04,Punjab,Lahore,ssp585,192.3
2069-05,Punjab,Lahore,ssp585,209.2
2069-06,Punjab,Lahore,ssp585,187.3
2069-07,Punjab,Lahore,ssp585,171.0
2069-08,Punjab,Lahore,ssp585,169.2
2069-09,Punjab,Lahore,ssp585,151.9
2069-10,Punjab,Lahore,ssp585,144.3
2069-11,Punjab,Lahore,ssp585,159.4
2069-12,Punjab,Lahore,ssp585,142.3
2070-01,Punjab,Lahore,ssp585,172.1
2070-02,Punjab,Lahore,ssp585,205.7
2070-03,Punjab,Lahore,ssp585,170.5
2070-04,Punjab,Lahore,ssp585,192.5
2070-05,Punjab,Lahore,ssp585,201.6
2070-06,Punjab,Lahore,ssp585,192.5
2070-07,Punjab,Lahore,ssp585,171.2
2070-08,Punjab,Lahore,ssp585,167.6
2070-09,Punjab,Lahore,ssp585,139.9
2070-10,Punjab,Lahore,ssp585,161.4
2070-11,Punjab,Lahore,ssp585,154.7
2070-12,Punjab,Lahore,ssp585,186.8
2071-01,Punjab,Lahore,ssp585,187.9
2071-02,Punjab,Lahore,ssp585,198.0
2071-03,Punjab,Lahore,ssp585,219.9
2071-04,Punjab,Lahore,ssp585,194.0
2071-05,Punjab,Lahore,ssp585,197.3
2071-06,Punjab,Lahore,ssp585,167.7
2071-07,Punjab,Lahore,ssp585,189.0
2071-08,Punjab,Lahore,ssp585,185.7
2071-09,Punjab,Lahore,ssp585,147.0
2071-10,Punjab,Lahore,ssp585,133.6
2071-11,Punjab,Lahore,ssp585,168.9
2071-12,Punjab,Lahore,ssp585,154.2
2072-01,Punjab,Lahore,ssp585,171.4
2072-02,Punjab,Lahore,ssp585,212.9
2072-03,Punjab,Lahore,ssp585,197.8
2072-04,Punjab,Lahore,ssp585,204.0
2072-05,Punjab,Lahore,ssp585,224.5
2072-06,Punjab,Lahore,ssp585,200.7
2072-07,Punjab,Lahore,ssp585,164.8
2072-08,Punjab,Lahore,ssp585,185.4
2072-09,Punjab,Lahore,ssp585,131.8
2072-10,Punjab,Lahore,ssp585,165.1
2072-11,Punjab,Lahore,ssp585,162.0
2072-12,Punjab,Lahore,ssp585,158.8
2073-01,Punjab,Lahore,ssp585,169.4
2073-02,Punjab,Lahore,ssp585,179.0
2073-03,Punjab,Lahore,ssp585,227.5
2073-04,Punjab,Lahore,ssp585,209.8
2073-05,Punjab,Lahore,ssp585,196.1
2073-06,Punjab,Lahore,ssp585,202.2
2073-07,Punjab,Lahore,ssp585,196.9
2073-08,Punjab,Lahore,ssp585,171.2
2073-09,Punjab,Lahore,ssp585,166.2
2073-10,Punjab,Lahore,ssp585,166.1
2073-11,Punjab,Lahore,ssp585,157.9
2073-12,Punjab,Lahore,ssp585,171.7
2074-01,Punjab,Lahore,ssp585,180.0
2074-02,Punjab,Lahore,ssp585,182.3
2074-03,Punjab,Lahore,ssp585,189.0
2074-04,Punjab,Lahore,ssp585,215.9
2074-05,Punjab,Lahore,ssp585,196.7
2074-06,Punjab,Lahore,ssp585,195.9
2074-07,Punjab,Lahore,ssp585,179.1
2074-08,Punjab,Lahore,ssp585,181.6
2074-09,Punjab,Lahore,ssp585,162.3
2074-10,Punjab,Lahore,ssp585,159.1
2074-11,Punjab,Lahore,ssp585,155.0
2074-12,Punjab,Lahore,ssp585,167.3
2075-01,Punjab,Lahore,ssp585,178.7
2075-02,Punjab,Lahore,ssp585,200.6
2075-03,Punjab,Lahore,ssp585,184.5
2075-04,Punjab,Lahore,ssp585,211.2
2075-05,Punjab,Lahore,ssp585,212.8
2075-06,Punjab,Lahore,ssp585,203.1
2075-07,Punjab,Lahore,ssp585,169.6
2075-08,Punjab,Lahore,ssp585,164.6
2075-09,Punjab,Lahore,ssp585,155.1
2075-10,Punjab,Lahore,ssp585,149.4
2075-11,Punjab,Lahore,ssp585,144.2
2075-12,Punjab,Lahore,ssp585,156.3
2076-01,Punjab,Lahore,ssp585,185.0
2076-02,Punjab,Lahore,ssp585,204.1
2076-03,Punjab,Lahore,ssp585,211.3
2076-04,Punjab,Lahore,ssp585,201.5
2076-05,Punjab,Lahore,ssp585,214.8
2076-06,Punjab,Lahore,ssp585,196.9
2076-07,Punjab,Lahore,ssp585,179.1
2076-08,Punjab,Lahore,ssp585,159.6
2076-09,Punjab,Lahore,ssp585,155.1
2076-10,Punjab,Lahore,ssp585,167.9
2076-11,Punjab,Lahore,ssp585,159.7
2076-12,Punjab,Lahore,ssp585,170.9
2077-01,Punjab,Lahore,ssp585,173.2
2077-02,Punjab,Lahore,ssp585,238.1
2077-03,Punjab,Lahore,ssp585,180.6
2077-04,Punjab,Lahore,ssp585,187.7
2077-05,Punjab,Lahore,ssp585,204.2
2077-06,Punjab,Lahore,ssp585,203.9
2077-07,Punjab,Lahore,ssp585,211.2
2077-08,Punjab,Lahore,ssp585,180.5
2077-09,Punjab,Lahore,ssp585,167.6
2077-10,Punjab,Lahore,ssp585,172.3
2077-11,Punjab,Lahore,ssp585,165.1
2077-12,Punjab,Lahore,ssp585,148.0
2078-01,Punjab,Lahore,ssp585,191.7
2078-02,Punjab,Lahore,ssp585,205.3
2078-03,Punjab,Lahore,ssp585,241.8
2078-04,Punjab,Lahore,ssp585,206.9
2078-05,Punjab,Lahore,ssp585,229.8
2078-06,Punjab,Lahore,ssp585,184.7
2078-07,Punjab,Lahore,ssp585,209.7
2078-08,Punjab,Lahore,ssp585,177.1
2078-09,Punjab,Lahore,ssp585,176.5
2078-10,Punjab,Lahore,ssp585,171.1
2078-11,Punjab,Lahore,ssp585,174.6
2078-12,Punjab,Lahore,ssp585,177.2
2079-01,Punjab,Lahore,ssp585,181.2
2079-02,Punjab,Lahore,ssp585,201.9
2079-03,Punjab,Lahore,ssp585,204.1
2079-04,Punjab,Lahore,ssp585,216.7
2079-05,Punjab,Lahore,ssp585,193.1
2079-06,Punjab,Lahore,ssp585,206.9
2079-07,Punjab,Lahore,ssp585,203.9
2079-08,Punjab,Lahore,ssp585,193.1
2079-09,Punjab,Lahore,ssp585,184.6
2079-10,Punjab,Lahore,ssp585,165.4
2079-11,Punjab,Lahore,ssp585,165.2
2079-12,Punjab,Lahore,ssp585,174.1
2080-01,Punjab,Lahore,ssp585,196.9
2080-02,Punjab,Lahore,ssp585,215.3
2080-03,Punjab,Lahore,ssp585,220.6
2080-04,Punjab,Lahore,ssp585,201.9
2080-05,Punjab,Lahore,ssp585,234.8
2080-06,Punjab,Lahore,ssp585,212.7
2080-07,Punjab,Lahore,ssp585,205.8
2080-08,Punjab,Lahore,ssp585,179.4
2080-09,Punjab,Lahore,ssp585,165.1
2080-10,Punjab,Lahore,ssp585,191.0
2080-11,Punjab,Lahore,ssp585,154.6
2080-12,Punjab,Lahore,ssp585,156.6
2081-01,Punjab,Lahore,ssp585,220.1
2081-02,Punjab,Lahore,ssp585,210.6
2081-03,Punjab,Lahore,ssp585,212.0
2081-04,Punjab,Lahore,ssp585,213.7
2081-05,Punjab,Lahore,ssp585,191.1
2081-06,Punjab,Lahore,ssp585,233.0
2081-07,Punjab,Lahore,ssp585,203.6
2081-08,Punjab,Lahore,ssp585,187.2
2081-09,Punjab,Lahore,ssp585,181.4
2081-10,Punjab,Lahore,ssp585,154.5
2081-11,Punjab,Lahore,ssp585,176.7
2081-12,Punjab,Lahore,ssp585,195.5
2082-01,Punjab,Lahore,ssp585,165.4
2082-02,Punjab,Lahore,ssp585,217.1
2082-03,Punjab,Lahore,ssp585,229.4
2082-04,Punjab,Lahore,ssp585,224.6
2082-05,Punjab,Lahore,ssp585,207.8
2082-06,Punjab,Lahore,ssp585,207.4
2082-07,Punjab,Lahore,ssp585,189.7
2082-08,Punjab,Lahore,ssp585,186.9
2082-09,Punjab,Lahore,ssp585,164.9
2082-10,Punjab,Lahore,ssp585,178.6
2082-11,Punjab,Lahore,ssp585,165.3
2082-12,Punjab,Lahore,ssp585,175.6
2083-01,Punjab,Lahore,ssp585,212.3
2083-02,Punjab,Lahore,ssp585,208.6
2083-03,Punjab,Lahore,ssp585,228.2
2083-04,Punjab,Lahore,ssp585,207.6
2083-05,Punjab,Lahore,ssp585,241.7
2083-06,Punjab,Lahore,ssp585,191.8
2083-07,Punjab,Lahore,ssp585,198.8
2083-08,Punjab,Lahore,ssp585,180.7
2083-09,Punjab,Lahore,ssp585,163.4
2083-10,Punjab,Lahore,ssp585,166.4
2083-11,Punjab,Lahore,ssp585,190.5
2083-12,Punjab,Lahore,ssp585,207.6
2084-01,Punjab,Lahore,ssp585,195.2
2084-02,Punjab,Lahore,ssp585,207.6
2084-03,Punjab,Lahore,ssp585,197.6
2084-04,Punjab,Lahore,ssp585,249.6
2084-05,Punjab,Lahore,ssp585,208.7
2084-06,Punjab,Lahore,ssp585,200.8
2084-07,Punjab,Lahore,ssp585,200.6
2084-08,Punjab,Lahore,ssp585,195.2
2084-09,Punjab,Lahore,ssp585,195.8
2084-10,Punjab,Lahore,ssp585,200.9
2084-11,Punjab,Lahore,ssp585,185.7
2084-12,Punjab,Lahore,ssp585,179.5
2085-01,Punjab,Lahore,ssp585,191.2
2085-02,Punjab,Lahore,ssp585,211.7
2085-03,Punjab,Lahore,ssp585,235.2
2085-04,Punjab,Lahore,ssp585,241.1
2085-05,Punjab,Lahore,ssp585,233.0
2085-06,Punjab,Lahore,ssp585,189.3
2085-07,Punjab,Lahore,ssp585,193.3
2085-08,Punjab,Lahore,ssp585,206.6
2085-09,Punjab,Lahore,ssp585,169.9
2085-10,Punjab,Lahore,ssp585,172.4
2085-11,Punjab,Lahore,ssp585,213.9
2085-12,Punjab,Lahore,ssp585,186.7
2086-01,Punjab,Lahore,ssp585,220.8
2086-02,Punjab,Lahore,ssp585,240.4
2086-03,Punjab,Lahore,ssp585,236.3
2086-04,Punjab,Lahore,ssp585,224.2
2086-05,Punjab,Lahore,ssp585,195.8
2086-06,Punjab,Lahore,ssp585,204.8
2086-07,Punjab,Lahore,ssp585,211.2
2086-08,Punjab,Lahore,ssp585,196.7
2086-09,Punjab,Lahore,ssp585,194.4
2086-10,Punjab,Lahore,ssp585,160.3
2086-11,Punjab,Lahore,ssp585,181.7
2086-12,Punjab,Lahore,ssp585,161.8
2087-01,Punjab,Lahore,ssp585,191.6
2087-02,Punjab,Lahore,ssp585,224.6
2087-03,Punjab,Lahore,ssp585,198.5
2087-04,Punjab,Lahore,ssp585,242.6
2087-05,Punjab,Lahore,ssp585,252.6
2087-06,Punjab,Lahore,ssp585,198.8
2087-07,Punjab,Lahore,ssp585,200.8
2087-08,Punjab,Lahore,ssp585,213.5
2087-09,Punjab,Lahore,ssp585,187.1
2087-10,Punjab,Lahore,ssp585,182.1
2087-11,Punjab,Lahore,ssp585,182.1
2087-12,Punjab,Lahore,ssp585,172.6
2088-01,Punjab,Lahore,ssp585,203.2
2088-02,Punjab,Lahore,ssp585,236.4
2088-03,Punjab,Lahore,ssp585,230.6
2088-04,Punjab,Lahore,ssp585,243.0
2088-05,Punjab,Lahore,ssp585,224.9
2088-06,Punjab,Lahore,ssp585,208.0
2088-07,Punjab,Lahore,ssp585,200.1
2088-08,Punjab,Lahore,ssp585,178.0
2088-09,Punjab,Lahore,ssp585,163.8
2088-10,Punjab,Lahore,ssp585,178.2
2088-11,Punjab,Lahore,ssp585,179.3
2088-12,Punjab,Lahore,ssp585,180.1
2089-01,Punjab,Lahore,ssp585,216.1
2089-02,Punjab,Lahore,ssp585,208.3
2089-03,Punjab,Lahore,ssp585,236.9
2089-04,Punjab,Lahore,ssp585,241.7
2089-05,Punjab,Lahore,ssp585,253.8
2089-06,Punjab,Lahore,ssp585,226.0
2089-07,Punjab,Lahore,ssp585,218.2
2089-08,Punjab,Lahore,ssp585,194.8
2089-09,Punjab,Lahore,ssp585,164.9
2089-10,Punjab,Lahore,ssp585,191.6
2089-11,Punjab,Lahore,ssp585,206.5
2089-12,Punjab,Lahore,ssp585,192.7
2090-01,Punjab,Lahore,ssp585,236.5
2090-02,Punjab,Lahore,ssp585,234.9
2090-03,Punjab,Lahore,ssp585,259.7
2090-04,Punjab,Lahore,ssp585,234.3
2090-05,Punjab,Lahore,ssp585,221.3
2090-06,Punjab,Lahore,ssp585,223.8
2090-07,Punjab,Lahore,ssp585,199.5
2090-08,Punjab,Lahore,ssp585,198.1
2090-09,Punjab,Lahore,ssp585,182.2
2090-10,Punjab,Lahore,ssp585,184.0
2090-11,Punjab,Lahore,ssp585,184.5
2090-12,Punjab,Lahore,ssp585,183.0
2091-01,Punjab,Lahore,ssp585,203.0
2091-02,Punjab,Lahore,ssp585,241.2
2091-03,Punjab,Lahore,ssp585,233.7
2091-04,Punjab,Lahore,ssp585,220.4
2091-05,Punjab,Lahore,ssp585,207.8
2091-06,Punjab,Lahore,ssp585,220.4
2091-07,Punjab,Lahore,ssp585,214.7
2091-08,Punjab,Lahore,ssp585,181.3
2091-09,Punjab,Lahore,ssp585,163.1
2091-10,Punjab,Lahore,ssp585,191.0
2091-11,Punjab,Lahore,ssp585,230.2
2091-12,Punjab,Lahore,ssp585,209.4
2092-01,Punjab,Lahore,ssp585,198.4
2092-02,Punjab,Lahore,ssp585,224.3
2092-03,Punjab,Lahore,ssp585,234.6
2092-04,Punjab,Lahore,ssp585,223.0
2092-05,Punjab,Lahore,ssp585,217.7
2092-06,Punjab,Lahore,ssp585,224.5
2092-07,Punjab,Lahore,ssp585,223.2
2092-08,Punjab,Lahore,ssp585,202.2
2092-09,Punjab,Lahore,ssp585,179.6
2092-10,Punjab,Lahore,ssp585,192.0
2092-11,Punjab,Lahore,ssp585,196.1
2092-12,Punjab,Lahore,ssp585,186.2
2093-01,Punjab,Lahore,ssp585,197.1
2093-02,Punjab,Lahore,ssp585,236.2
2093-03,Punjab,Lahore,ssp585,253.1
2093-04,Punjab,Lahore,ssp585,247.2
2093-05,Punjab,Lahore,ssp585,254.0
2093-06,Punjab,Lahore,ssp585,247.8
2093-07,Punjab,Lahore,ssp585,193.8
2093-08,Punjab,Lahore,ssp585,206.9
2093-09,Punjab,Lahore,ssp585,208.1
2093-10,Punjab,Lahore,ssp585,202.1
2093-11,Punjab,Lahore,ssp585,209.9
2093-12,Punjab,Lahore,ssp585,193.2
2094-01,Punjab,Lahore,ssp585,224.3
2094-02,Punjab,Lahore,ssp585,239.6
2094-03,Punjab,Lahore,ssp585,231.5
2094-04,Punjab,Lahore,ssp585,246.0
2094-05,Punjab,Lahore,ssp585,222.0
2094-06,Punjab,Lahore,ssp585,218.4
2094-07,Punjab,Lahore,ssp585,220.4
2094-08,Punjab,Lahore,ssp585,216.3
2094-09,Punjab,Lahore,ssp585,192.1
2094-10,Punjab,Lahore,ssp585,209.1
2094-11,Punjab,Lahore,ssp585,212.4
2094-12,Punjab,Lahore,ssp585,189.6
2095-01,Punjab,Lahore,ssp585,215.5
2095-02,Punjab,Lahore,ssp585,224.2
2095-03,Punjab,Lahore,ssp585,252.3
2095-04,Punjab,Lahore,ssp585,254.7
2095-05,Punjab,Lahore,ssp585,230.9
2095-06,Punjab,Lahore,ssp585,243.8
2095-07,Punjab,Lahore,ssp585,200.0
2095-08,Punjab,Lahore,ssp585,219.7
2095-09,Punjab,Lahore,ssp585,161.1
2095-10,Punjab,Lahore,ssp585,187.8
2095-11,Punjab,Lahore,ssp585,184.6
2095-12,Punjab,Lahore,ssp585,213.5
2096-01,Punjab,Lahore,ssp585,221.9
2096-02,Punjab,Lahore,ssp585,203.2
2096-03,Punjab,Lahore,ssp585,224.9
2096-04,Punjab,Lahore,ssp585,238.9
2096-05,Punjab,Lahore,ssp585,259.1
2096-06,Punjab,Lahore,ssp585,255.0
2096-07,Punjab,Lahore,ssp585,228.5
2096-08,Punjab,Lahore,ssp585,224.6
2096-09,Punjab,Lahore,ssp585,185.4
2096-10,Punjab,Lahore,ssp585,197.5
2096-11,Punjab,Lahore,ssp585,197.5
2096-12,Punjab,Lahore,ssp585,191.6
2097-01,Punjab,Lahore,ssp585,215.5
2097-02,Punjab,Lahore,ssp585,229.5
2097-03,Punjab,Lahore,ssp585,250.7
2097-04,Punjab,Lahore,ssp585,255.1
2097-05,Punjab,Lahore,ssp585,237.5
2097-06,Punjab,Lahore,ssp585,227.7
2097-07,Punjab,Lahore,ssp585,195.6
2097-08,Punjab,Lahore,ssp585,214.0
2097-09,Punjab,Lahore,ssp585,195.8
2097-10,Punjab,Lahore,ssp585,193.2
2097-11,Punjab,Lahore,ssp585,204.8
2097-12,Punjab,Lahore,ssp585,201.2
2098-01,Punjab,Lahore,ssp585,209.0
2098-02,Punjab,Lahore,ssp585,227.9
2098-03,Punjab,Lahore,ssp585,241.7
2098-04,Punjab,Lahore,ssp585,253.1
2098-05,Punjab,Lahore,ssp585,238.4
2098-06,Punjab,Lahore,ssp585,230.6
2098-07,Punjab,Lahore,ssp585,204.9
2098-08,Punjab,Lahore,ssp585,203.5
2098-09,Punjab,Lahore,ssp585,175.4
2098-10,Punjab,Lahore,ssp585,186.4
2098-11,Punjab,Lahore,ssp585,206.4
2098-12,Punjab,Lahore,ssp585,211.8
2099-01,Punjab,Lahore,ssp585,221.5
2099-02,Punjab,Lahore,ssp585,234.6
2099-03,Punjab,Lahore,ssp585,260.0
2099-04,Punjab,Lahore,ssp585,236.0
2099-05,Punjab,Lahore,ssp585,254.2
2099-06,Punjab,Lahore,ssp585,228.6
2099-07,Punjab,Lahore,ssp585,228.1
2099-08,Punjab,Lahore,ssp585,208.6
2099-09,Punjab,Lahore,ssp585,193.3
2099-10,Punjab,Lahore,ssp585,201.1
2099-11,Punjab,Lahore,ssp585,192.2
2099-12,Punjab,Lahore,ssp585,194.9
2100-01,Punjab,Lahore,ssp585,218.8
2100-02,Punjab,Lahore,ssp585,222.5
2100-03,Punjab,Lahore,ssp585,251.6
2100-04,Punjab,Lahore,ssp585,245.4
2100-05,Punjab,Lahore,ssp585,233.0
2100-06,Punjab,Lahore,ssp585,244.7
2100-07,Punjab,Lahore,ssp585,231.5
2100-08,Punjab,Lahore,ssp585,209.8
2100-09,Punjab,Lahore,ssp585,198.3
2100-10,Punjab,Lahore,ssp585,210.9
2100-11,Punjab,Lahore,ssp585,198.9
2100-12,Punjab,Lahore,ssp585,216.3
1980-01,KPK,Peshawar,historical,73.4
1980-02,KPK,Peshawar,historical,90.7
1980-03,KPK,Peshawar,historical,102.7
1980-04,KPK,Peshawar,historical,115.3
1980-05,KPK,Peshawar,historical,108.0
1980-06,KPK,Peshawar,historical,86.9
1980-07,KPK,Peshawar,historical,84.1
1980-08,KPK,Peshawar,historical,61.8
1980-09,KPK,Peshawar,historical,24.9
1980-10,KPK,Peshawar,historical,18.6
1980-11,KPK,Peshawar,historical,28.6
1980-12,KPK,Peshawar,historical,55.6
1981-01,KPK,Peshawar,historical,94.3
1981-02,KPK,Peshawar,historical,87.7
1981-03,KPK,Peshawar,historical,109.0
1981-04,KPK,Peshawar,historical,126.2
1981-05,KPK,Peshawar,historical,107.7
1981-06,KPK,Peshawar,historical,103.9
1981-07,KPK,Peshawar,historical,81.9
1981-08,KPK,Peshawar,historical,54.3
1981-09,KPK,Peshawar,historical,45.6
1981-10,KPK,Peshawar,historical,40.4
1981-11,KPK,Peshawar,historical,29.4
1981-12,KPK,Peshawar,historical,53.3
1982-01,KPK,Peshawar,historical,70.8
1982-02,KPK,Peshawar,historical,96.3
1982-03,KPK,Peshawar,historical,102.7
1982-04,KPK,Peshawar,historical,109.8
1982-05,KPK,Peshawar,historical,111.6
1982-06,KPK,Peshawar,historical,96.0
1982-07,KPK,Peshawar,historical,85.1
1982-08,KPK,Peshawar,historical,56.0
1982-09,KPK,Peshawar,historical,49.5
1982-10,KPK,Peshawar,historical,43.1
1982-11,KPK,Peshawar,historical,47.4
1982-12,KPK,Peshawar,historical,29.5
1983-01,KPK,Peshawar,historical,69.8
1983-02,KPK,Peshawar,historical,99.3
1983-03,KPK,Peshawar,historical,101.9
1983-04,KPK,Peshawar,historical,113.1
1983-05,KPK,Peshawar,historical,116.0
1983-06,KPK,Peshawar,historical,96.4
1983-07,KPK,Peshawar,historical,72.8
1983-08,KPK,Peshawar,historical,66.8
1983-09,KPK,Peshawar,historical,36.4
1983-10,KPK,Peshawar,historical,41.6
1983-11,KPK,Peshawar,historical,39.0
1983-12,KPK,Peshawar,historical,55.2
1984-01,KPK,Peshawar,historical,72.8
1984-02,KPK,Peshawar,historical,90.1
1984-03,KPK,Peshawar,historical,109.7
1984-04,KPK,Peshawar,historical,107.1
1984-05,KPK,Peshawar,historical,115.6
1984-06,KPK,Peshawar,historical,96.8
1984-07,KPK,Peshawar,historical,72.2
1984-08,KPK,Peshawar,historical,60.2
1984-09,KPK,Peshawar,historical,32.0
1984-10,KPK,Peshawar,historical,19.9
1984-11,KPK,Peshawar,historical,42.3
1984-12,KPK,Peshawar,historical,44.8
1985-01,KPK,Peshawar,historical,65.4
1985-02,KPK,Peshawar,historical,97.2
1985-03,KPK,Peshawar,historical,118.1
1985-04,KPK,Peshawar,historical,111.3
1985-05,KPK,Peshawar,historical,104.9
1985-06,KPK,Peshawar,historical,106.7
1985-07,KPK,Peshawar,historical,65.3
1985-08,KPK,Peshawar,historical,60.5
1985-09,KPK,Peshawar,historical,42.4
1985-10,KPK,Peshawar,historical,28.6
1985-11,KPK,Peshawar,historical,38.4
1985-12,KPK,Peshawar,historical,48.4
1986-01,KPK,Peshawar,historical,70.6
1986-02,KPK,Peshawar,historical,95.0
1986-03,KPK,Peshawar,historical,106.2
1986-04,KPK,Peshawar,historical,105.1
1986-05,KPK,Peshawar,historical,116.3
1986-06,KPK,Peshawar,historical,91.8
1986-07,KPK,Peshawar,historical,80.9
1986-08,KPK,Peshawar,historical,53.4
1986-09,KPK,Peshawar,historical,59.2
1986-10,KPK,Peshawar,historical,37.7
1986-11,KPK,Peshawar,historical,29.8
1986-12,KPK,Peshawar,historical,44.8
1987-01,KPK,Peshawar,historical,68.9
1987-02,KPK,Peshawar,historical,93.0
1987-03,KPK,Peshawar,historical,99.6
1987-04,KPK,Peshawar,historical,108.8
1987-05,KPK,Peshawar,historical,111.4
1987-06,KPK,Peshawar,historical,85.0
1987-07,KPK,Peshawar,historical,74.6
1987-08,KPK,Peshawar,historical,56.2
1987-09,KPK,Peshawar,historical,32.2
1987-10,KPK,Peshawar,historical,38.1
1987-11,KPK,Peshawar,historical,39.9
1987-12,KPK,Peshawar,historical,62.3
1988-01,KPK,Peshawar,historical,80.0
1988-02,KPK,Peshawar,historical,94.5
1988-03,KPK,Peshawar,historical,110.1
1988-04,KPK,Peshawar,historical,120.1
1988-05,KPK,Peshawar,historical,113.9
1988-06,KPK,Peshawar,historical,84.1
1988-07,KPK,Peshawar,historical,81.8
1988-08,KPK,Peshawar,historical,50.6
1988-09,KPK,Peshawar,historical,47.4
1988-10,KPK,Peshawar,historical,35.0
1988-11,KPK,Peshawar,historical,34.7
1988-12,KPK,Peshawar,historical,54.5
1989-01,KPK,Peshawar,historical,85.5
1989-02,KPK,Peshawar,historical,90.7
1989-03,KPK,Peshawar,historical,99.1
1989-04,KPK,Peshawar,historical,115.0
1989-05,KPK,Peshawar,historical,120.2
1989-06,KPK,Peshawar,historical,107.3
1989-07,KPK,Peshawar,historical,82.6
1989-08,KPK,Peshawar,historical,39.5
1989-09,KPK,Peshawar,historical,37.7
1989-10,KPK,Peshawar,historical,30.4
1989-11,KPK,Peshawar,historical,38.1
1989-12,KPK,Peshawar,historical,46.8
1990-01,KPK,Peshawar,historical,73.3
1990-02,KPK,Peshawar,historical,87.7
1990-03,KPK,Peshawar,historical,127.7
1990-04,KPK,Peshawar,historical,117.2
1990-05,KPK,Peshawar,historical,107.6
1990-06,KPK,Peshawar,historical,87.3
1990-07,KPK,Peshawar,historical,82.1
1990-08,KPK,Peshawar,historical,58.7
1990-09,KPK,Peshawar,historical,47.6
1990-10,KPK,Peshawar,historical,36.2
1990-11,KPK,Peshawar,historical,36.0
1990-12,KPK,Peshawar,historical,49.4
1991-01,KPK,Peshawar,historical,69.9
1991-02,KPK,Peshawar,historical,93.2
1991-03,KPK,Peshawar,historical,116.1
1991-04,KPK,Peshawar,historical,112.9
1991-05,KPK,Peshawar,historical,113.3
1991-06,KPK,Peshawar,historical,101.4
1991-07,KPK,Peshawar,historical,72.1
1991-08,KPK,Peshawar,historical,61.5
1991-09,KPK,Peshawar,historical,42.3
1991-10,KPK,Peshawar,historical,36.5
1991-11,KPK,Peshawar,historical,39.2
1991-12,KPK,Peshawar,historical,55.8
1992-01,KPK,Peshawar,historical,69.2
1992-02,KPK,Peshawar,historical,90.1
1992-03,KPK,Peshawar,historical,113.0
1992-04,KPK,Peshawar,historical,123.1
1992-05,KPK,Peshawar,historical,109.6
1992-06,KPK,Peshawar,historical,99.6
1992-07,KPK,Peshawar,historical,73.7
1992-08,KPK,Peshawar,historical,49.0
1992-09,KPK,Peshawar,historical,39.4
1992-10,KPK,Peshawar,historical,36.5
1992-11,KPK,Peshawar,historical,34.5
1992-12,KPK,Peshawar,historical,50.3
1993-01,KPK,Peshawar,historical,71.8
1993-02,KPK,Peshawar,historical,97.3
1993-03,KPK,Peshawar,historical,100.8
1993-04,KPK,Peshawar,historical,118.7
1993-05,KPK,Peshawar,historical,113.1
1993-06,KPK,Peshawar,historical,97.5
1993-07,KPK,Peshawar,historical,71.3
1993-08,KPK,Peshawar,historical,56.5
1993-09,KPK,Peshawar,historical,31.5
1993-10,KPK,Peshawar,historical,28.4
1993-11,KPK,Peshawar,historical,45.0
1993-12,KPK,Peshawar,historical,45.1
1994-01,KPK,Peshawar,historical,70.7
1994-02,KPK,Peshawar,historical,92.0
1994-03,KPK,Peshawar,historical,115.8
1994-04,KPK,Peshawar,historical,106.6
1994-05,KPK,Peshawar,historical,107.1
1994-06,KPK,Peshawar,historical,88.4
1994-07,KPK,Peshawar,historical,87.0
1994-08,KPK,Peshawar,historical,52.6
1994-09,KPK,Peshawar,historical,35.7
1994-10,KPK,Peshawar,historical,34.6
1994-11,KPK,Peshawar,historical,45.5
1994-12,KPK,Peshawar,historical,39.9
1995-01,KPK,Peshawar,historical,67.6
1995-02,KPK,Peshawar,historical,97.6
1995-03,KPK,Peshawar,historical,106.8
1995-04,KPK,Peshawar,historical,106.6
1995-05,KPK,Peshawar,historical,106.2
1995-06,KPK,Peshawar,historical,97.2
1995-07,KPK,Peshawar,historical,77.6
1995-08,KPK,Peshawar,historical,68.4
1995-09,KPK,Peshawar,historical,27.7
1995-10,KPK,Peshawar,historical,23.3
1995-11,KPK,Peshawar,historical,30.8
1995-12,KPK,Peshawar,historical,61.4
1996-01,KPK,Peshawar,historical,69.0
1996-02,KPK,Peshawar,historical,85.3
1996-03,KPK,Peshawar,historical,117.0
1996-04,KPK,Peshawar,historical,111.6
1996-05,KPK,Peshawar,historical,119.1
1996-06,KPK,Peshawar,historical,97.6
1996-07,KPK,Peshawar,historical,70.6
1996-08,KPK,Peshawar,historical,60.9
1996-09,KPK,Peshawar,historical,45.1
1996-10,KPK,Peshawar,historical,44.4
1996-11,KPK,Peshawar,historical,36.4
1996-12,KPK,Peshawar,historical,52.3
1997-01,KPK,Peshawar,historical,85.7
1997-02,KPK,Peshawar,historical,103.9
1997-03,KPK,Peshawar,historical,113.1
1997-04,KPK,Peshawar,historical,110.8
1997-05,KPK,Peshawar,historical,103.8
1997-06,KPK,Peshawar,historical,85.9
1997-07,KPK,Peshawar,historical,68.3
1997-08,KPK,Peshawar,historical,53.1
1997-09,KPK,Peshawar,historical,30.9
1997-10,KPK,Peshawar,historical,38.9
1997-11,KPK,Peshawar,historical,21.1
1997-12,KPK,Peshawar,historical,48.9
1998-01,KPK,Peshawar,historical,70.5
1998-02,KPK,Peshawar,historical,100.4
1998-03,KPK,Peshawar,historical,114.9
1998-04,KPK,Peshawar,historical,108.1
1998-05,KPK,Peshawar,historical,112.9
1998-06,KPK,Peshawar,historical,88.7
1998-07,KPK,Peshawar,historical,77.4
1998-08,KPK,Peshawar,historical,45.9
1998-09,KPK,Peshawar,historical,40.2
1998-10,KPK,Peshawar,historical,44.2
1998-11,KPK,Peshawar,historical,53.8
1998-12,KPK,Peshawar,historical,62.2
1999-01,KPK,Peshawar,historical,68.0
1999-02,KPK,Peshawar,historical,92.4
1999-03,KPK,Peshawar,historical,104.6
1999-04,KPK,Peshawar,historical,112.5
1999-05,KPK,Peshawar,historical,98.9
1999-06,KPK,Peshawar,historical,91.6
1999-07,KPK,Peshawar,historical,83.2
1999-08,KPK,Peshawar,historical,70.3
1999-09,KPK,Peshawar,historical,42.4
1999-10,KPK,Peshawar,historical,35.2
1999-11,KPK,Peshawar,historical,44.1
1999-12,KPK,Peshawar,historical,43.4
2000-01,KPK,Peshawar,historical,69.3
2000-02,KPK,Peshawar,historical,101.7
2000-03,KPK,Peshawar,historical,109.6
2000-04,KPK,Peshawar,historical,114.2
2000-05,KPK,Peshawar,historical,117.3
2000-06,KPK,Peshawar,historical,82.6
2000-07,KPK,Peshawar,historical,83.6
2000-08,KPK,Peshawar,historical,48.8
2000-09,KPK,Peshawar,historical,43.3
2000-10,KPK,Peshawar,historical,33.8
2000-11,KPK,Peshawar,historical,44.5
2000-12,KPK,Peshawar,historical,61.6
2001-01,KPK,Peshawar,historical,68.1
2001-02,KPK,Peshawar,historical,102.0
2001-03,KPK,Peshawar,historical,114.8
2001-04,KPK,Peshawar,historical,126.9
2001-05,KPK,Peshawar,historical,107.5
2001-06,KPK,Peshawar,historical,104.5
2001-07,KPK,Peshawar,historical,80.4
2001-08,KPK,Peshawar,historical,51.4
2001-09,KPK,Peshawar,historical,46.4
2001-10,KPK,Peshawar,historical,31.1
2001-11,KPK,Peshawar,historical,45.8
2001-12,KPK,Peshawar,historical,53.8
2002-01,KPK,Peshawar,historical,76.1
2002-02,KPK,Peshawar,historical,96.5
2002-03,KPK,Peshawar,historical,118.4
2002-04,KPK,Peshawar,historical,116.2
2002-05,KPK,Peshawar,historical,115.4
2002-06,KPK,Peshawar,historical,100.3
2002-07,KPK,Peshawar,historical,69.2
2002-08,KPK,Peshawar,historical,61.1
2002-09,KPK,Peshawar,historical,49.8
2002-10,KPK,Peshawar,historical,37.4
2002-11,KPK,Peshawar,historical,42.2
2002-12,KPK,Peshawar,historical,48.5
2003-01,KPK,Peshawar,historical,84.4
2003-02,KPK,Peshawar,historical,85.2
2003-03,KPK,Peshawar,historical,112.3
2003-04,KPK,Peshawar,historical,127.8
2003-05,KPK,Peshawar,historical,106.4
2003-06,KPK,Peshawar,historical,99.9
2003-07,KPK,Peshawar,historical,70.2
2003-08,KPK,Peshawar,historical,59.2
2003-09,KPK,Peshawar,historical,29.3
2003-10,KPK,Peshawar,historical,30.9
2003-11,KPK,Peshawar,historical,34.8
2003-12,KPK,Peshawar,historical,55.3
2004-01,KPK,Peshawar,historical,63.3
2004-02,KPK,Peshawar,historical,106.7
2004-03,KPK,Peshawar,historical,113.4
2004-04,KPK,Peshawar,historical,113.3
2004-05,KPK,Peshawar,historical,121.8
2004-06,KPK,Peshawar,historical,95.9
2004-07,KPK,Peshawar,historical,77.1
2004-08,KPK,Peshawar,historical,56.6
2004-09,KPK,Peshawar,historical,50.6
2004-10,KPK,Peshawar,historical,34.9
2004-11,KPK,Peshawar,historical,31.8
2004-12,KPK,Peshawar,historical,55.2
2005-01,KPK,Peshawar,historical,78.3
2005-02,KPK,Peshawar,historical,95.9
2005-03,KPK,Peshawar,historical,106.6
2005-04,KPK,Peshawar,historical,111.1
2005-05,KPK,Peshawar,historical,99.2
2005-06,KPK,Peshawar,historical,99.5
2005-07,KPK,Peshawar,historical,69.4
2005-08,KPK,Peshawar,historical,50.0
2005-09,KPK,Peshawar,historical,42.9
2005-10,KPK,Peshawar,historical,41.4
2005-11,KPK,Peshawar,historical,32.0
2005-12,KPK,Peshawar,historical,52.0
2006-01,KPK,Peshawar,historical,72.5
2006-02,KPK,Peshawar,historical,99.6
2006-03,KPK,Peshawar,historical,103.9
2006-04,KPK,Peshawar,historical,111.1
2006-05,KPK,Peshawar,historical,114.2
2006-06,KPK,Peshawar,historical,91.8
2006-07,KPK,Peshawar,historical,68.0
2006-08,KPK,Peshawar,historical,54.5
2006-09,KPK,Peshawar,historical,32.9
2006-10,KPK,Peshawar,historical,31.8
2006-11,KPK,Peshawar,historical,48.4
2006-12,KPK,Peshawar,historical,53.3
2007-01,KPK,Peshawar,historical,74.3
2007-02,KPK,Peshawar,historical,92.7
2007-03,KPK,Peshawar,historical,100.5
2007-04,KPK,Peshawar,historical,118.1
2007-05,KPK,Peshawar,historical,118.4
2007-06,KPK,Peshawar,historical,105.0
2007-07,KPK,Peshawar,historical,95.5
2007-08,KPK,Peshawar,historical,52.4
2007-09,KPK,Peshawar,historical,40.8
2007-10,KPK,Peshawar,historical,26.0
2007-11,KPK,Peshawar,historical,52.4
2007-12,KPK,Peshawar,historical,61.6
2008-01,KPK,Peshawar,historical,82.1
2008-02,KPK,Peshawar,historical,100.3
2008-03,KPK,Peshawar,historical,110.3
2008-04,KPK,Peshawar,historical,98.8
2008-05,KPK,Peshawar,historical,120.1
2008-06,KPK,Peshawar,historical,100.8
2008-07,KPK,Peshawar,historical,77.1
2008-08,KPK,Peshawar,historical,48.7
2008-09,KPK,Peshawar,historical,45.5
2008-10,KPK,Peshawar,historical,35.9
2008-11,KPK,Peshawar,historical,40.8
2008-12,KPK,Peshawar,historical,46.7
2009-01,KPK,Peshawar,historical,67.4
2009-02,KPK,Peshawar,historical,95.4
2009-03,KPK,Peshawar,historical,110.5
2009-04,KPK,Peshawar,historical,109.4
2009-05,KPK,Peshawar,historical,123.5
2009-06,KPK,Peshawar,historical,92.9
2009-07,KPK,Peshawar,historical,74.8
2009-08,KPK,Peshawar,historical,56.4
2009-09,KPK,Peshawar,historical,49.8
2009-10,KPK,Peshawar,historical,28.3
2009-11,KPK,Peshawar,historical,38.0
2009-12,KPK,Peshawar,historical,45.5
2010-01,KPK,Peshawar,historical,82.7
2010-02,KPK,Peshawar,historical,99.1
2010-03,KPK,Peshawar,historical,112.4
2010-04,KPK,Peshawar,historical,118.8
2010-05,KPK,Peshawar,historical,124.1
2010-06,KPK,Peshawar,historical,95.3
2010-07,KPK,Peshawar,historical,71.2
2010-08,KPK,Peshawar,historical,50.4
2010-09,KPK,Peshawar,historical,46.6
2010-10,KPK,Peshawar,historical,37.9
2010-11,KPK,Peshawar,historical,42.7
2010-12,KPK,Peshawar,historical,49.9
2011-01,KPK,Peshawar,historical,79.2
2011-02,KPK,Peshawar,historical,100.3
2011-03,KPK,Peshawar,historical,112.0
2011-04,KPK,Peshawar,historical,115.9
2011-05,KPK,Peshawar,historical,114.6
2011-06,KPK,Peshawar,historical,98.9
2011-07,KPK,Peshawar,historical,71.9
2011-08,KPK,Peshawar,historical,52.3
2011-09,KPK,Peshawar,historical,27.2
2011-10,KPK,Peshawar,historical,38.0
2011-11,KPK,Peshawar,historical,38.6
2011-12,KPK,Peshawar,historical,65.5
2012-01,KPK,Peshawar,historical,62.7
2012-02,KPK,Peshawar,historical,97.2
2012-03,KPK,Peshawar,historical,115.4
2012-04,KPK,Peshawar,historical,111.9
2012-05,KPK,Peshawar,historical,114.7
2012-06,KPK,Peshawar,historical,98.1
2012-07,KPK,Peshawar,historical,79.0
2012-08,KPK,Peshawar,historical,52.9
2012-09,KPK,Peshawar,historical,16.9
2012-10,KPK,Peshawar,historical,34.4
2012-11,KPK,Peshawar,historical,40.0
2012-12,KPK,Peshawar,historical,49.4
2013-01,KPK,Peshawar,historical,65.9
2013-02,KPK,Peshawar,historical,99.7
2013-03,KPK,Peshawar,historical,114.1
2013-04,KPK,Peshawar,historical,128.0
2013-05,KPK,Peshawar,historical,105.5
2013-06,KPK,Peshawar,historical,104.4
2013-07,KPK,Peshawar,historical,75.4
2013-08,KPK,Peshawar,historical,51.0
2013-09,KPK,Peshawar,historical,42.9
2013-10,KPK,Peshawar,historical,40.0
2013-11,KPK,Peshawar,historical,35.6
2013-12,KPK,Peshawar,historical,65.6
2014-01,KPK,Peshawar,historical,75.4
2014-02,KPK,Peshawar,historical,87.3
2014-03,KPK,Peshawar,historical,103.2
2014-04,KPK,Peshawar,historical,124.4
2014-05,KPK,Peshawar,historical,107.3
2014-06,KPK,Peshawar,historical,96.7
2014-07,KPK,Peshawar,historical,76.0
2014-08,KPK,Peshawar,historical,53.7
2014-09,KPK,Peshawar,historical,46.3
2014-10,KPK,Peshawar,historical,30.4
2014-11,KPK,Peshawar,historical,31.5
2014-12,KPK,Peshawar,historical,38.2
2015-01,KPK,Peshawar,ssp245,74.4
2015-02,KPK,Peshawar,ssp245,94.1
2015-03,KPK,Peshawar,ssp245,121.0
2015-04,KPK,Peshawar,ssp245,111.6
2015-05,KPK,Peshawar,ssp245,119.5
2015-06,KPK,Peshawar,ssp245,94.2
2015-07,KPK,Peshawar,ssp245,89.0
2015-08,KPK,Peshawar,ssp245,47.6
2015-09,KPK,Peshawar,ssp245,36.9
2015-10,KPK,Peshawar,ssp245,39.7
2015-11,KPK,Peshawar,ssp245,49.3
2015-12,KPK,Peshawar,ssp245,61.9
2016-01,KPK,Peshawar,ssp245,66.0
2016-02,KPK,Peshawar,ssp245,105.5
2016-03,KPK,Peshawar,ssp245,112.3
2016-04,KPK,Peshawar,ssp245,105.4
2016-05,KPK,Peshawar,ssp245,108.2
2016-06,KPK,Peshawar,ssp245,94.7
2016-07,KPK,Peshawar,ssp245,70.6
2016-08,KPK,Peshawar,ssp245,66.1
2016-09,KPK,Peshawar,ssp245,45.1
2016-10,KPK,Peshawar,ssp245,44.3
2016-11,KPK,Peshawar,ssp245,34.3
2016-12,KPK,Peshawar,ssp245,43.5
2017-01,KPK,Peshawar,ssp245,80.7
2017-02,KPK,Peshawar,ssp245,98.3
2017-03,KPK,Peshawar,ssp245,120.0
2017-04,KPK,Peshawar,ssp245,124.1
2017-05,KPK,Peshawar,ssp245,114.7
2017-06,KPK,Peshawar,ssp245,104.6
2017-07,KPK,Peshawar,ssp245,78.3
2017-08,KPK,Peshawar,ssp245,58.6
2017-09,KPK,Peshawar,ssp245,57.2
2017-10,KPK,Peshawar,ssp245,46.4
2017-11,KPK,Peshawar,ssp245,33.9
2017-12,KPK,Peshawar,ssp245,45.1
2018-01,KPK,Peshawar,ssp245,88.6
2018-02,KPK,Peshawar,ssp245,95.6
2018-03,KPK,Peshawar,ssp245,113.3
2018-04,KPK,Peshawar,ssp245,116.2
2018-05,KPK,Peshawar,ssp245,117.0
2018-06,KPK,Peshawar,ssp245,96.1
2018-07,KPK,Peshawar,ssp245,69.5
2018-08,KPK,Peshawar,ssp245,44.2
2018-09,KPK,Peshawar,ssp245,24.4
2018-10,KPK,Peshawar,ssp245,29.2
2018-11,KPK,Peshawar,ssp245,52.5
2018-12,KPK,Peshawar,ssp245,51.1
2019-01,KPK,Peshawar,ssp245,79.0
2019-02,KPK,Peshawar,ssp245,108.6
2019-03,KPK,Peshawar,ssp245,125.4
2019-04,KPK,Peshawar,ssp245,116.6
2019-05,KPK,Peshawar,ssp245,120.9
2019-06,KPK,Peshawar,ssp245,97.4
2019-07,KPK,Peshawar,ssp245,64.7
2019-08,KPK,Peshawar,ssp245,66.3
2019-09,KPK,Peshawar,ssp245,44.7
2019-10,KPK,Peshawar,ssp245,31.6
2019-11,KPK,Peshawar,ssp245,45.6
2019-12,KPK,Peshawar,ssp245,61.8
2020-01,KPK,Peshawar,ssp245,81.4
2020-02,KPK,Peshawar,ssp245,93.5
2020-03,KPK,Peshawar,ssp245,114.9
2020-04,KPK,Peshawar,ssp245,124.2
2020-05,KPK,Peshawar,ssp245,122.2
2020-06,KPK,Peshawar,ssp245,99.6
2020-07,KPK,Peshawar,ssp245,72.2
2020-08,KPK,Peshawar,ssp245,63.2
2020-09,KPK,Peshawar,ssp245,54.3
2020-10,KPK,Peshawar,ssp245,34.7
2020-11,KPK,Peshawar,ssp245,48.8
2020-12,KPK,Peshawar,ssp245,68.3
2021-01,KPK,Peshawar,ssp245,89.2
2021-02,KPK,Peshawar,ssp245,112.3
2021-03,KPK,Peshawar,ssp245,119.4
2021-04,KPK,Peshawar,ssp245,133.7
2021-05,KPK,Peshawar,ssp245,127.8
2021-06,KPK,Peshawar,ssp245,95.8
2021-07,KPK,Peshawar,ssp245,83.9
2021-08,KPK,Peshawar,ssp245,62.7
2021-09,KPK,Peshawar,ssp245,40.5
2021-10,KPK,Peshawar,ssp245,37.7
2021-11,KPK,Peshawar,ssp245,30.4
2021-12,KPK,Peshawar,ssp245,66.7
2022-01,KPK,Peshawar,ssp245,88.6
2022-02,KPK,Peshawar,ssp245,111.7
2022-03,KPK,Peshawar,ssp245,128.5
2022-04,KPK,Peshawar,ssp245,119.1
2022-05,KPK,Peshawar,ssp245,117.1
2022-06,KPK,Peshawar,ssp245,115.1
2022-07,KPK,Peshawar,ssp245,90.8
2022-08,KPK,Peshawar,ssp245,56.1
2022-09,KPK,Peshawar,ssp245,28.5
2022-10,KPK,Peshawar,ssp245,39.5
2022-11,KPK,Peshawar,ssp245,38.6
2022-12,KPK,Peshawar,ssp245,62.6
2023-01,KPK,Peshawar,ssp245,90.5
2023-02,KPK,Peshawar,ssp245,92.6
2023-03,KPK,Peshawar,ssp245,121.2
2023-04,KPK,Peshawar,ssp245,115.3
2023-05,KPK,Peshawar,ssp245,138.4
2023-06,KPK,Peshawar,ssp245,104.5
2023-07,KPK,Peshawar,ssp245,87.1
2023-08,KPK,Peshawar,ssp245,54.7
2023-09,KPK,Peshawar,ssp245,31.2
2023-10,KPK,Peshawar,ssp245,34.8
2023-11,KPK,Peshawar,ssp245,40.4
2023-12,KPK,Peshawar,ssp245,72.1
2024-01,KPK,Peshawar,ssp245,75.1
2024-02,KPK,Peshawar,ssp245,111.2
2024-03,KPK,Peshawar,ssp245,123.3
2024-04,KPK,Peshawar,ssp245,124.8
2024-05,KPK,Peshawar,ssp245,101.0
2024-06,KPK,Peshawar,ssp245,100.8
2024-07,KPK,Peshawar,ssp245,91.9
2024-08,KPK,Peshawar,ssp245,67.9
2024-09,KPK,Peshawar,ssp245,49.8
2024-10,KPK,Peshawar,ssp245,32.1
2024-11,KPK,Peshawar,ssp245,49.8
2024-12,KPK,Peshawar,ssp245,66.0
2025-01,KPK,Peshawar,ssp245,81.1
2025-02,KPK,Peshawar,ssp245,109.1
2025-03,KPK,Peshawar,ssp245,115.5
2025-04,KPK,Peshawar,ssp245,111.2
2025-05,KPK,Peshawar,ssp245,116.2
2025-06,KPK,Peshawar,ssp245,100.7
2025-07,KPK,Peshawar,ssp245,94.8
2025-08,KPK,Peshawar,ssp245,70.2
2025-09,KPK,Peshawar,ssp245,49.2
2025-10,KPK,Peshawar,ssp245,39.9
2025-11,KPK,Peshawar,ssp245,54.0
2025-12,KPK,Peshawar,ssp245,76.5
2026-01,KPK,Peshawar,ssp245,78.4
2026-02,KPK,Peshawar,ssp245,101.8
2026-03,KPK,Peshawar,ssp245,130.8
2026-04,KPK,Peshawar,ssp245,131.3
2026-05,KPK,Peshawar,ssp245,118.7
2026-06,KPK,Peshawar,ssp245,115.9
2026-07,KPK,Peshawar,ssp245,90.6
2026-08,KPK,Peshawar,ssp245,58.4
2026-09,KPK,Peshawar,ssp245,52.7
2026-10,KPK,Peshawar,ssp245,45.0
2026-11,KPK,Peshawar,ssp245,63.5
2026-12,KPK,Peshawar,ssp245,70.7
2027-01,KPK,Peshawar,ssp245,90.5
2027-02,KPK,Peshawar,ssp245,108.7
2027-03,KPK,Peshawar,ssp245,126.9
2027-04,KPK,Peshawar,ssp245,117.8
2027-05,KPK,Peshawar,ssp245,111.9
2027-06,KPK,Peshawar,ssp245,111.0
2027-07,KPK,Peshawar,ssp245,90.4
2027-08,KPK,Peshawar,ssp245,63.5
2027-09,KPK,Peshawar,ssp245,36.1
2027-10,KPK,Peshawar,ssp245,37.6
2027-11,KPK,Peshawar,ssp245,55.8
2027-12,KPK,Peshawar,ssp245,67.9
2028-01,KPK,Peshawar,ssp245,82.8
2028-02,KPK,Peshawar,ssp245,101.4
2028-03,KPK,Peshawar,ssp245,125.9
2028-04,KPK,Peshawar,ssp245,128.4
2028-05,KPK,Peshawar,ssp245,122.8
2028-06,KPK,Peshawar,ssp245,105.0
2028-07,KPK,Peshawar,ssp245,89.4
2028-08,KPK,Peshawar,ssp245,69.8
2028-09,KPK,Peshawar,ssp245,47.6
2028-10,KPK,Peshawar,ssp245,59.8
2028-11,KPK,Peshawar,ssp245,48.1
2028-12,KPK,Peshawar,ssp245,69.2
2029-01,KPK,Peshawar,ssp245,76.8
2029-02,KPK,Peshawar,ssp245,101.9
2029-03,KPK,Peshawar,ssp245,131.9
2029-04,KPK,Peshawar,ssp245,136.1
2029-05,KPK,Peshawar,ssp245,126.7
2029-06,KPK,Peshawar,ssp245,104.7
2029-07,KPK,Peshawar,ssp245,91.9
2029-08,KPK,Peshawar,ssp245,60.9
2029-09,KPK,Peshawar,ssp245,61.7
2029-10,KPK,Peshawar,ssp245,27.7
2029-11,KPK,Peshawar,ssp245,50.6
2029-12,KPK,Peshawar,ssp245,62.7
2030-01,KPK,Peshawar,ssp245,99.7
2030-02,KPK,Peshawar,ssp245,109.0
2030-03,KPK,Peshawar,ssp245,135.4
2030-04,KPK,Peshawar,ssp245,142.6
2030-05,KPK,Peshawar,ssp245,129.5
2030-06,KPK,Peshawar,ssp245,98.2
2030-07,KPK,Peshawar,ssp245,84.4
2030-08,KPK,Peshawar,ssp245,65.6
2030-09,KPK,Peshawar,ssp245,57.5
2030-10,KPK,Peshawar,ssp245,51.8
2030-11,KPK,Peshawar,ssp245,44.3
2030-12,KPK,Peshawar,ssp245,75.9
2031-01,KPK,Peshawar,ssp245,82.8
2031-02,KPK,Peshawar,ssp245,108.8
2031-03,KPK,Peshawar,ssp245,128.8
2031-04,KPK,Peshawar,ssp245,131.4
2031-05,KPK,Peshawar,ssp245,139.0
2031-06,KPK,Peshawar,ssp245,120.6
2031-07,KPK,Peshawar,ssp245,81.0
2031-08,KPK,Peshawar,ssp245,61.8
2031-09,KPK,Peshawar,ssp245,64.2
2031-10,KPK,Peshawar,ssp245,50.7
2031-11,KPK,Peshawar,ssp245,60.3
2031-12,KPK,Peshawar,ssp245,71.0
2032-01,KPK,Peshawar,ssp245,101.1
2032-02,KPK,Peshawar,ssp245,118.4
2032-03,KPK,Peshawar,ssp245,133.8
2032-04,KPK,Peshawar,ssp245,128.1
2032-05,KPK,Peshawar,ssp245,132.6
2032-06,KPK,Peshawar,ssp245,100.3
2032-07,KPK,Peshawar,ssp245,90.2
2032-08,KPK,Peshawar,ssp245,66.5
2032-09,KPK,Peshawar,ssp245,50.3
2032-10,KPK,Peshawar,ssp245,43.6
2032-11,KPK,Peshawar,ssp245,41.0
2032-12,KPK,Peshawar,ssp245,81.3
2033-01,KPK,Peshawar,ssp245,90.9
2033-02,KPK,Peshawar,ssp245,112.0
2033-03,KPK,Peshawar,ssp245,132.6
2033-04,KPK,Peshawar,ssp245,142.5
2033-05,KPK,Peshawar,ssp245,139.2
2033-06,KPK,Peshawar,ssp245,110.4
2033-07,KPK,Peshawar,ssp245,94.5
2033-08,KPK,Peshawar,ssp245,65.4
2033-09,KPK,Peshawar,ssp245,62.9
2033-10,KPK,Peshawar,ssp245,51.9
2033-11,KPK,Peshawar,ssp245,64.4
2033-12,KPK,Peshawar,ssp245,79.1
2034-01,KPK,Peshawar,ssp245,99.6
2034-02,KPK,Peshawar,ssp245,118.5
2034-03,KPK,Peshawar,ssp245,130.3
2034-04,KPK,Peshawar,ssp245,125.7
2034-05,KPK,Peshawar,ssp245,132.3
2034-06,KPK,Peshawar,ssp245,127.7
2034-07,KPK,Peshawar,ssp245,90.7
2034-08,KPK,Peshawar,ssp245,68.1
2034-09,KPK,Peshawar,ssp245,63.0
2034-10,KPK,Peshawar,ssp245,65.7
2034-11,KPK,Peshawar,ssp245,50.3
2034-12,KPK,Peshawar,ssp245,55.0
2035-01,KPK,Peshawar,ssp245,89.7
2035-02,KPK,Peshawar,ssp245,116.1
2035-03,KPK,Peshawar,ssp245,129.5
2035-04,KPK,Peshawar,ssp245,134.2
2035-05,KPK,Peshawar,ssp245,126.9
2035-06,KPK,Peshawar,ssp245,110.7
2035-07,KPK,Peshawar,ssp245,88.6
2035-08,KPK,Peshawar,ssp245,77.1
2035-09,KPK,Peshawar,ssp245,63.6
2035-10,KPK,Peshawar,ssp245,41.5
2035-11,KPK,Peshawar,ssp245,71.5
2035-12,KPK,Peshawar,ssp245,78.0
2036-01,KPK,Peshawar,ssp245,99.7
2036-02,KPK,Peshawar,ssp245,114.1
2036-03,KPK,Peshawar,ssp245,133.5
2036-04,KPK,Peshawar,ssp245,128.5
2036-05,KPK,Peshawar,ssp245,143.9
2036-06,KPK,Peshawar,ssp245,127.5
2036-07,KPK,Peshawar,ssp245,94.1
2036-08,KPK,Peshawar,ssp245,65.1
2036-09,KPK,Peshawar,ssp245,57.8
2036-10,KPK,Peshawar,ssp245,59.2
2036-11,KPK,Peshawar,ssp245,57.3
2036-12,KPK,Peshawar,ssp245,69.4
2037-01,KPK,Peshawar,ssp245,97.7
2037-02,KPK,Peshawar,ssp245,110.5
2037-03,KPK,Peshawar,ssp245,142.8
2037-04,KPK,Peshawar,ssp245,145.5
2037-05,KPK,Peshawar,ssp245,137.8
2037-06,KPK,Peshawar,ssp245,112.1
2037-07,KPK,Peshawar,ssp245,98.5
2037-08,KPK,Peshawar,ssp245,84.8
2037-09,KPK,Peshawar,ssp245,44.9
2037-10,KPK,Peshawar,ssp245,57.2
2037-11,KPK,Peshawar,ssp245,72.1
2037-12,KPK,Peshawar,ssp245,90.5
2038-01,KPK,Peshawar,ssp245,90.0
2038-02,KPK,Peshawar,ssp245,120.3
2038-03,KPK,Peshawar,ssp245,141.5
2038-04,KPK,Peshawar,ssp245,148.4
2038-05,KPK,Peshawar,ssp245,119.4
2038-06,KPK,Peshawar,ssp245,103.0
2038-07,KPK,Peshawar,ssp245,99.0
2038-08,KPK,Peshawar,ssp245,81.0
2038-09,KPK,Peshawar,ssp245,61.1
2038-10,KPK,Peshawar,ssp245,54.0
2038-11,KPK,Peshawar,ssp245,72.1
2038-12,KPK,Peshawar,ssp245,88.9
2039-01,KPK,Peshawar,ssp245,93.8
2039-02,KPK,Peshawar,ssp245,120.4
2039-03,KPK,Peshawar,ssp245,125.5
2039-04,KPK,Peshawar,ssp245,153.5
2039-05,KPK,Peshawar,ssp245,123.8
2039-06,KPK,Peshawar,ssp245,111.2
2039-07,KPK,Peshawar,ssp245,91.9
2039-08,KPK,Peshawar,ssp245,70.0
2039-09,KPK,Peshawar,ssp245,72.9
2039-10,KPK,Peshawar,ssp245,75.5
2039-11,KPK,Peshawar,ssp245,65.2
2039-12,KPK,Peshawar,ssp245,75.9
2040-01,KPK,Peshawar,ssp245,104.9
2040-02,KPK,Peshawar,ssp245,113.1
2040-03,KPK,Peshawar,ssp245,145.7
2040-04,KPK,Peshawar,ssp245,140.8
2040-05,KPK,Peshawar,ssp245,138.8
2040-06,KPK,Peshawar,ssp245,115.1
2040-07,KPK,Peshawar,ssp245,98.2
2040-08,KPK,Peshawar,ssp245,66.6
2040-09,KPK,Peshawar,ssp245,64.1
2040-10,KPK,Peshawar,ssp245,65.4
2040-11,KPK,Peshawar,ssp245,49.9
2040-12,KPK,Peshawar,ssp245,71.6
2041-01,KPK,Peshawar,ssp245,96.6
2041-02,KPK,Peshawar,ssp245,118.7
2041-03,KPK,Peshawar,ssp245,135.7
2041-04,KPK,Peshawar,ssp245,141.7
2041-05,KPK,Peshawar,ssp245,138.7
2041-06,KPK,Peshawar,ssp245,121.1
2041-07,KPK,Peshawar,ssp245,87.8
2041-08,KPK,Peshawar,ssp245,82.5
2041-09,KPK,Peshawar,ssp245,74.2
2041-10,KPK,Peshawar,ssp245,61.4
2041-11,KPK,Peshawar,ssp245,51.4
2041-12,KPK,Peshawar,ssp245,82.2
2042-01,KPK,Peshawar,ssp245,104.9
2042-02,KPK,Peshawar,ssp245,114.4
2042-03,KPK,Peshawar,ssp245,137.9
2042-04,KPK,Peshawar,ssp245,152.8
2042-05,KPK,Peshawar,ssp245,150.0
2042-06,KPK,Peshawar,ssp245,123.3
2042-07,KPK,Peshawar,ssp245,105.6
2042-08,KPK,Peshawar,ssp245,79.7
2042-09,KPK,Peshawar,ssp245,62.7
2042-10,KPK,Peshawar,ssp245,71.1
2042-11,KPK,Peshawar,ssp245,73.5
2042-12,KPK,Peshawar,ssp245,86.1
2043-01,KPK,Peshawar,ssp245,98.1
2043-02,KPK,Peshawar,ssp245,134.3
2043-03,KPK,Peshawar,ssp245,146.3
2043-04,KPK,Peshawar,ssp245,134.0
2043-05,KPK,Peshawar,ssp245,146.8
2043-06,KPK,Peshawar,ssp245,124.6
2043-07,KPK,Peshawar,ssp245,104.8
2043-08,KPK,Peshawar,ssp245,66.4
2043-09,KPK,Peshawar,ssp245,55.6
2043-10,KPK,Peshawar,ssp245,69.0
2043-11,KPK,Peshawar,ssp245,61.1
2043-12,KPK,Peshawar,ssp245,88.6
2044-01,KPK,Peshawar,ssp245,92.9
2044-02,KPK,Peshawar,ssp245,112.6
2044-03,KPK,Peshawar,ssp245,154.0
2044-04,KPK,Peshawar,ssp245,151.9
2044-05,KPK,Peshawar,ssp245,138.4
2044-06,KPK,Peshawar,ssp245,126.0
2044-07,KPK,Peshawar,ssp245,98.1
2044-08,KPK,Peshawar,ssp245,85.7
2044-09,KPK,Peshawar,ssp245,76.9
2044-10,KPK,Peshawar,ssp245,59.1
2044-11,KPK,Peshawar,ssp245,71.7
2044-12,KPK,Peshawar,ssp245,70.2
2045-01,KPK,Peshawar,ssp245,118.0
2045-02,KPK,Peshawar,ssp245,132.7
2045-03,KPK,Peshawar,ssp245,140.0
2045-04,KPK,Peshawar,ssp245,143.3
2045-05,KPK,Peshawar,ssp245,151.3
2045-06,KPK,Peshawar,ssp245,121.4
2045-07,KPK,Peshawar,ssp245,107.4
2045-08,KPK,Peshawar,ssp245,81.5
2045-09,KPK,Peshawar,ssp245,61.7
2045-10,KPK,Peshawar,ssp245,71.3
2045-11,KPK,Peshawar,ssp245,65.8
2045-12,KPK,Peshawar,ssp245,87.8
2046-01,KPK,Peshawar,ssp245,102.4
2046-02,KPK,Peshawar,ssp245,124.9
2046-03,KPK,Peshawar,ssp245,139.8
2046-04,KPK,Peshawar,ssp245,141.8
2046-05,KPK,Peshawar,ssp245,147.0
2046-06,KPK,Peshawar,ssp245,125.5
2046-07,KPK,Peshawar,ssp245,112.2
2046-08,KPK,Peshawar,ssp245,90.6
2046-09,KPK,Peshawar,ssp245,79.2
2046-10,KPK,Peshawar,ssp245,60.5
2046-11,KPK,Peshawar,ssp245,75.0
2046-12,KPK,Peshawar,ssp245,83.8
2047-01,KPK,Peshawar,ssp245,105.8
2047-02,KPK,Peshawar,ssp245,121.3
2047-03,KPK,Peshawar,ssp245,138.5
2047-04,KPK,Peshawar,ssp245,152.6
2047-05,KPK,Peshawar,ssp245,139.6
2047-06,KPK,Peshawar,ssp245,121.5
2047-07,KPK,Peshawar,ssp245,113.0
2047-08,KPK,Peshawar,ssp245,88.6
2047-09,KPK,Peshawar,ssp245,61.3
2047-10,KPK,Peshawar,ssp245,66.0
2047-11,KPK,Peshawar,ssp245,79.6
2047-12,KPK,Peshawar,ssp245,94.6
2048-01,KPK,Peshawar,ssp245,102.8
2048-02,KPK,Peshawar,ssp245,119.2
2048-03,KPK,Peshawar,ssp245,140.3
2048-04,KPK,Peshawar,ssp245,159.1
2048-05,KPK,Peshawar,ssp245,149.0
2048-06,KPK,Peshawar,ssp245,110.4
2048-07,KPK,Peshawar,ssp245,114.1
2048-08,KPK,Peshawar,ssp245,69.7
2048-09,KPK,Peshawar,ssp245,86.6
2048-10,KPK,Peshawar,ssp245,72.7
2048-11,KPK,Peshawar,ssp245,68.8
2048-12,KPK,Peshawar,ssp245,87.9
2049-01,KPK,Peshawar,ssp245,113.0
2049-02,KPK,Peshawar,ssp245,125.0
2049-03,KPK,Peshawar,ssp245,147.6
2049-04,KPK,Peshawar,ssp245,148.7
2049-05,KPK,Peshawar,ssp245,142.3
2049-06,KPK,Peshawar,ssp245,140.9
2049-07,KPK,Peshawar,ssp245,92.7
2049-08,KPK,Peshawar,ssp245,88.1
2049-09,KPK,Peshawar,ssp245,61.9
2049-10,KPK,Peshawar,ssp245,65.7
2049-11,KPK,Peshawar,ssp245,67.3
2049-12,KPK,Peshawar,ssp245,107.7
2050-01,KPK,Peshawar,ssp245,104.9
2050-02,KPK,Peshawar,ssp245,128.7
2050-03,KPK,Peshawar,ssp245,140.2
2050-04,KPK,Peshawar,ssp245,157.5
2050-05,KPK,Peshawar,ssp245,141.2
2050-06,KPK,Peshawar,ssp245,125.0
2050-07,KPK,Peshawar,ssp245,123.8
2050-08,KPK,Peshawar,ssp245,94.7
2050-09,KPK,Peshawar,ssp245,75.7
2050-10,KPK,Peshawar,ssp245,86.7
2050-11,KPK,Peshawar,ssp245,68.9
2050-12,KPK,Peshawar,ssp245,82.7
2051-01,KPK,Peshawar,ssp245,103.7
2051-02,KPK,Peshawar,ssp245,140.0
2051-03,KPK,Peshawar,ssp245,141.2
2051-04,KPK,Peshawar,ssp245,160.8
2051-05,KPK,Peshawar,ssp245,141.3
2051-06,KPK,Peshawar,ssp245,117.0
2051-07,KPK,Peshawar,ssp245,104.1
2051-08,KPK,Peshawar,ssp245,91.9
2051-09,KPK,Peshawar,ssp245,83.7
2051-10,KPK,Peshawar,ssp245,79.1
2051-11,KPK,Peshawar,ssp245,77.5
2051-12,KPK,Peshawar,ssp245,95.3
2052-01,KPK,Peshawar,ssp245,90.4
2052-02,KPK,Peshawar,ssp245,133.7
2052-03,KPK,Peshawar,ssp245,147.2
2052-04,KPK,Peshawar,ssp245,150.2
2052-05,KPK,Peshawar,ssp245,141.9
2052-06,KPK,Peshawar,ssp245,138.8
2052-07,KPK,Peshawar,ssp245,120.1
2052-08,KPK,Peshawar,ssp245,105.8
2052-09,KPK,Peshawar,ssp245,74.0
2052-10,KPK,Peshawar,ssp245,63.9
2052-11,KPK,Peshawar,ssp245,90.2
2052-12,KPK,Peshawar,ssp245,88.5
2053-01,KPK,Peshawar,ssp245,107.8
2053-02,KPK,Peshawar,ssp245,121.9
2053-03,KPK,Peshawar,ssp245,151.1
2053-04,KPK,Peshawar,ssp245,158.2
2053-05,KPK,Peshawar,ssp245,154.6
2053-06,KPK,Peshawar,ssp245,134.7
2053-07,KPK,Peshawar,ssp245,116.5
2053-08,KPK,Peshawar,ssp245,95.9
2053-09,KPK,Peshawar,ssp245,80.4
2053-10,KPK,Peshawar,ssp245,80.1
2053-11,KPK,Peshawar,ssp245,83.2
2053-12,KPK,Peshawar,ssp245,93.4
2054-01,KPK,Peshawar,ssp245,108.6
2054-02,KPK,Peshawar,ssp245,139.8
2054-03,KPK,Peshawar,ssp245,144.4
2054-04,KPK,Peshawar,ssp245,153.3
2054-05,KPK,Peshawar,ssp245,143.5
2054-06,KPK,Peshawar,ssp245,150.3
2054-07,KPK,Peshawar,ssp245,105.7
2054-08,KPK,Peshawar,ssp245,97.7
2054-09,KPK,Peshawar,ssp245,82.6
2054-10,KPK,Peshawar,ssp245,78.7
2054-11,KPK,Peshawar,ssp245,77.3
2054-12,KPK,Peshawar,ssp245,93.5
2055-01,KPK,Peshawar,ssp245,112.2
2055-02,KPK,Peshawar,ssp245,113.6
2055-03,KPK,Peshawar,ssp245,143.9
2055-04,KPK,Peshawar,ssp245,166.0
2055-05,KPK,Peshawar,ssp245,143.7
2055-06,KPK,Peshawar,ssp245,135.9
2055-07,KPK,Peshawar,ssp245,134.5
2055-08,KPK,Peshawar,ssp245,86.0
2055-09,KPK,Peshawar,ssp245,74.5
2055-10,KPK,Peshawar,ssp245,71.0
2055-11,KPK,Peshawar,ssp245,63.1
2055-12,KPK,Peshawar,ssp245,87.1
2056-01,KPK,Peshawar,ssp245,103.6
2056-02,KPK,Peshawar,ssp245,139.7
2056-03,KPK,Peshawar,ssp245,148.9
2056-04,KPK,Peshawar,ssp245,140.0
2056-05,KPK,Peshawar,ssp245,157.2
2056-06,KPK,Peshawar,ssp245,143.3
2056-07,KPK,Peshawar,ssp245,112.3
2056-08,KPK,Peshawar,ssp245,101.8
2056-09,KPK,Peshawar,ssp245,83.9
2056-10,KPK,Peshawar,ssp245,66.8
2056-11,KPK,Peshawar,ssp245,81.7
2056-12,KPK,Peshawar,ssp245,96.2
2057-01,KPK,Peshawar,ssp245,109.2
2057-02,KPK,Peshawar,ssp245,128.5
2057-03,KPK,Peshawar,ssp245,154.9
2057-04,KPK,Peshawar,ssp245,175.2
2057-05,KPK,Peshawar,ssp245,151.6
2057-06,KPK,Peshawar,ssp245,138.4
2057-07,KPK,Peshawar,ssp245,108.0
2057-08,KPK,Peshawar,ssp245,93.4
2057-09,KPK,Peshawar,ssp245,78.7
2057-10,KPK,Peshawar,ssp245,71.9
2057-11,KPK,Peshawar,ssp245,75.4
2057-12,KPK,Peshawar,ssp245,95.4
2058-01,KPK,Peshawar,ssp245,112.2
2058-02,KPK,Peshawar,ssp245,147.0
2058-03,KPK,Peshawar,ssp245,168.5
2058-04,KPK,Peshawar,ssp245,152.5
2058-05,KPK,Peshawar,ssp245,150.0
2058-06,KPK,Peshawar,ssp245,141.1
2058-07,KPK,Peshawar,ssp245,121.6
2058-08,KPK,Peshawar,ssp245,90.5
2058-09,KPK,Peshawar,ssp245,76.9
2058-10,KPK,Peshawar,ssp245,80.3
2058-11,KPK,Peshawar,ssp245,68.8
2058-12,KPK,Peshawar,ssp245,113.8
2059-01,KPK,Peshawar,ssp245,119.9
2059-02,KPK,Peshawar,ssp245,136.0
2059-03,KPK,Peshawar,ssp245,152.5
2059-04,KPK,Peshawar,ssp245,151.0
2059-05,KPK,Peshawar,ssp245,167.7
2059-06,KPK,Peshawar,ssp245,138.0
2059-07,KPK,Peshawar,ssp245,114.7
2059-08,KPK,Peshawar,ssp245,110.9
2059-09,KPK,Peshawar,ssp245,90.2
2059-10,KPK,Peshawar,ssp245,75.2
2059-11,KPK,Peshawar,ssp245,85.7
2059-12,KPK,Peshawar,ssp245,95.1
2060-01,KPK,Peshawar,ssp245,115.7
2060-02,KPK,Peshawar,ssp245,137.6
2060-03,KPK,Peshawar,ssp245,156.9
2060-04,KPK,Peshawar,ssp245,168.7
2060-05,KPK,Peshawar,ssp245,170.0
2060-06,KPK,Peshawar,ssp245,122.9
2060-07,KPK,Peshawar,ssp245,136.9
2060-08,KPK,Peshawar,ssp245,106.2
2060-09,KPK,Peshawar,ssp245,83.3
2060-10,KPK,Peshawar,ssp245,74.4
2060-11,KPK,Peshawar,ssp245,68.9
2060-12,KPK,Peshawar,ssp245,107.8
2061-01,KPK,Peshawar,ssp245,111.0
2061-02,KPK,Peshawar,ssp245,145.3
2061-03,KPK,Peshawar,ssp245,152.4
2061-04,KPK,Peshawar,ssp245,148.7
2061-05,KPK,Peshawar,ssp245,159.0
2061-06,KPK,Peshawar,ssp245,144.4
2061-07,KPK,Peshawar,ssp245,112.7
2061-08,KPK,Peshawar,ssp245,105.9
2061-09,KPK,Peshawar,ssp245,98.1
2061-10,KPK,Peshawar,ssp245,82.4
2061-11,KPK,Peshawar,ssp245,87.6
2061-12,KPK,Peshawar,ssp245,93.9
2062-01,KPK,Peshawar,ssp245,112.4
2062-02,KPK,Peshawar,ssp245,138.1
2062-03,KPK,Peshawar,ssp245,157.1
2062-04,KPK,Peshawar,ssp245,162.3
2062-05,KPK,Peshawar,ssp245,155.1
2062-06,KPK,Peshawar,ssp245,160.8
2062-07,KPK,Peshawar,ssp245,125.3
2062-08,KPK,Peshawar,ssp245,92.7
2062-09,KPK,Peshawar,ssp245,75.8
2062-10,KPK,Peshawar,ssp245,66.2
2062-11,KPK,Peshawar,ssp245,77.5
2062-12,KPK,Peshawar,ssp245,105.0
2063-01,KPK,Peshawar,ssp245,119.2
2063-02,KPK,Peshawar,ssp245,136.9
2063-03,KPK,Peshawar,ssp245,162.0
2063-04,KPK,Peshawar,ssp245,167.4
2063-05,KPK,Peshawar,ssp245,160.5
2063-06,KPK,Peshawar,ssp245,142.4
2063-07,KPK,Peshawar,ssp245,121.6
2063-08,KPK,Peshawar,ssp245,91.0
2063-09,KPK,Peshawar,ssp245,71.8
2063-10,KPK,Peshawar,ssp245,74.4
2063-11,KPK,Peshawar,ssp245,80.1
2063-12,KPK,Peshawar,ssp245,95.2
2064-01,KPK,Peshawar,ssp245,121.0
2064-02,KPK,Peshawar,ssp245,139.5
2064-03,KPK,Peshawar,ssp245,148.4
2064-04,KPK,Peshawar,ssp245,163.3
2064-05,KPK,Peshawar,ssp245,161.2
2064-06,KPK,Peshawar,ssp245,139.7
2064-07,KPK,Peshawar,ssp245,129.1
2064-08,KPK,Peshawar,ssp245,104.6
2064-09,KPK,Peshawar,ssp245,90.0
2064-10,KPK,Peshawar,ssp245,78.7
2064-11,KPK,Peshawar,ssp245,90.4
2064-12,KPK,Peshawar,ssp245,107.7
2065-01,KPK,Peshawar,ssp245,108.4
2065-02,KPK,Peshawar,ssp245,152.4
2065-03,KPK,Peshawar,ssp245,155.5
2065-04,KPK,Peshawar,ssp245,170.1
2065-05,KPK,Peshawar,ssp245,141.8
2065-06,KPK,Peshawar,ssp245,141.1
2065-07,KPK,Peshawar,ssp245,110.7
2065-08,KPK,Peshawar,ssp245,102.0
2065-09,KPK,Peshawar,ssp245,89.4
2065-10,KPK,Peshawar,ssp245,85.6
2065-11,KPK,Peshawar,ssp245,88.3
2065-12,KPK,Peshawar,ssp245,93.8
2066-01,KPK,Peshawar,ssp245,134.3
2066-02,KPK,Peshawar,ssp245,134.7
2066-03,KPK,Peshawar,ssp245,157.8
2066-04,KPK,Peshawar,ssp245,160.0
2066-05,KPK,Peshawar,ssp245,155.9
2066-06,KPK,Peshawar,ssp245,134.6
2066-07,KPK,Peshawar,ssp245,133.1
2066-08,KPK,Peshawar,ssp245,109.8
2066-09,KPK,Peshawar,ssp245,89.5
2066-10,KPK,Peshawar,ssp245,82.3
2066-11,KPK,Peshawar,ssp245,81.7
2066-12,KPK,Peshawar,ssp245,103.5
2067-01,KPK,Peshawar,ssp245,118.2
2067-02,KPK,Peshawar,ssp245,146.7
2067-03,KPK,Peshawar,ssp245,164.4
2067-04,KPK,Peshawar,ssp245,165.1
2067-05,KPK,Peshawar,ssp245,164.6
2067-06,KPK,Peshawar,ssp245,150.9
2067-07,KPK,Peshawar,ssp245,131.9
2067-08,KPK,Peshawar,ssp245,120.3
2067-09,KPK,Peshawar,ssp245,78.9
2067-10,KPK,Peshawar,ssp245,74.9
2067-11,KPK,Peshawar,ssp245,80.7
2067-12,KPK,Peshawar,ssp245,103.8
2068-01,KPK,Peshawar,ssp245,113.9
2068-02,KPK,Peshawar,ssp245,142.9
2068-03,KPK,Peshawar,ssp245,168.8
2068-04,KPK,Peshawar,ssp245,173.6
2068-05,KPK,Peshawar,ssp245,175.1
2068-06,KPK,Peshawar,ssp245,153.9
2068-07,KPK,Peshawar,ssp245,134.5
2068-08,KPK,Peshawar,ssp245,101.9
2068-09,KPK,Peshawar,ssp245,88.1
2068-10,KPK,Peshawar,ssp245,92.2
2068-11,KPK,Peshawar,ssp245,97.6
2068-12,KPK,Peshawar,ssp245,91.5
2069-01,KPK,Peshawar,ssp245,116.4
2069-02,KPK,Peshawar,ssp245,140.4
2069-03,KPK,Peshawar,ssp245,156.6
2069-04,KPK,Peshawar,ssp245,179.1
2069-05,KPK,Peshawar,ssp245,177.3
2069-06,KPK,Peshawar,ssp245,150.8
2069-07,KPK,Peshawar,ssp245,130.2
2069-08,KPK,Peshawar,ssp245,121.9
2069-09,KPK,Peshawar,ssp245,95.3
2069-10,KPK,Peshawar,ssp245,90.7
2069-11,KPK,Peshawar,ssp245,94.9
2069-12,KPK,Peshawar,ssp245,110.1
2070-01,KPK,Peshawar,ssp245,138.5
2070-02,KPK,Peshawar,ssp245,154.5
2070-03,KPK,Peshawar,ssp245,164.9
2070-04,KPK,Peshawar,ssp245,166.8
2070-05,KPK,Peshawar,ssp245,166.4
2070-06,KPK,Peshawar,ssp245,136.4
2070-07,KPK,Peshawar,ssp245,132.1
2070-08,KPK,Peshawar,ssp245,108.9
2070-09,KPK,Peshawar,ssp245,95.3
2070-10,KPK,Peshawar,ssp245,78.4
2070-11,KPK,Peshawar,ssp245,96.6
2070-12,KPK,Peshawar,ssp245,109.6
2071-01,KPK,Peshawar,ssp245,129.0
2071-02,KPK,Peshawar,ssp245,152.7
2071-03,KPK,Peshawar,ssp245,158.8
2071-04,KPK,Peshawar,ssp245,159.6
2071-05,KPK,Peshawar,ssp245,168.8
2071-06,KPK,Peshawar,ssp245,133.2
2071-07,KPK,Peshawar,ssp245,134.1
2071-08,KPK,Peshawar,ssp245,124.8
2071-09,KPK,Peshawar,ssp245,96.6
2071-10,KPK,Peshawar,ssp245,94.8
2071-11,KPK,Peshawar,ssp245,106.5
2071-12,KPK,Peshawar,ssp245,117.2
2072-01,KPK,Peshawar,ssp245,147.6
2072-02,KPK,Peshawar,ssp245,144.1
2072-03,KPK,Peshawar,ssp245,163.5
2072-04,KPK,Peshawar,ssp245,175.5
2072-05,KPK,Peshawar,ssp245,153.8
2072-06,KPK,Peshawar,ssp245,151.1
2072-07,KPK,Peshawar,ssp245,131.0
2072-08,KPK,Peshawar,ssp245,119.8
2072-09,KPK,Peshawar,ssp245,102.9
2072-10,KPK,Peshawar,ssp245,95.1
2072-11,KPK,Peshawar,ssp245,100.2
2072-12,KPK,Peshawar,ssp245,110.6
2073-01,KPK,Peshawar,ssp245,133.2
2073-02,KPK,Peshawar,ssp245,157.7
2073-03,KPK,Peshawar,ssp245,174.9
2073-04,KPK,Peshawar,ssp245,167.2
2073-05,KPK,Peshawar,ssp245,170.7
2073-06,KPK,Peshawar,ssp245,151.5
2073-07,KPK,Peshawar,ssp245,133.5
2073-08,KPK,Peshawar,ssp245,119.7
2073-09,KPK,Peshawar,ssp245,93.7
2073-10,KPK,Peshawar,ssp245,83.1
2073-11,KPK,Peshawar,ssp245,88.8
2073-12,KPK,Peshawar,ssp245,106.7
2074-01,KPK,Peshawar,ssp245,136.6
2074-02,KPK,Peshawar,ssp245,151.5
2074-03,KPK,Peshawar,ssp245,163.4
2074-04,KPK,Peshawar,ssp245,179.6
2074-05,KPK,Peshawar,ssp245,169.4
2074-06,KPK,Peshawar,ssp245,158.5
2074-07,KPK,Peshawar,ssp245,149.3
2074-08,KPK,Peshawar,ssp245,126.3
2074-09,KPK,Peshawar,ssp245,99.3
2074-10,KPK,Peshawar,ssp245,93.8
2074-11,KPK,Peshawar,ssp245,105.4
2074-12,KPK,Peshawar,ssp245,121.9
2075-01,KPK,Peshawar,ssp245,130.1
2075-02,KPK,Peshawar,ssp245,144.3
2075-03,KPK,Peshawar,ssp245,175.7
2075-04,KPK,Peshawar,ssp245,176.4
2075-05,KPK,Peshawar,ssp245,173.9
2075-06,KPK,Peshawar,ssp245,158.2
2075-07,KPK,Peshawar,ssp245,128.0
2075-08,KPK,Peshawar,ssp245,108.8
2075-09,KPK,Peshawar,ssp245,105.8
2075-10,KPK,Peshawar,ssp245,90.9
2075-11,KPK,Peshawar,ssp245,91.7
2075-12,KPK,Peshawar,ssp245,110.9
2076-01,KPK,Peshawar,ssp245,136.9
2076-02,KPK,Peshawar,ssp245,150.8
2076-03,KPK,Peshawar,ssp245,183.4
2076-04,KPK,Peshawar,ssp245,181.9
2076-05,KPK,Peshawar,ssp245,158.6
2076-06,KPK,Peshawar,ssp245,156.8
2076-07,KPK,Peshawar,ssp245,146.4
2076-08,KPK,Peshawar,ssp245,139.1
2076-09,KPK,Peshawar,ssp245,94.9
2076-10,KPK,Peshawar,ssp245,93.2
2076-11,KPK,Peshawar,ssp245,88.2
2076-12,KPK,Peshawar,ssp245,118.3
2077-01,KPK,Peshawar,ssp245,138.5
2077-02,KPK,Peshawar,ssp245,157.8
2077-03,KPK,Peshawar,ssp245,162.6
2077-04,KPK,Peshawar,ssp245,182.6
2077-05,KPK,Peshawar,ssp245,185.2
2077-06,KPK,Peshawar,ssp245,166.5
2077-07,KPK,Peshawar,ssp245,138.1
2077-08,KPK,Peshawar,ssp245,114.2
2077-09,KPK,Peshawar,ssp245,106.4
2077-10,KPK,Peshawar,ssp245,92.9
2077-11,KPK,Peshawar,ssp245,80.1
2077-12,KPK,Peshawar,ssp245,101.7
2078-01,KPK,Peshawar,ssp245,146.3
2078-02,KPK,Peshawar,ssp245,166.9
2078-03,KPK,Peshawar,ssp245,170.9
2078-04,KPK,Peshawar,ssp245,171.4
2078-05,KPK,Peshawar,ssp245,169.7
2078-06,KPK,Peshawar,ssp245,147.0
2078-07,KPK,Peshawar,ssp245,134.3
2078-08,KPK,Peshawar,ssp245,129.1
2078-09,KPK,Peshawar,ssp245,95.6
2078-10,KPK,Peshawar,ssp245,88.8
2078-11,KPK,Peshawar,ssp245,90.2
2078-12,KPK,Peshawar,ssp245,117.5
2079-01,KPK,Peshawar,ssp245,129.4
2079-02,KPK,Peshawar,ssp245,162.6
2079-03,KPK,Peshawar,ssp245,170.5
2079-04,KPK,Peshawar,ssp245,191.5
2079-05,KPK,Peshawar,ssp245,177.6
2079-06,KPK,Peshawar,ssp245,161.6
2079-07,KPK,Peshawar,ssp245,126.4
2079-08,KPK,Peshawar,ssp245,116.7
2079-09,KPK,Peshawar,ssp245,103.8
2079-10,KPK,Peshawar,ssp245,98.6
2079-11,KPK,Peshawar,ssp245,104.3
2079-12,KPK,Peshawar,ssp245,117.8
2080-01,KPK,Peshawar,ssp245,128.7
2080-02,KPK,Peshawar,ssp245,140.0
2080-03,KPK,Peshawar,ssp245,165.2
2080-04,KPK,Peshawar,ssp245,187.3
2080-05,KPK,Peshawar,ssp245,180.1
2080-06,KPK,Peshawar,ssp245,167.7
2080-07,KPK,Peshawar,ssp245,140.7
2080-08,KPK,Peshawar,ssp245,119.2
2080-09,KPK,Peshawar,ssp245,102.5
2080-10,KPK,Peshawar,ssp245,83.7
2080-11,KPK,Peshawar,ssp245,103.9
2080-12,KPK,Peshawar,ssp245,112.8
2081-01,KPK,Peshawar,ssp245,134.0
2081-02,KPK,Peshawar,ssp245,151.9
2081-03,KPK,Peshawar,ssp245,174.2
2081-04,KPK,Peshawar,ssp245,187.5
2081-05,KPK,Peshawar,ssp245,181.1
2081-06,KPK,Peshawar,ssp245,152.3
2081-07,KPK,Peshawar,ssp245,141.0
2081-08,KPK,Peshawar,ssp245,117.9
2081-09,KPK,Peshawar,ssp245,87.8
2081-10,KPK,Peshawar,ssp245,105.1
2081-11,KPK,Peshawar,ssp245,98.5
2081-12,KPK,Peshawar,ssp245,123.3
2082-01,KPK,Peshawar,ssp245,133.5
2082-02,KPK,Peshawar,ssp245,166.5
2082-03,KPK,Peshawar,ssp245,185.4
2082-04,KPK,Peshawar,ssp245,183.4
2082-05,KPK,Peshawar,ssp245,180.1
2082-06,KPK,Peshawar,ssp245,155.7
2082-07,KPK,Peshawar,ssp245,137.6
2082-08,KPK,Peshawar,ssp245,110.8
2082-09,KPK,Peshawar,ssp245,112.4
2082-10,KPK,Peshawar,ssp245,108.0
2082-11,KPK,Peshawar,ssp245,100.8
2082-12,KPK,Peshawar,ssp245,120.0
2083-01,KPK,Peshawar,ssp245,135.4
2083-02,KPK,Peshawar,ssp245,151.3
2083-03,KPK,Peshawar,ssp245,172.7
2083-04,KPK,Peshawar,ssp245,173.1
2083-05,KPK,Peshawar,ssp245,161.9
2083-06,KPK,Peshawar,ssp245,164.0
2083-07,KPK,Peshawar,ssp245,133.4
2083-08,KPK,Peshawar,ssp245,120.1
2083-09,KPK,Peshawar,ssp245,84.8
2083-10,KPK,Peshawar,ssp245,100.5
2083-11,KPK,Peshawar,ssp245,100.1
2083-12,KPK,Peshawar,ssp245,115.9
2084-01,KPK,Peshawar,ssp245,148.2
2084-02,KPK,Peshawar,ssp245,161.4
2084-03,KPK,Peshawar,ssp245,180.0
2084-04,KPK,Peshawar,ssp245,183.7
2084-05,KPK,Peshawar,ssp245,181.5
2084-06,KPK,Peshawar,ssp245,156.6
2084-07,KPK,Peshawar,ssp245,141.9
2084-08,KPK,Peshawar,ssp245,119.5
2084-09,KPK,Peshawar,ssp245,111.7
2084-10,KPK,Peshawar,ssp245,96.3
2084-11,KPK,Peshawar,ssp245,112.2
2084-12,KPK,Peshawar,ssp245,125.7
2085-01,KPK,Peshawar,ssp245,138.0
2085-02,KPK,Peshawar,ssp245,168.9
2085-03,KPK,Peshawar,ssp245,175.5
2085-04,KPK,Peshawar,ssp245,179.3
2085-05,KPK,Peshawar,ssp245,172.6
2085-06,KPK,Peshawar,ssp245,155.4
2085-07,KPK,Peshawar,ssp245,145.4
2085-08,KPK,Peshawar,ssp245,120.8
2085-09,KPK,Peshawar,ssp245,104.8
2085-10,KPK,Peshawar,ssp245,108.3
2085-11,KPK,Peshawar,ssp245,114.1
2085-12,KPK,Peshawar,ssp245,123.5
2086-01,KPK,Peshawar,ssp245,128.5
2086-02,KPK,Peshawar,ssp245,168.0
2086-03,KPK,Peshawar,ssp245,164.4
2086-04,KPK,Peshawar,ssp245,178.3
2086-05,KPK,Peshawar,ssp245,178.5
2086-06,KPK,Peshawar,ssp245,176.5
2086-07,KPK,Peshawar,ssp245,124.8
2086-08,KPK,Peshawar,ssp245,111.4
2086-09,KPK,Peshawar,ssp245,102.6
2086-10,KPK,Peshawar,ssp245,108.0
2086-11,KPK,Peshawar,ssp245,95.7
2086-12,KPK,Peshawar,ssp245,117.4
2087-01,KPK,Peshawar,ssp245,153.8
2087-02,KPK,Peshawar,ssp245,172.1
2087-03,KPK,Peshawar,ssp245,175.8
2087-04,KPK,Peshawar,ssp245,194.0
2087-05,KPK,Peshawar,ssp245,181.3
2087-06,KPK,Peshawar,ssp245,158.6
2087-07,KPK,Peshawar,ssp245,139.4
2087-08,KPK,Peshawar,ssp245,119.4
2087-09,KPK,Peshawar,ssp245,100.8
2087-10,KPK,Peshawar,ssp245,107.2
2087-11,KPK,Peshawar,ssp245,117.1
2087-12,KPK,Peshawar,ssp245,113.4
2088-01,KPK,Peshawar,ssp245,150.5
2088-02,KPK,Peshawar,ssp245,158.1
2088-03,KPK,Peshawar,ssp245,180.9
2088-04,KPK,Peshawar,ssp245,189.5
2088-05,KPK,Peshawar,ssp245,189.5
2088-06,KPK,Peshawar,ssp245,166.3
2088-07,KPK,Peshawar,ssp245,147.8
2088-08,KPK,Peshawar,ssp245,137.7
2088-09,KPK,Peshawar,ssp245,122.5
2088-10,KPK,Peshawar,ssp245,112.7
2088-11,KPK,Peshawar,ssp245,116.0
2088-12,KPK,Peshawar,ssp245,129.4
2089-01,KPK,Peshawar,ssp245,159.0
2089-02,KPK,Peshawar,ssp245,172.9
2089-03,KPK,Peshawar,ssp245,177.2
2089-04,KPK,Peshawar,ssp245,188.9
2089-05,KPK,Peshawar,ssp245,185.8
2089-06,KPK,Peshawar,ssp245,156.7
2089-07,KPK,Peshawar,ssp245,142.4
2089-08,KPK,Peshawar,ssp245,139.3
2089-09,KPK,Peshawar,ssp245,102.2
2089-10,KPK,Peshawar,ssp245,109.5
2089-11,KPK,Peshawar,ssp245,113.6
2089-12,KPK,Peshawar,ssp245,133.9
2090-01,KPK,Peshawar,ssp245,141.3
2090-02,KPK,Peshawar,ssp245,162.1
2090-03,KPK,Peshawar,ssp245,183.8
2090-04,KPK,Peshawar,ssp245,184.2
2090-05,KPK,Peshawar,ssp245,195.5
2090-06,KPK,Peshawar,ssp245,169.9
2090-07,KPK,Peshawar,ssp245,154.4
2090-08,KPK,Peshawar,ssp245,119.4
2090-09,KPK,Peshawar,ssp245,116.5
2090-10,KPK,Peshawar,ssp245,125.7
2090-11,KPK,Peshawar,ssp245,111.7
2090-12,KPK,Peshawar,ssp245,118.8
2091-01,KPK,Peshawar,ssp245,157.0
2091-02,KPK,Peshawar,ssp245,165.4
2091-03,KPK,Peshawar,ssp245,174.4
2091-04,KPK,Peshawar,ssp245,181.3
2091-05,KPK,Peshawar,ssp245,175.4
2091-06,KPK,Peshawar,ssp245,173.4
2091-07,KPK,Peshawar,ssp245,142.2
2091-08,KPK,Peshawar,ssp245,121.4
2091-09,KPK,Peshawar,ssp245,110.1
2091-10,KPK,Peshawar,ssp245,110.7
2091-11,KPK,Peshawar,ssp245,120.0
2091-12,KPK,Peshawar,ssp245,137.9
2092-01,KPK,Peshawar,ssp245,146.6
2092-02,KPK,Peshawar,ssp245,177.9
2092-03,KPK,Peshawar,ssp245,179.2
2092-04,KPK,Peshawar,ssp245,204.2
2092-05,KPK,Peshawar,ssp245,190.3
2092-06,KPK,Peshawar,ssp245,172.4
2092-07,KPK,Peshawar,ssp245,137.4
2092-08,KPK,Peshawar,ssp245,136.5
2092-09,KPK,Peshawar,ssp245,110.3
2092-10,KPK,Peshawar,ssp245,103.7
2092-11,KPK,Peshawar,ssp245,107.7
2092-12,KPK,Peshawar,ssp245,124.7
2093-01,KPK,Peshawar,ssp245,154.0
2093-02,KPK,Peshawar,ssp245,174.3
2093-03,KPK,Peshawar,ssp245,186.7
2093-04,KPK,Peshawar,ssp245,206.4
2093-05,KPK,Peshawar,ssp245,176.8
2093-06,KPK,Peshawar,ssp245,173.5
2093-07,KPK,Peshawar,ssp245,140.4
2093-08,KPK,Peshawar,ssp245,134.3
2093-09,KPK,Peshawar,ssp245,119.3
2093-10,KPK,Peshawar,ssp245,110.4
2093-11,KPK,Peshawar,ssp245,118.9
2093-12,KPK,Peshawar,ssp245,134.8
2094-01,KPK,Peshawar,ssp245,154.9
2094-02,KPK,Peshawar,ssp245,161.3
2094-03,KPK,Peshawar,ssp245,194.0
2094-04,KPK,Peshawar,ssp245,206.4
2094-05,KPK,Peshawar,ssp245,196.1
2094-06,KPK,Peshawar,ssp245,170.3
2094-07,KPK,Peshawar,ssp245,166.8
2094-08,KPK,Peshawar,ssp245,132.8
2094-09,KPK,Peshawar,ssp245,124.9
2094-10,KPK,Peshawar,ssp245,115.6
2094-11,KPK,Peshawar,ssp245,127.1
2094-12,KPK,Peshawar,ssp245,119.0
2095-01,KPK,Peshawar,ssp245,146.0
2095-02,KPK,Peshawar,ssp245,177.0
2095-03,KPK,Peshawar,ssp245,186.4
2095-04,KPK,Peshawar,ssp245,191.0
2095-05,KPK,Peshawar,ssp245,200.0
2095-06,KPK,Peshawar,ssp245,168.9
2095-07,KPK,Peshawar,ssp245,155.0
2095-08,KPK,Peshawar,ssp245,134.8
2095-09,KPK,Peshawar,ssp245,115.0
2095-10,KPK,Peshawar,ssp245,93.4
2095-11,KPK,Peshawar,ssp245,102.6
2095-12,KPK,Peshawar,ssp245,130.2
2096-01,KPK,Peshawar,ssp245,170.0
2096-02,KPK,Peshawar,ssp245,168.3
2096-03,KPK,Peshawar,ssp245,189.0
2096-04,KPK,Peshawar,ssp245,210.8
2096-05,KPK,Peshawar,ssp245,189.6
2096-06,KPK,Peshawar,ssp245,178.1
2096-07,KPK,Peshawar,ssp245,155.9
2096-08,KPK,Peshawar,ssp245,126.4
2096-09,KPK,Peshawar,ssp245,111.1
2096-10,KPK,Peshawar,ssp245,108.4
2096-11,KPK,Peshawar,ssp245,117.8
2096-12,KPK,Peshawar,ssp245,127.5
2097-01,KPK,Peshawar,ssp245,150.2
2097-02,KPK,Peshawar,ssp245,176.9
2097-03,KPK,Peshawar,ssp245,199.4
2097-04,KPK,Peshawar,ssp245,214.0
2097-05,KPK,Peshawar,ssp245,184.8
2097-06,KPK,Peshawar,ssp245,177.4
2097-07,KPK,Peshawar,ssp245,146.9
2097-08,KPK,Peshawar,ssp245,129.0
2097-09,KPK,Peshawar,ssp245,105.4
2097-10,KPK,Peshawar,ssp245,126.5
2097-11,KPK,Peshawar,ssp245,115.6
2097-12,KPK,Peshawar,ssp245,141.5
2098-01,KPK,Peshawar,ssp245,146.8
2098-02,KPK,Peshawar,ssp245,157.7
2098-03,KPK,Peshawar,ssp245,204.3
2098-04,KPK,Peshawar,ssp245,184.3
2098-05,KPK,Peshawar,ssp245,183.3
2098-06,KPK,Peshawar,ssp245,185.4
2098-07,KPK,Peshawar,ssp245,156.1
2098-08,KPK,Peshawar,ssp245,133.3
2098-09,KPK,Peshawar,ssp245,130.0
2098-10,KPK,Peshawar,ssp245,112.0
2098-11,KPK,Peshawar,ssp245,126.0
2098-12,KPK,Peshawar,ssp245,125.6
2099-01,KPK,Peshawar,ssp245,166.9
2099-02,KPK,Peshawar,ssp245,172.5
2099-03,KPK,Peshawar,ssp245,193.4
2099-04,KPK,Peshawar,ssp245,192.1
2099-05,KPK,Peshawar,ssp245,185.9
2099-06,KPK,Peshawar,ssp245,174.9
2099-07,KPK,Peshawar,ssp245,163.5
2099-08,KPK,Peshawar,ssp245,133.8
2099-09,KPK,Peshawar,ssp245,122.1
2099-10,KPK,Peshawar,ssp245,111.5
2099-11,KPK,Peshawar,ssp245,131.0
2099-12,KPK,Peshawar,ssp245,124.8
2100-01,KPK,Peshawar,ssp245,144.0
2100-02,KPK,Peshawar,ssp245,188.6
2100-03,KPK,Peshawar,ssp245,176.3
2100-04,KPK,Peshawar,ssp245,211.9
2100-05,KPK,Peshawar,ssp245,193.0
2100-06,KPK,Peshawar,ssp245,181.4
2100-07,KPK,Peshawar,ssp245,159.9
2100-08,KPK,Peshawar,ssp245,131.6
2100-09,KPK,Peshawar,ssp245,125.6
2100-10,KPK,Peshawar,ssp245,131.8
2100-11,KPK,Peshawar,ssp245,131.2
2100-12,KPK,Peshawar,ssp245,131.5
2015-01,KPK,Peshawar,ssp585,85.5
2015-02,KPK,Peshawar,ssp585,86.6
2015-03,KPK,Peshawar,ssp585,109.7
2015-04,KPK,Peshawar,ssp585,118.4
2015-05,KPK,Peshawar,ssp585,122.0
2015-06,KPK,Peshawar,ssp585,85.4
2015-07,KPK,Peshawar,ssp585,84.7
2015-08,KPK,Peshawar,ssp585,52.1
2015-09,KPK,Peshawar,ssp585,27.0
2015-10,KPK,Peshawar,ssp585,43.2
2015-11,KPK,Peshawar,ssp585,37.3
2015-12,KPK,Peshawar,ssp585,39.7
2016-01,KPK,Peshawar,ssp585,83.5
2016-02,KPK,Peshawar,ssp585,84.0
2016-03,KPK,Peshawar,ssp585,110.1
2016-04,KPK,Peshawar,ssp585,109.7
2016-05,KPK,Peshawar,ssp585,106.8
2016-06,KPK,Peshawar,ssp585,107.4
2016-07,KPK,Peshawar,ssp585,83.0
2016-08,KPK,Peshawar,ssp585,44.8
2016-09,KPK,Peshawar,ssp585,40.3
2016-10,KPK,Peshawar,ssp585,37.3
2016-11,KPK,Peshawar,ssp585,53.5
2016-12,KPK,Peshawar,ssp585,61.5
2017-01,KPK,Peshawar,ssp585,68.7
2017-02,KPK,Peshawar,ssp585,89.0
2017-03,KPK,Peshawar,ssp585,120.3
2017-04,KPK,Peshawar,ssp585,126.8
2017-05,KPK,Peshawar,ssp585,110.2
2017-06,KPK,Peshawar,ssp585,95.0
2017-07,KPK,Peshawar,ssp585,83.7
2017-08,KPK,Peshawar,ssp585,61.2
2017-09,KPK,Peshawar,ssp585,22.3
2017-10,KPK,Peshawar,ssp585,36.2
2017-11,KPK,Peshawar,ssp585,50.8
2017-12,KPK,Peshawar,ssp585,47.3
2018-01,KPK,Peshawar,ssp585,87.5
2018-02,KPK,Peshawar,ssp585,91.0
2018-03,KPK,Peshawar,ssp585,118.5
2018-04,KPK,Peshawar,ssp585,115.3
2018-05,KPK,Peshawar,ssp585,103.6
2018-06,KPK,Peshawar,ssp585,103.6
2018-07,KPK,Peshawar,ssp585,80.3
2018-08,KPK,Peshawar,ssp585,73.0
2018-09,KPK,Peshawar,ssp585,52.3
2018-10,KPK,Peshawar,ssp585,27.1
2018-11,KPK,Peshawar,ssp585,48.5
2018-12,KPK,Peshawar,ssp585,69.2
2019-01,KPK,Peshawar,ssp585,89.0
2019-02,KPK,Peshawar,ssp585,118.2
2019-03,KPK,Peshawar,ssp585,134.3
2019-04,KPK,Peshawar,ssp585,118.2
2019-05,KPK,Peshawar,ssp585,121.7
2019-06,KPK,Peshawar,ssp585,123.2
2019-07,KPK,Peshawar,ssp585,93.3
2019-08,KPK,Peshawar,ssp585,56.7
2019-09,KPK,Peshawar,ssp585,34.7
2019-10,KPK,Peshawar,ssp585,29.0
2019-11,KPK,Peshawar,ssp585,52.8
2019-12,KPK,Peshawar,ssp585,61.9
2020-01,KPK,Peshawar,ssp585,82.2
2020-02,KPK,Peshawar,ssp585,99.8
2020-03,KPK,Peshawar,ssp585,112.9
2020-04,KPK,Peshawar,ssp585,130.7
2020-05,KPK,Peshawar,ssp585,120.0
2020-06,KPK,Peshawar,ssp585,108.7
2020-07,KPK,Peshawar,ssp585,71.1
2020-08,KPK,Peshawar,ssp585,78.6
2020-09,KPK,Peshawar,ssp585,58.5
2020-10,KPK,Peshawar,ssp585,52.2
2020-11,KPK,Peshawar,ssp585,32.2
2020-12,KPK,Peshawar,ssp585,71.8
2021-01,KPK,Peshawar,ssp585,73.6
2021-02,KPK,Peshawar,ssp585,109.8
2021-03,KPK,Peshawar,ssp585,131.1
2021-04,KPK,Peshawar,ssp585,136.1
2021-05,KPK,Peshawar,ssp585,127.8
2021-06,KPK,Peshawar,ssp585,122.0
2021-07,KPK,Peshawar,ssp585,87.6
2021-08,KPK,Peshawar,ssp585,59.0
2021-09,KPK,Peshawar,ssp585,46.2
2021-10,KPK,Peshawar,ssp585,45.3
2021-11,KPK,Peshawar,ssp585,57.7
2021-12,KPK,Peshawar,ssp585,57.4
2022-01,KPK,Peshawar,ssp585,93.7
2022-02,KPK,Peshawar,ssp585,107.7
2022-03,KPK,Peshawar,ssp585,119.5
2022-04,KPK,Peshawar,ssp585,121.3
2022-05,KPK,Peshawar,ssp585,119.7
2022-06,KPK,Peshawar,ssp585,111.0
2022-07,KPK,Peshawar,ssp585,86.3
2022-08,KPK,Peshawar,ssp585,73.5
2022-09,KPK,Peshawar,ssp585,39.0
2022-10,KPK,Peshawar,ssp585,34.8
2022-11,KPK,Peshawar,ssp585,44.0
2022-12,KPK,Peshawar,ssp585,76.9
2023-01,KPK,Peshawar,ssp585,87.6
2023-02,KPK,Peshawar,ssp585,109.9
2023-03,KPK,Peshawar,ssp585,129.8
2023-04,KPK,Peshawar,ssp585,136.0
2023-05,KPK,Peshawar,ssp585,120.9
2023-06,KPK,Peshawar,ssp585,98.5
2023-07,KPK,Peshawar,ssp585,86.6
2023-08,KPK,Peshawar,ssp585,56.4
2023-09,KPK,Peshawar,ssp585,53.4
2023-10,KPK,Peshawar,ssp585,42.2
2023-11,KPK,Peshawar,ssp585,56.5
2023-12,KPK,Peshawar,ssp585,71.1
2024-01,KPK,Peshawar,ssp585,87.4
2024-02,KPK,Peshawar,ssp585,116.5
2024-03,KPK,Peshawar,ssp585,149.9
2024-04,KPK,Peshawar,ssp585,117.2
2024-05,KPK,Peshawar,ssp585,146.8
2024-06,KPK,Peshawar,ssp585,103.9
2024-07,KPK,Peshawar,ssp585,80.2
2024-08,KPK,Peshawar,ssp585,62.8
2024-09,KPK,Peshawar,ssp585,61.6
2024-10,KPK,Peshawar,ssp585,51.9
2024-11,KPK,Peshawar,ssp585,50.8
2024-12,KPK,Peshawar,ssp585,66.4
2025-01,KPK,Peshawar,ssp585,85.9
2025-02,KPK,Peshawar,ssp585,117.8
2025-03,KPK,Peshawar,ssp585,138.6
2025-04,KPK,Peshawar,ssp585,131.9
2025-05,KPK,Peshawar,ssp585,123.0
2025-06,KPK,Peshawar,ssp585,110.5
2025-07,KPK,Peshawar,ssp585,74.0
2025-08,KPK,Peshawar,ssp585,71.9
2025-09,KPK,Peshawar,ssp585,60.4
2025-10,KPK,Peshawar,ssp585,48.8
2025-11,KPK,Peshawar,ssp585,53.4
2025-12,KPK,Peshawar,ssp585,82.1
2026-01,KPK,Peshawar,ssp585,96.3
2026-02,KPK,Peshawar,ssp585,117.8
2026-03,KPK,Peshawar,ssp585,134.1
2026-04,KPK,Peshawar,ssp585,136.9
2026-05,KPK,Peshawar,ssp585,141.1
2026-06,KPK,Peshawar,ssp585,104.0
2026-07,KPK,Peshawar,ssp585,94.4
2026-08,KPK,Peshawar,ssp585,55.3
2026-09,KPK,Peshawar,ssp585,55.5
2026-10,KPK,Peshawar,ssp585,69.9
2026-11,KPK,Peshawar,ssp585,48.7
2026-12,KPK,Peshawar,ssp585,65.5
2027-01,KPK,Peshawar,ssp585,94.8
2027-02,KPK,Peshawar,ssp585,123.4
2027-03,KPK,Peshawar,ssp585,137.3
2027-04,KPK,Peshawar,ssp585,132.9
2027-05,KPK,Peshawar,ssp585,145.9
2027-06,KPK,Peshawar,ssp585,116.4
2027-07,KPK,Peshawar,ssp585,105.6
2027-08,KPK,Peshawar,ssp585,88.7
2027-09,KPK,Peshawar,ssp585,52.6
2027-10,KPK,Peshawar,ssp585,42.9
2027-11,KPK,Peshawar,ssp585,65.3
2027-12,KPK,Peshawar,ssp585,77.8
2028-01,KPK,Peshawar,ssp585,97.4
2028-02,KPK,Peshawar,ssp585,120.2
2028-03,KPK,Peshawar,ssp585,132.5
2028-04,KPK,Peshawar,ssp585,151.9
2028-05,KPK,Peshawar,ssp585,109.0
2028-06,KPK,Peshawar,ssp585,129.0
2028-07,KPK,Peshawar,ssp585,100.1
2028-08,KPK,Peshawar,ssp585,76.3
2028-09,KPK,Peshawar,ssp585,54.3
2028-10,KPK,Peshawar,ssp585,67.0
2028-11,KPK,Peshawar,ssp585,53.1
2028-12,KPK,Peshawar,ssp585,78.8
2029-01,KPK,Peshawar,ssp585,108.1
2029-02,KPK,Peshawar,ssp585,106.1
2029-03,KPK,Peshawar,ssp585,137.6
2029-04,KPK,Peshawar,ssp585,143.3
2029-05,KPK,Peshawar,ssp585,138.8
2029-06,KPK,Peshawar,ssp585,116.5
2029-07,KPK,Peshawar,ssp585,104.5
2029-08,KPK,Peshawar,ssp585,87.5
2029-09,KPK,Peshawar,ssp585,61.5
2029-10,KPK,Peshawar,ssp585,75.6
2029-11,KPK,Peshawar,ssp585,54.9
2029-12,KPK,Peshawar,ssp585,74.0
2030-01,KPK,Peshawar,ssp585,110.3
2030-02,KPK,Peshawar,ssp585,119.6
2030-03,KPK,Peshawar,ssp585,129.0
2030-04,KPK,Peshawar,ssp585,138.8
2030-05,KPK,Peshawar,ssp585,149.4
2030-06,KPK,Peshawar,ssp585,128.5
2030-07,KPK,Peshawar,ssp585,93.7
2030-08,KPK,Peshawar,ssp585,65.4
2030-09,KPK,Peshawar,ssp585,77.9
2030-10,KPK,Peshawar,ssp585,62.3
2030-11,KPK,Peshawar,ssp585,62.5
2030-12,KPK,Peshawar,ssp585,73.8
2031-01,KPK,Peshawar,ssp585,85.2
2031-02,KPK,Peshawar,ssp585,112.2
2031-03,KPK,Peshawar,ssp585,140.9
2031-04,KPK,Peshawar,ssp585,140.1
2031-05,KPK,Peshawar,ssp585,152.2
2031-06,KPK,Peshawar,ssp585,131.2
2031-07,KPK,Peshawar,ssp585,98.2
2031-08,KPK,Peshawar,ssp585,74.8
2031-09,KPK,Peshawar,ssp585,77.9
2031-10,KPK,Peshawar,ssp585,58.9
2031-11,KPK,Peshawar,ssp585,89.3
2031-12,KPK,Peshawar,ssp585,83.7
2032-01,KPK,Peshawar,ssp585,92.7
2032-02,KPK,Peshawar,ssp585,108.0
2032-03,KPK,Peshawar,ssp585,134.1
2032-04,KPK,Peshawar,ssp585,157.6
2032-05,KPK,Peshawar,ssp585,138.3
2032-06,KPK,Peshawar,ssp585,104.8
2032-07,KPK,Peshawar,ssp585,99.6
2032-08,KPK,Peshawar,ssp585,81.7
2032-09,KPK,Peshawar,ssp585,80.2
2032-10,KPK,Peshawar,ssp585,67.1
2032-11,KPK,Peshawar,ssp585,68.1
2032-12,KPK,Peshawar,ssp585,87.1
2033-01,KPK,Peshawar,ssp585,123.8
2033-02,KPK,Peshawar,ssp585,135.1
2033-03,KPK,Peshawar,ssp585,135.7
2033-04,KPK,Peshawar,ssp585,153.1
2033-05,KPK,Peshawar,ssp585,151.3
2033-06,KPK,Peshawar,ssp585,146.1
2033-07,KPK,Peshawar,ssp585,108.7
2033-08,KPK,Peshawar,ssp585,83.1
2033-09,KPK,Peshawar,ssp585,73.6
2033-10,KPK,Peshawar,ssp585,61.4
2033-11,KPK,Peshawar,ssp585,72.2
2033-12,KPK,Peshawar,ssp585,79.7
2034-01,KPK,Peshawar,ssp585,107.4
2034-02,KPK,Peshawar,ssp585,116.2
2034-03,KPK,Peshawar,ssp585,150.4
2034-04,KPK,Peshawar,ssp585,155.7
2034-05,KPK,Peshawar,ssp585,130.2
2034-06,KPK,Peshawar,ssp585,134.8
2034-07,KPK,Peshawar,ssp585,103.5
2034-08,KPK,Peshawar,ssp585,99.0
2034-09,KPK,Peshawar,ssp585,80.6
2034-10,KPK,Peshawar,ssp585,75.9
2034-11,KPK,Peshawar,ssp585,77.5
2034-12,KPK,Peshawar,ssp585,79.4
2035-01,KPK,Peshawar,ssp585,91.9
2035-02,KPK,Peshawar,ssp585,130.9
2035-03,KPK,Peshawar,ssp585,134.7
2035-04,KPK,Peshawar,ssp585,152.4
2035-05,KPK,Peshawar,ssp585,133.2
2035-06,KPK,Peshawar,ssp585,136.8
2035-07,KPK,Peshawar,ssp585,114.0
2035-08,KPK,Peshawar,ssp585,78.6
2035-09,KPK,Peshawar,ssp585,66.2
2035-10,KPK,Peshawar,ssp585,72.1
2035-11,KPK,Peshawar,ssp585,81.6
2035-12,KPK,Peshawar,ssp585,91.6
2036-01,KPK,Peshawar,ssp585,104.9
2036-02,KPK,Peshawar,ssp585,132.8
2036-03,KPK,Peshawar,ssp585,144.9
2036-04,KPK,Peshawar,ssp585,148.1
2036-05,KPK,Peshawar,ssp585,135.5
2036-06,KPK,Peshawar,ssp585,132.4
2036-07,KPK,Peshawar,ssp585,104.7
2036-08,KPK,Peshawar,ssp585,89.7
2036-09,KPK,Peshawar,ssp585,59.2
2036-10,KPK,Peshawar,ssp585,77.2
2036-11,KPK,Peshawar,ssp585,71.4
2036-12,KPK,Peshawar,ssp585,92.0
2037-01,KPK,Peshawar,ssp585,124.5
2037-02,KPK,Peshawar,ssp585,145.9
2037-03,KPK,Peshawar,ssp585,153.9
2037-04,KPK,Peshawar,ssp585,145.8
2037-05,KPK,Peshawar,ssp585,148.0
2037-06,KPK,Peshawar,ssp585,136.2
2037-07,KPK,Peshawar,ssp585,115.3
2037-08,KPK,Peshawar,ssp585,93.6
2037-09,KPK,Peshawar,ssp585,84.1
2037-10,KPK,Peshawar,ssp585,77.4
2037-11,KPK,Peshawar,ssp585,87.7
2037-12,KPK,Peshawar,ssp585,99.8
2038-01,KPK,Peshawar,ssp585,108.2
2038-02,KPK,Peshawar,ssp585,132.2
2038-03,KPK,Peshawar,ssp585,150.1
2038-04,KPK,Peshawar,ssp585,159.3
2038-05,KPK,Peshawar,ssp585,146.4
2038-06,KPK,Peshawar,ssp585,135.3
2038-07,KPK,Peshawar,ssp585,112.1
2038-08,KPK,Peshawar,ssp585,89.8
2038-09,KPK,Peshawar,ssp585,82.5
2038-10,KPK,Peshawar,ssp585,81.1
2038-11,KPK,Peshawar,ssp585,93.9
2038-12,KPK,Peshawar,ssp585,103.1
2039-01,KPK,Peshawar,ssp585,112.4
2039-02,KPK,Peshawar,ssp585,146.9
2039-03,KPK,Peshawar,ssp585,140.1
2039-04,KPK,Peshawar,ssp585,161.0
2039-05,KPK,Peshawar,ssp585,147.5
2039-06,KPK,Peshawar,ssp585,132.6
2039-07,KPK,Peshawar,ssp585,132.7
2039-08,KPK,Peshawar,ssp585,92.4
2039-09,KPK,Peshawar,ssp585,82.8
2039-10,KPK,Peshawar,ssp585,80.2
2039-11,KPK,Peshawar,ssp585,80.9
2039-12,KPK,Peshawar,ssp585,85.2
2040-01,KPK,Peshawar,ssp585,120.0
2040-02,KPK,Peshawar,ssp585,135.4
2040-03,KPK,Peshawar,ssp585,152.7
2040-04,KPK,Peshawar,ssp585,159.0
2040-05,KPK,Peshawar,ssp585,157.5
2040-06,KPK,Peshawar,ssp585,142.1
2040-07,KPK,Peshawar,ssp585,105.7
2040-08,KPK,Peshawar,ssp585,99.3
2040-09,KPK,Peshawar,ssp585,96.9
2040-10,KPK,Peshawar,ssp585,61.4
2040-11,KPK,Peshawar,ssp585,75.1
2040-12,KPK,Peshawar,ssp585,92.4
2041-01,KPK,Peshawar,ssp585,102.7
2041-02,KPK,Peshawar,ssp585,124.9
2041-03,KPK,Peshawar,ssp585,147.3
2041-04,KPK,Peshawar,ssp585,170.3
2041-05,KPK,Peshawar,ssp585,152.5
2041-06,KPK,Peshawar,ssp585,132.8
2041-07,KPK,Peshawar,ssp585,118.4
2041-08,KPK,Peshawar,ssp585,103.2
2041-09,KPK,Peshawar,ssp585,88.1
2041-10,KPK,Peshawar,ssp585,79.1
2041-11,KPK,Peshawar,ssp585,106.1
2041-12,KPK,Peshawar,ssp585,101.9
2042-01,KPK,Peshawar,ssp585,124.2
2042-02,KPK,Peshawar,ssp585,137.2
2042-03,KPK,Peshawar,ssp585,149.8
2042-04,KPK,Peshawar,ssp585,153.0
2042-05,KPK,Peshawar,ssp585,146.6
2042-06,KPK,Peshawar,ssp585,146.6
2042-07,KPK,Peshawar,ssp585,122.8
2042-08,KPK,Peshawar,ssp585,95.7
2042-09,KPK,Peshawar,ssp585,82.9
2042-10,KPK,Peshawar,ssp585,89.1
2042-11,KPK,Peshawar,ssp585,84.4
2042-12,KPK,Peshawar,ssp585,101.7
2043-01,KPK,Peshawar,ssp585,124.7
2043-02,KPK,Peshawar,ssp585,147.3
2043-03,KPK,Peshawar,ssp585,152.4
2043-04,KPK,Peshawar,ssp585,144.1
2043-05,KPK,Peshawar,ssp585,142.9
2043-06,KPK,Peshawar,ssp585,146.7
2043-07,KPK,Peshawar,ssp585,118.4
2043-08,KPK,Peshawar,ssp585,99.8
2043-09,KPK,Peshawar,ssp585,73.4
2043-10,KPK,Peshawar,ssp585,75.5
2043-11,KPK,Peshawar,ssp585,88.8
2043-12,KPK,Peshawar,ssp585,103.4
2044-01,KPK,Peshawar,ssp585,115.2
2044-02,KPK,Peshawar,ssp585,135.4
2044-03,KPK,Peshawar,ssp585,176.0
2044-04,KPK,Peshawar,ssp585,163.9
2044-05,KPK,Peshawar,ssp585,159.6
2044-06,KPK,Peshawar,ssp585,134.5
2044-07,KPK,Peshawar,ssp585,118.4
2044-08,KPK,Peshawar,ssp585,102.0
2044-09,KPK,Peshawar,ssp585,79.8
2044-10,KPK,Peshawar,ssp585,84.5
2044-11,KPK,Peshawar,ssp585,80.0
2044-12,KPK,Peshawar,ssp585,98.7
2045-01,KPK,Peshawar,ssp585,119.1
2045-02,KPK,Peshawar,ssp585,133.0
2045-03,KPK,Peshawar,ssp585,149.0
2045-04,KPK,Peshawar,ssp585,168.6
2045-05,KPK,Peshawar,ssp585,153.8
2045-06,KPK,Peshawar,ssp585,145.6
2045-07,KPK,Peshawar,ssp585,125.3
2045-08,KPK,Peshawar,ssp585,108.6
2045-09,KPK,Peshawar,ssp585,97.5
2045-10,KPK,Peshawar,ssp585,80.1
2045-11,KPK,Peshawar,ssp585,81.7
2045-12,KPK,Peshawar,ssp585,108.1
2046-01,KPK,Peshawar,ssp585,134.4
2046-02,KPK,Peshawar,ssp585,145.4
2046-03,KPK,Peshawar,ssp585,163.1
2046-04,KPK,Peshawar,ssp585,167.7
2046-05,KPK,Peshawar,ssp585,162.6
2046-06,KPK,Peshawar,ssp585,154.0
2046-07,KPK,Peshawar,ssp585,124.9
2046-08,KPK,Peshawar,ssp585,112.5
2046-09,KPK,Peshawar,ssp585,95.9
2046-10,KPK,Peshawar,ssp585,104.7
2046-11,KPK,Peshawar,ssp585,86.9
2046-12,KPK,Peshawar,ssp585,117.6
2047-01,KPK,Peshawar,ssp585,135.6
2047-02,KPK,Peshawar,ssp585,139.9
2047-03,KPK,Peshawar,ssp585,169.9
2047-04,KPK,Peshawar,ssp585,176.0
2047-05,KPK,Peshawar,ssp585,160.6
2047-06,KPK,Peshawar,ssp585,130.3
2047-07,KPK,Peshawar,ssp585,136.0
2047-08,KPK,Peshawar,ssp585,98.7
2047-09,KPK,Peshawar,ssp585,92.8
2047-10,KPK,Peshawar,ssp585,74.3
2047-11,KPK,Peshawar,ssp585,99.4
2047-12,KPK,Peshawar,ssp585,94.8
2048-01,KPK,Peshawar,ssp585,125.9
2048-02,KPK,Peshawar,ssp585,147.0
2048-03,KPK,Peshawar,ssp585,166.9
2048-04,KPK,Peshawar,ssp585,160.5
2048-05,KPK,Peshawar,ssp585,171.0
2048-06,KPK,Peshawar,ssp585,156.2
2048-07,KPK,Peshawar,ssp585,128.6
2048-08,KPK,Peshawar,ssp585,108.6
2048-09,KPK,Peshawar,ssp585,73.3
2048-10,KPK,Peshawar,ssp585,103.6
2048-11,KPK,Peshawar,ssp585,94.3
2048-12,KPK,Peshawar,ssp585,116.8
2049-01,KPK,Peshawar,ssp585,133.9
2049-02,KPK,Peshawar,ssp585,153.8
2049-03,KPK,Peshawar,ssp585,174.3
2049-04,KPK,Peshawar,ssp585,169.1
2049-05,KPK,Peshawar,ssp585,177.3
2049-06,KPK,Peshawar,ssp585,166.8
2049-07,KPK,Peshawar,ssp585,134.9
2049-08,KPK,Peshawar,ssp585,111.3
2049-09,KPK,Peshawar,ssp585,105.6
2049-10,KPK,Peshawar,ssp585,95.5
2049-11,KPK,Peshawar,ssp585,94.8
2049-12,KPK,Peshawar,ssp585,110.4
2050-01,KPK,Peshawar,ssp585,135.1
2050-02,KPK,Peshawar,ssp585,161.2
2050-03,KPK,Peshawar,ssp585,166.2
2050-04,KPK,Peshawar,ssp585,182.5
2050-05,KPK,Peshawar,ssp585,186.7
2050-06,KPK,Peshawar,ssp585,160.4
2050-07,KPK,Peshawar,ssp585,134.4
2050-08,KPK,Peshawar,ssp585,119.0
2050-09,KPK,Peshawar,ssp585,95.6
2050-10,KPK,Peshawar,ssp585,84.7
2050-11,KPK,Peshawar,ssp585,93.3
2050-12,KPK,Peshawar,ssp585,103.7
2051-01,KPK,Peshawar,ssp585,143.7
2051-02,KPK,Peshawar,ssp585,152.8
2051-03,KPK,Peshawar,ssp585,156.8
2051-04,KPK,Peshawar,ssp585,181.9
2051-05,KPK,Peshawar,ssp585,175.3
2051-06,KPK,Peshawar,ssp585,159.7
2051-07,KPK,Peshawar,ssp585,125.6
2051-08,KPK,Peshawar,ssp585,106.8
2051-09,KPK,Peshawar,ssp585,115.4
2051-10,KPK,Peshawar,ssp585,90.6
2051-11,KPK,Peshawar,ssp585,105.0
2051-12,KPK,Peshawar,ssp585,117.6
2052-01,KPK,Peshawar,ssp585,126.1
2052-02,KPK,Peshawar,ssp585,146.3
2052-03,KPK,Peshawar,ssp585,177.7
2052-04,KPK,Peshawar,ssp585,176.8
2052-05,KPK,Peshawar,ssp585,171.7
2052-06,KPK,Peshawar,ssp585,167.4
2052-07,KPK,Peshawar,ssp585,125.0
2052-08,KPK,Peshawar,ssp585,117.2
2052-09,KPK,Peshawar,ssp585,112.2
2052-10,KPK,Peshawar,ssp585,104.1
2052-11,KPK,Peshawar,ssp585,100.6
2052-12,KPK,Peshawar,ssp585,122.1
2053-01,KPK,Peshawar,ssp585,144.3
2053-02,KPK,Peshawar,ssp585,152.9
2053-03,KPK,Peshawar,ssp585,163.3
2053-04,KPK,Peshawar,ssp585,188.2
2053-05,KPK,Peshawar,ssp585,176.1
2053-06,KPK,Peshawar,ssp585,175.5
2053-07,KPK,Peshawar,ssp585,134.7
2053-08,KPK,Peshawar,ssp585,127.5
2053-09,KPK,Peshawar,ssp585,111.1
2053-10,KPK,Peshawar,ssp585,102.9
2053-11,KPK,Peshawar,ssp585,104.8
2053-12,KPK,Peshawar,ssp585,112.2
2054-01,KPK,Peshawar,ssp585,138.4
2054-02,KPK,Peshawar,ssp585,157.7
2054-03,KPK,Peshawar,ssp585,177.2
2054-04,KPK,Peshawar,ssp585,174.2
2054-05,KPK,Peshawar,ssp585,179.3
2054-06,KPK,Peshawar,ssp585,176.9
2054-07,KPK,Peshawar,ssp585,134.5
2054-08,KPK,Peshawar,ssp585,125.4
2054-09,KPK,Peshawar,ssp585,90.5
2054-10,KPK,Peshawar,ssp585,104.7
2054-11,KPK,Peshawar,ssp585,108.4
2054-12,KPK,Peshawar,ssp585,114.1
2055-01,KPK,Peshawar,ssp585,147.0
2055-02,KPK,Peshawar,ssp585,164.2
2055-03,KPK,Peshawar,ssp585,193.5
2055-04,KPK,Peshawar,ssp585,185.4
2055-05,KPK,Peshawar,ssp585,182.2
2055-06,KPK,Peshawar,ssp585,162.8
2055-07,KPK,Peshawar,ssp585,134.1
2055-08,KPK,Peshawar,ssp585,144.0
2055-09,KPK,Peshawar,ssp585,109.2
2055-10,KPK,Peshawar,ssp585,104.7
2055-11,KPK,Peshawar,ssp585,108.6
2055-12,KPK,Peshawar,ssp585,111.3
2056-01,KPK,Peshawar,ssp585,133.0
2056-02,KPK,Peshawar,ssp585,151.3
2056-03,KPK,Peshawar,ssp585,191.2
2056-04,KPK,Peshawar,ssp585,190.2
2056-05,KPK,Peshawar,ssp585,177.9
2056-06,KPK,Peshawar,ssp585,153.9
2056-07,KPK,Peshawar,ssp585,138.2
2056-08,KPK,Peshawar,ssp585,123.5
2056-09,KPK,Peshawar,ssp585,99.2
2056-10,KPK,Peshawar,ssp585,111.1
2056-11,KPK,Peshawar,ssp585,103.0
2056-12,KPK,Peshawar,ssp585,122.6
2057-01,KPK,Peshawar,ssp585,145.0
2057-02,KPK,Peshawar,ssp585,148.8
2057-03,KPK,Peshawar,ssp585,188.7
2057-04,KPK,Peshawar,ssp585,188.1
2057-05,KPK,Peshawar,ssp585,164.2
2057-06,KPK,Peshawar,ssp585,164.1
2057-07,KPK,Peshawar,ssp585,144.0
2057-08,KPK,Peshawar,ssp585,117.6
2057-09,KPK,Peshawar,ssp585,113.9
2057-10,KPK,Peshawar,ssp585,115.5
2057-11,KPK,Peshawar,ssp585,114.1
2057-12,KPK,Peshawar,ssp585,115.1
2058-01,KPK,Peshawar,ssp585,142.0
2058-02,KPK,Peshawar,ssp585,152.2
2058-03,KPK,Peshawar,ssp585,185.4
2058-04,KPK,Peshawar,ssp585,181.3
2058-05,KPK,Peshawar,ssp585,186.3
2058-06,KPK,Peshawar,ssp585,175.6
2058-07,KPK,Peshawar,ssp585,155.6
2058-08,KPK,Peshawar,ssp585,129.5
2058-09,KPK,Peshawar,ssp585,110.6
2058-10,KPK,Peshawar,ssp585,94.0
2058-11,KPK,Peshawar,ssp585,130.9
2058-12,KPK,Peshawar,ssp585,146.4
2059-01,KPK,Peshawar,ssp585,148.4
2059-02,KPK,Peshawar,ssp585,173.6
2059-03,KPK,Peshawar,ssp585,176.0
2059-04,KPK,Peshawar,ssp585,188.0
2059-05,KPK,Peshawar,ssp585,185.9
2059-06,KPK,Peshawar,ssp585,165.8
2059-07,KPK,Peshawar,ssp585,164.5
2059-08,KPK,Peshawar,ssp585,132.0
2059-09,KPK,Peshawar,ssp585,109.3
2059-10,KPK,Peshawar,ssp585,105.6
2059-11,KPK,Peshawar,ssp585,116.7
2059-12,KPK,Peshawar,ssp585,116.9
2060-01,KPK,Peshawar,ssp585,154.8
2060-02,KPK,Peshawar,ssp585,171.5
2060-03,KPK,Peshawar,ssp585,194.5
2060-04,KPK,Peshawar,ssp585,195.7
2060-05,KPK,Peshawar,ssp585,182.1
2060-06,KPK,Peshawar,ssp585,166.9
2060-07,KPK,Peshawar,ssp585,163.1
2060-08,KPK,Peshawar,ssp585,134.6
2060-09,KPK,Peshawar,ssp585,120.9
2060-10,KPK,Peshawar,ssp585,115.5
2060-11,KPK,Peshawar,ssp585,115.6
2060-12,KPK,Peshawar,ssp585,122.7
2061-01,KPK,Peshawar,ssp585,167.3
2061-02,KPK,Peshawar,ssp585,171.9
2061-03,KPK,Peshawar,ssp585,199.4
2061-04,KPK,Peshawar,ssp585,193.8
2061-05,KPK,Peshawar,ssp585,198.2
2061-06,KPK,Peshawar,ssp585,166.9
2061-07,KPK,Peshawar,ssp585,142.6
2061-08,KPK,Peshawar,ssp585,130.5
2061-09,KPK,Peshawar,ssp585,113.8
2061-10,KPK,Peshawar,ssp585,117.7
2061-11,KPK,Peshawar,ssp585,120.8
2061-12,KPK,Peshawar,ssp585,120.7
2062-01,KPK,Peshawar,ssp585,148.2
2062-02,KPK,Peshawar,ssp585,163.7
2062-03,KPK,Peshawar,ssp585,184.3
2062-04,KPK,Peshawar,ssp585,195.4
2062-05,KPK,Peshawar,ssp585,185.7
2062-06,KPK,Peshawar,ssp585,185.3
2062-07,KPK,Peshawar,ssp585,158.5
2062-08,KPK,Peshawar,ssp585,127.5
2062-09,KPK,Peshawar,ssp585,130.0
2062-10,KPK,Peshawar,ssp585,121.5
2062-11,KPK,Peshawar,ssp585,121.3
2062-12,KPK,Peshawar,ssp585,132.0
2063-01,KPK,Peshawar,ssp585,171.8
2063-02,KPK,Peshawar,ssp585,183.4
2063-03,KPK,Peshawar,ssp585,183.4
2063-04,KPK,Peshawar,ssp585,199.2
2063-05,KPK,Peshawar,ssp585,185.6
2063-06,KPK,Peshawar,ssp585,184.7
2063-07,KPK,Peshawar,ssp585,148.3
2063-08,KPK,Peshawar,ssp585,130.9
2063-09,KPK,Peshawar,ssp585,116.0
2063-10,KPK,Peshawar,ssp585,119.6
2063-11,KPK,Peshawar,ssp585,112.8
2063-12,KPK,Peshawar,ssp585,136.8
2064-01,KPK,Peshawar,ssp585,140.0
2064-02,KPK,Peshawar,ssp585,185.5
2064-03,KPK,Peshawar,ssp585,171.8
2064-04,KPK,Peshawar,ssp585,201.0
2064-05,KPK,Peshawar,ssp585,196.2
2064-06,KPK,Peshawar,ssp585,175.0
2064-07,KPK,Peshawar,ssp585,167.5
2064-08,KPK,Peshawar,ssp585,147.1
2064-09,KPK,Peshawar,ssp585,131.6
2064-10,KPK,Peshawar,ssp585,126.7
2064-11,KPK,Peshawar,ssp585,125.7
2064-12,KPK,Peshawar,ssp585,135.3
2065-01,KPK,Peshawar,ssp585,161.5
2065-02,KPK,Peshawar,ssp585,189.2
2065-03,KPK,Peshawar,ssp585,195.1
2065-04,KPK,Peshawar,ssp585,181.5
2065-05,KPK,Peshawar,ssp585,182.0
2065-06,KPK,Peshawar,ssp585,195.5
2065-07,KPK,Peshawar,ssp585,153.4
2065-08,KPK,Peshawar,ssp585,134.5
2065-09,KPK,Peshawar,ssp585,132.2
2065-10,KPK,Peshawar,ssp585,126.4
2065-11,KPK,Peshawar,ssp585,129.3
2065-12,KPK,Peshawar,ssp585,141.3
2066-01,KPK,Peshawar,ssp585,143.6
2066-02,KPK,Peshawar,ssp585,200.1
2066-03,KPK,Peshawar,ssp585,194.1
2066-04,KPK,Peshawar,ssp585,211.8
2066-05,KPK,Peshawar,ssp585,198.6
2066-06,KPK,Peshawar,ssp585,178.0
2066-07,KPK,Peshawar,ssp585,159.6
2066-08,KPK,Peshawar,ssp585,139.8
2066-09,KPK,Peshawar,ssp585,139.7
2066-10,KPK,Peshawar,ssp585,110.1
2066-11,KPK,Peshawar,ssp585,129.7
2066-12,KPK,Peshawar,ssp585,156.6
2067-01,KPK,Peshawar,ssp585,158.5
2067-02,KPK,Peshawar,ssp585,183.8
2067-03,KPK,Peshawar,ssp585,189.3
2067-04,KPK,Peshawar,ssp585,218.1
2067-05,KPK,Peshawar,ssp585,189.9
2067-06,KPK,Peshawar,ssp585,189.4
2067-07,KPK,Peshawar,ssp585,147.4
2067-08,KPK,Peshawar,ssp585,135.8
2067-09,KPK,Peshawar,ssp585,129.6
2067-10,KPK,Peshawar,ssp585,113.3
2067-11,KPK,Peshawar,ssp585,126.0
2067-12,KPK,Peshawar,ssp585,132.5
2068-01,KPK,Peshawar,ssp585,165.1
2068-02,KPK,Peshawar,ssp585,175.5
2068-03,KPK,Peshawar,ssp585,191.9
2068-04,KPK,Peshawar,ssp585,208.4
2068-05,KPK,Peshawar,ssp585,185.2
2068-06,KPK,Peshawar,ssp585,191.0
2068-07,KPK,Peshawar,ssp585,158.5
2068-08,KPK,Peshawar,ssp585,157.6
2068-09,KPK,Peshawar,ssp585,125.2
2068-10,KPK,Peshawar,ssp585,116.8
2068-11,KPK,Peshawar,ssp585,130.7
2068-12,KPK,Peshawar,ssp585,153.3
2069-01,KPK,Peshawar,ssp585,146.0
2069-02,KPK,Peshawar,ssp585,181.7
2069-03,KPK,Peshawar,ssp585,212.6
2069-04,KPK,Peshawar,ssp585,199.4
2069-05,KPK,Peshawar,ssp585,192.5
2069-06,KPK,Peshawar,ssp585,174.4
2069-07,KPK,Peshawar,ssp585,164.0
2069-08,KPK,Peshawar,ssp585,135.9
2069-09,KPK,Peshawar,ssp585,134.9
2069-10,KPK,Peshawar,ssp585,113.4
2069-11,KPK,Peshawar,ssp585,127.6
2069-12,KPK,Peshawar,ssp585,145.2
2070-01,KPK,Peshawar,ssp585,162.7
2070-02,KPK,Peshawar,ssp585,186.6
2070-03,KPK,Peshawar,ssp585,196.0
2070-04,KPK,Peshawar,ssp585,202.3
2070-05,KPK,Peshawar,ssp585,214.3
2070-06,KPK,Peshawar,ssp585,192.6
2070-07,KPK,Peshawar,ssp585,172.0
2070-08,KPK,Peshawar,ssp585,156.6
2070-09,KPK,Peshawar,ssp585,136.2
2070-10,KPK,Peshawar,ssp585,124.9
2070-11,KPK,Peshawar,ssp585,137.9
2070-12,KPK,Peshawar,ssp585,146.5
2071-01,KPK,Peshawar,ssp585,183.7
2071-02,KPK,Peshawar,ssp585,192.0
2071-03,KPK,Peshawar,ssp585,206.0
2071-04,KPK,Peshawar,ssp585,224.1
2071-05,KPK,Peshawar,ssp585,212.6
2071-06,KPK,Peshawar,ssp585,185.1
2071-07,KPK,Peshawar,ssp585,174.1
2071-08,KPK,Peshawar,ssp585,139.1
2071-09,KPK,Peshawar,ssp585,132.5
2071-10,KPK,Peshawar,ssp585,130.6
2071-11,KPK,Peshawar,ssp585,136.0
2071-12,KPK,Peshawar,ssp585,148.8
2072-01,KPK,Peshawar,ssp585,163.2
2072-02,KPK,Peshawar,ssp585,195.2
2072-03,KPK,Peshawar,ssp585,211.8
2072-04,KPK,Peshawar,ssp585,207.5
2072-05,KPK,Peshawar,ssp585,207.4
2072-06,KPK,Peshawar,ssp585,196.6
2072-07,KPK,Peshawar,ssp585,175.9
2072-08,KPK,Peshawar,ssp585,154.2
2072-09,KPK,Peshawar,ssp585,140.1
2072-10,KPK,Peshawar,ssp585,135.8
2072-11,KPK,Peshawar,ssp585,142.4
2072-12,KPK,Peshawar,ssp585,155.6
2073-01,KPK,Peshawar,ssp585,168.6
2073-02,KPK,Peshawar,ssp585,196.4
2073-03,KPK,Peshawar,ssp585,203.5
2073-04,KPK,Peshawar,ssp585,209.9
2073-05,KPK,Peshawar,ssp585,212.0
2073-06,KPK,Peshawar,ssp585,194.7
2073-07,KPK,Peshawar,ssp585,168.0
2073-08,KPK,Peshawar,ssp585,157.5
2073-09,KPK,Peshawar,ssp585,131.7
2073-10,KPK,Peshawar,ssp585,136.3
2073-11,KPK,Peshawar,ssp585,127.3
2073-12,KPK,Peshawar,ssp585,164.4
2074-01,KPK,Peshawar,ssp585,178.4
2074-02,KPK,Peshawar,ssp585,199.1
2074-03,KPK,Peshawar,ssp585,210.8
2074-04,KPK,Peshawar,ssp585,205.5
2074-05,KPK,Peshawar,ssp585,197.2
2074-06,KPK,Peshawar,ssp585,196.5
2074-07,KPK,Peshawar,ssp585,172.2
2074-08,KPK,Peshawar,ssp585,157.3
2074-09,KPK,Peshawar,ssp585,148.1
2074-10,KPK,Peshawar,ssp585,137.6
2074-11,KPK,Peshawar,ssp585,132.0
2074-12,KPK,Peshawar,ssp585,160.4
2075-01,KPK,Peshawar,ssp585,171.1
2075-02,KPK,Peshawar,ssp585,200.3
2075-03,KPK,Peshawar,ssp585,217.2
2075-04,KPK,Peshawar,ssp585,213.8
2075-05,KPK,Peshawar,ssp585,224.6
2075-06,KPK,Peshawar,ssp585,194.8
2075-07,KPK,Peshawar,ssp585,177.2
2075-08,KPK,Peshawar,ssp585,166.7
2075-09,KPK,Peshawar,ssp585,142.8
2075-10,KPK,Peshawar,ssp585,129.0
2075-11,KPK,Peshawar,ssp585,138.7
2075-12,KPK,Peshawar,ssp585,158.8
2076-01,KPK,Peshawar,ssp585,174.1
2076-02,KPK,Peshawar,ssp585,194.5
2076-03,KPK,Peshawar,ssp585,221.8
2076-04,KPK,Peshawar,ssp585,218.1
2076-05,KPK,Peshawar,ssp585,228.5
2076-06,KPK,Peshawar,ssp585,197.9
2076-07,KPK,Peshawar,ssp585,170.2
2076-08,KPK,Peshawar,ssp585,156.0
2076-09,KPK,Peshawar,ssp585,150.6
2076-10,KPK,Peshawar,ssp585,132.8
2076-11,KPK,Peshawar,ssp585,152.4
2076-12,KPK,Peshawar,ssp585,158.6
2077-01,KPK,Peshawar,ssp585,182.7
2077-02,KPK,Peshawar,ssp585,194.4
2077-03,KPK,Peshawar,ssp585,216.0
2077-04,KPK,Peshawar,ssp585,221.3
2077-05,KPK,Peshawar,ssp585,224.6
2077-06,KPK,Peshawar,ssp585,197.1
2077-07,KPK,Peshawar,ssp585,167.5
2077-08,KPK,Peshawar,ssp585,150.6
2077-09,KPK,Peshawar,ssp585,139.1
2077-10,KPK,Peshawar,ssp585,144.4
2077-11,KPK,Peshawar,ssp585,137.6
2077-12,KPK,Peshawar,ssp585,152.2
2078-01,KPK,Peshawar,ssp585,178.6
2078-02,KPK,Peshawar,ssp585,201.9
2078-03,KPK,Peshawar,ssp585,216.6
2078-04,KPK,Peshawar,ssp585,212.5
2078-05,KPK,Peshawar,ssp585,215.1
2078-06,KPK,Peshawar,ssp585,210.4
2078-07,KPK,Peshawar,ssp585,185.2
2078-08,KPK,Peshawar,ssp585,164.5
2078-09,KPK,Peshawar,ssp585,140.1
2078-10,KPK,Peshawar,ssp585,138.6
2078-11,KPK,Peshawar,ssp585,136.3
2078-12,KPK,Peshawar,ssp585,166.6
2079-01,KPK,Peshawar,ssp585,189.7
2079-02,KPK,Peshawar,ssp585,201.8
2079-03,KPK,Peshawar,ssp585,215.9
2079-04,KPK,Peshawar,ssp585,217.9
2079-05,KPK,Peshawar,ssp585,218.3
2079-06,KPK,Peshawar,ssp585,217.9
2079-07,KPK,Peshawar,ssp585,177.8
2079-08,KPK,Peshawar,ssp585,164.8
2079-09,KPK,Peshawar,ssp585,155.4
2079-10,KPK,Peshawar,ssp585,141.8
2079-11,KPK,Peshawar,ssp585,137.5
2079-12,KPK,Peshawar,ssp585,166.4
2080-01,KPK,Peshawar,ssp585,197.0
2080-02,KPK,Peshawar,ssp585,206.6
2080-03,KPK,Peshawar,ssp585,220.4
2080-04,KPK,Peshawar,ssp585,226.0
2080-05,KPK,Peshawar,ssp585,203.6
2080-06,KPK,Peshawar,ssp585,208.5
2080-07,KPK,Peshawar,ssp585,181.4
2080-08,KPK,Peshawar,ssp585,157.2
2080-09,KPK,Peshawar,ssp585,159.8
2080-10,KPK,Peshawar,ssp585,136.4
2080-11,KPK,Peshawar,ssp585,150.7
2080-12,KPK,Peshawar,ssp585,155.1
2081-01,KPK,Peshawar,ssp585,188.9
2081-02,KPK,Peshawar,ssp585,195.5
2081-03,KPK,Peshawar,ssp585,224.2
2081-04,KPK,Peshawar,ssp585,229.1
2081-05,KPK,Peshawar,ssp585,228.7
2081-06,KPK,Peshawar,ssp585,197.0
2081-07,KPK,Peshawar,ssp585,183.4
2081-08,KPK,Peshawar,ssp585,159.6
2081-09,KPK,Peshawar,ssp585,157.2
2081-10,KPK,Peshawar,ssp585,131.7
2081-11,KPK,Peshawar,ssp585,148.4
2081-12,KPK,Peshawar,ssp585,170.9
2082-01,KPK,Peshawar,ssp585,189.3
2082-02,KPK,Peshawar,ssp585,196.2
2082-03,KPK,Peshawar,ssp585,233.2
2082-04,KPK,Peshawar,ssp585,230.3
2082-05,KPK,Peshawar,ssp585,232.5
2082-06,KPK,Peshawar,ssp585,205.8
2082-07,KPK,Peshawar,ssp585,189.0
2082-08,KPK,Peshawar,ssp585,169.7
2082-09,KPK,Peshawar,ssp585,149.4
2082-10,KPK,Peshawar,ssp585,165.7
2082-11,KPK,Peshawar,ssp585,151.1
2082-12,KPK,Peshawar,ssp585,171.4
2083-01,KPK,Peshawar,ssp585,184.3
2083-02,KPK,Peshawar,ssp585,205.9
2083-03,KPK,Peshawar,ssp585,224.6
2083-04,KPK,Peshawar,ssp585,225.6
2083-05,KPK,Peshawar,ssp585,218.3
2083-06,KPK,Peshawar,ssp585,211.3
2083-07,KPK,Peshawar,ssp585,187.0
2083-08,KPK,Peshawar,ssp585,187.2
2083-09,KPK,Peshawar,ssp585,153.2
2083-10,KPK,Peshawar,ssp585,143.9
2083-11,KPK,Peshawar,ssp585,160.0
2083-12,KPK,Peshawar,ssp585,184.7
2084-01,KPK,Peshawar,ssp585,178.1
2084-02,KPK,Peshawar,ssp585,222.2
2084-03,KPK,Peshawar,ssp585,218.8
2084-04,KPK,Peshawar,ssp585,229.1
2084-05,KPK,Peshawar,ssp585,216.3
2084-06,KPK,Peshawar,ssp585,208.8
2084-07,KPK,Peshawar,ssp585,180.7
2084-08,KPK,Peshawar,ssp585,166.5
2084-09,KPK,Peshawar,ssp585,153.6
2084-10,KPK,Peshawar,ssp585,149.8
2084-11,KPK,Peshawar,ssp585,158.7
2084-12,KPK,Peshawar,ssp585,174.2
2085-01,KPK,Peshawar,ssp585,192.2
2085-02,KPK,Peshawar,ssp585,224.4
2085-03,KPK,Peshawar,ssp585,230.5
2085-04,KPK,Peshawar,ssp585,244.7
2085-05,KPK,Peshawar,ssp585,230.5
2085-06,KPK,Peshawar,ssp585,209.1
2085-07,KPK,Peshawar,ssp585,182.6
2085-08,KPK,Peshawar,ssp585,150.2
2085-09,KPK,Peshawar,ssp585,154.5
2085-10,KPK,Peshawar,ssp585,143.2
2085-11,KPK,Peshawar,ssp585,158.1
2085-12,KPK,Peshawar,ssp585,184.2
2086-01,KPK,Peshawar,ssp585,176.1
2086-02,KPK,Peshawar,ssp585,221.0
2086-03,KPK,Peshawar,ssp585,218.4
2086-04,KPK,Peshawar,ssp585,221.3
2086-05,KPK,Peshawar,ssp585,249.4
2086-06,KPK,Peshawar,ssp585,222.2
2086-07,KPK,Peshawar,ssp585,171.0
2086-08,KPK,Peshawar,ssp585,185.8
2086-09,KPK,Peshawar,ssp585,157.9
2086-10,KPK,Peshawar,ssp585,166.6
2086-11,KPK,Peshawar,ssp585,152.4
2086-12,KPK,Peshawar,ssp585,177.0
2087-01,KPK,Peshawar,ssp585,197.2
2087-02,KPK,Peshawar,ssp585,200.2
2087-03,KPK,Peshawar,ssp585,233.5
2087-04,KPK,Peshawar,ssp585,244.7
2087-05,KPK,Peshawar,ssp585,224.9
2087-06,KPK,Peshawar,ssp585,222.0
2087-07,KPK,Peshawar,ssp585,202.5
2087-08,KPK,Peshawar,ssp585,176.7
2087-09,KPK,Peshawar,ssp585,170.7
2087-10,KPK,Peshawar,ssp585,161.2
2087-11,KPK,Peshawar,ssp585,174.9
2087-12,KPK,Peshawar,ssp585,179.2
2088-01,KPK,Peshawar,ssp585,206.5
2088-02,KPK,Peshawar,ssp585,217.6
2088-03,KPK,Peshawar,ssp585,239.7
2088-04,KPK,Peshawar,ssp585,242.7
2088-05,KPK,Peshawar,ssp585,238.1
2088-06,KPK,Peshawar,ssp585,225.5
2088-07,KPK,Peshawar,ssp585,196.2
2088-08,KPK,Peshawar,ssp585,175.5
2088-09,KPK,Peshawar,ssp585,148.3
2088-10,KPK,Peshawar,ssp585,159.5
2088-11,KPK,Peshawar,ssp585,153.8
2088-12,KPK,Peshawar,ssp585,172.4
2089-01,KPK,Peshawar,ssp585,196.5
2089-02,KPK,Peshawar,ssp585,225.9
2089-03,KPK,Peshawar,ssp585,240.6
2089-04,KPK,Peshawar,ssp585,245.3
2089-05,KPK,Peshawar,ssp585,234.6
2089-06,KPK,Peshawar,ssp585,223.4
2089-07,KPK,Peshawar,ssp585,193.1
2089-08,KPK,Peshawar,ssp585,192.4
2089-09,KPK,Peshawar,ssp585,178.1
2089-10,KPK,Peshawar,ssp585,154.4
2089-11,KPK,Peshawar,ssp585,154.9
2089-12,KPK,Peshawar,ssp585,170.9
2090-01,KPK,Peshawar,ssp585,193.7
2090-02,KPK,Peshawar,ssp585,214.5
2090-03,KPK,Peshawar,ssp585,240.0
2090-04,KPK,Peshawar,ssp585,244.7
2090-05,KPK,Peshawar,ssp585,244.8
2090-06,KPK,Peshawar,ssp585,224.2
2090-07,KPK,Peshawar,ssp585,203.9
2090-08,KPK,Peshawar,ssp585,179.1
2090-09,KPK,Peshawar,ssp585,179.2
2090-10,KPK,Peshawar,ssp585,174.2
2090-11,KPK,Peshawar,ssp585,160.3
2090-12,KPK,Peshawar,ssp585,184.6
2091-01,KPK,Peshawar,ssp585,200.9
2091-02,KPK,Peshawar,ssp585,221.7
2091-03,KPK,Peshawar,ssp585,234.6
2091-04,KPK,Peshawar,ssp585,235.5
2091-05,KPK,Peshawar,ssp585,237.2
2091-06,KPK,Peshawar,ssp585,232.1
2091-07,KPK,Peshawar,ssp585,215.1
2091-08,KPK,Peshawar,ssp585,190.9
2091-09,KPK,Peshawar,ssp585,169.3
2091-10,KPK,Peshawar,ssp585,173.7
2091-11,KPK,Peshawar,ssp585,167.8
2091-12,KPK,Peshawar,ssp585,182.7
2092-01,KPK,Peshawar,ssp585,193.8
2092-02,KPK,Peshawar,ssp585,235.3
2092-03,KPK,Peshawar,ssp585,249.2
2092-04,KPK,Peshawar,ssp585,238.8
2092-05,KPK,Peshawar,ssp585,230.9
2092-06,KPK,Peshawar,ssp585,242.4
2092-07,KPK,Peshawar,ssp585,207.3
2092-08,KPK,Peshawar,ssp585,176.0
2092-09,KPK,Peshawar,ssp585,167.3
2092-10,KPK,Peshawar,ssp585,169.1
2092-11,KPK,Peshawar,ssp585,178.9
2092-12,KPK,Peshawar,ssp585,192.1
2093-01,KPK,Peshawar,ssp585,219.5
2093-02,KPK,Peshawar,ssp585,233.2
2093-03,KPK,Peshawar,ssp585,246.3
2093-04,KPK,Peshawar,ssp585,258.3
2093-05,KPK,Peshawar,ssp585,238.7
2093-06,KPK,Peshawar,ssp585,223.0
2093-07,KPK,Peshawar,ssp585,195.6
2093-08,KPK,Peshawar,ssp585,192.8
2093-09,KPK,Peshawar,ssp585,165.7
2093-10,KPK,Peshawar,ssp585,168.2
2093-11,KPK,Peshawar,ssp585,172.6
2093-12,KPK,Peshawar,ssp585,184.3
2094-01,KPK,Peshawar,ssp585,204.7
2094-02,KPK,Peshawar,ssp585,237.0
2094-03,KPK,Peshawar,ssp585,257.5
2094-04,KPK,Peshawar,ssp585,246.5
2094-05,KPK,Peshawar,ssp585,238.1
2094-06,KPK,Peshawar,ssp585,245.3
2094-07,KPK,Peshawar,ssp585,209.6
2094-08,KPK,Peshawar,ssp585,183.7
2094-09,KPK,Peshawar,ssp585,170.5
2094-10,KPK,Peshawar,ssp585,174.8
2094-11,KPK,Peshawar,ssp585,172.8
2094-12,KPK,Peshawar,ssp585,189.6
2095-01,KPK,Peshawar,ssp585,199.1
2095-02,KPK,Peshawar,ssp585,224.2
2095-03,KPK,Peshawar,ssp585,255.0
2095-04,KPK,Peshawar,ssp585,255.1
2095-05,KPK,Peshawar,ssp585,254.5
2095-06,KPK,Peshawar,ssp585,217.2
2095-07,KPK,Peshawar,ssp585,205.8
2095-08,KPK,Peshawar,ssp585,192.5
2095-09,KPK,Peshawar,ssp585,180.4
2095-10,KPK,Peshawar,ssp585,186.5
2095-11,KPK,Peshawar,ssp585,176.8
2095-12,KPK,Peshawar,ssp585,183.2
2096-01,KPK,Peshawar,ssp585,205.1
2096-02,KPK,Peshawar,ssp585,221.3
2096-03,KPK,Peshawar,ssp585,258.6
2096-04,KPK,Peshawar,ssp585,252.0
2096-05,KPK,Peshawar,ssp585,242.6
2096-06,KPK,Peshawar,ssp585,242.2
2096-07,KPK,Peshawar,ssp585,223.3
2096-08,KPK,Peshawar,ssp585,189.0
2096-09,KPK,Peshawar,ssp585,172.3
2096-10,KPK,Peshawar,ssp585,173.5
2096-11,KPK,Peshawar,ssp585,162.9
2096-12,KPK,Peshawar,ssp585,196.3
2097-01,KPK,Peshawar,ssp585,218.6
2097-02,KPK,Peshawar,ssp585,235.5
2097-03,KPK,Peshawar,ssp585,255.1
2097-04,KPK,Peshawar,ssp585,255.1
2097-05,KPK,Peshawar,ssp585,251.0
2097-06,KPK,Peshawar,ssp585,245.9
2097-07,KPK,Peshawar,ssp585,214.8
2097-08,KPK,Peshawar,ssp585,206.6
2097-09,KPK,Peshawar,ssp585,185.3
2097-10,KPK,Peshawar,ssp585,170.6
2097-11,KPK,Peshawar,ssp585,178.2
2097-12,KPK,Peshawar,ssp585,188.3
2098-01,KPK,Peshawar,ssp585,224.7
2098-02,KPK,Peshawar,ssp585,258.4
2098-03,KPK,Peshawar,ssp585,248.9
2098-04,KPK,Peshawar,ssp585,259.1
2098-05,KPK,Peshawar,ssp585,255.2
2098-06,KPK,Peshawar,ssp585,236.9
2098-07,KPK,Peshawar,ssp585,214.2
2098-08,KPK,Peshawar,ssp585,200.2
2098-09,KPK,Peshawar,ssp585,167.9
2098-10,KPK,Peshawar,ssp585,167.3
2098-11,KPK,Peshawar,ssp585,182.1
2098-12,KPK,Peshawar,ssp585,196.1
2099-01,KPK,Peshawar,ssp585,218.0
2099-02,KPK,Peshawar,ssp585,242.1
2099-03,KPK,Peshawar,ssp585,262.5
2099-04,KPK,Peshawar,ssp585,249.7
2099-05,KPK,Peshawar,ssp585,247.3
2099-06,KPK,Peshawar,ssp585,246.7
2099-07,KPK,Peshawar,ssp585,218.0
2099-08,KPK,Peshawar,ssp585,198.2
2099-09,KPK,Peshawar,ssp585,191.5
2099-10,KPK,Peshawar,ssp585,161.1
2099-11,KPK,Peshawar,ssp585,194.1
2099-12,KPK,Peshawar,ssp585,198.8
2100-01,KPK,Peshawar,ssp585,207.6
2100-02,KPK,Peshawar,ssp585,248.9
2100-03,KPK,Peshawar,ssp585,269.1
2100-04,KPK,Peshawar,ssp585,272.4
2100-05,KPK,Peshawar,ssp585,252.5
2100-06,KPK,Peshawar,ssp585,245.3
2100-07,KPK,Peshawar,ssp585,223.3
2100-08,KPK,Peshawar,ssp585,187.1
2100-09,KPK,Peshawar,ssp585,204.3
2100-10,KPK,Peshawar,ssp585,169.7
2100-11,KPK,Peshawar,ssp585,200.5
2100-12,KPK,Peshawar,ssp585,198.6
1980-01,Balochistan,Quetta,historical,78.8
1980-02,Balochistan,Quetta,historical,81.5
1980-03,Balochistan,Quetta,historical,90.4
1980-04,Balochistan,Quetta,historical,112.4
1980-05,Balochistan,Quetta,historical,69.9
1980-06,Balochistan,Quetta,historical,68.4
1980-07,Balochistan,Quetta,historical,76.5
1980-08,Balochistan,Quetta,historical,67.0
1980-09,Balochistan,Quetta,historical,46.6
1980-10,Balochistan,Quetta,historical,43.7
1980-11,Balochistan,Quetta,historical,30.0
1980-12,Balochistan,Quetta,historical,57.7
1981-01,Balochistan,Quetta,historical,74.3
1981-02,Balochistan,Quetta,historical,93.8
1981-03,Balochistan,Quetta,historical,107.4
1981-04,Balochistan,Quetta,historical,77.3
1981-05,Balochistan,Quetta,historical,120.7
1981-06,Balochistan,Quetta,historical,61.6
1981-07,Balochistan,Quetta,historical,83.3
1981-08,Balochistan,Quetta,historical,56.9
1981-09,Balochistan,Quetta,historical,66.2
1981-10,Balochistan,Quetta,historical,56.8
1981-11,Balochistan,Quetta,historical,50.5
1981-12,Balochistan,Quetta,historical,58.7
1982-01,Balochistan,Quetta,historical,54.1
1982-02,Balochistan,Quetta,historical,88.7
1982-03,Balochistan,Quetta,historical,90.0
1982-04,Balochistan,Quetta,historical,90.7
1982-05,Balochistan,Quetta,historical,84.8
1982-06,Balochistan,Quetta,historical,90.0
1982-07,Balochistan,Quetta,historical,70.8
1982-08,Balochistan,Quetta,historical,74.6
1982-09,Balochistan,Quetta,historical,45.8
1982-10,Balochistan,Quetta,historical,29.5
1982-11,Balochistan,Quetta,historical,42.5
1982-12,Balochistan,Quetta,historical,63.3
1983-01,Balochistan,Quetta,historical,51.9
1983-02,Balochistan,Quetta,historical,107.5
1983-03,Balochistan,Quetta,historical,96.6
1983-04,Balochistan,Quetta,historical,101.5
1983-05,Balochistan,Quetta,historical,101.5
1983-06,Balochistan,Quetta,historical,98.7
1983-07,Balochistan,Quetta,historical,85.2
1983-08,Balochistan,Quetta,historical,52.7
1983-09,Balochistan,Quetta,historical,43.4
1983-10,Balochistan,Quetta,historical,75.8
1983-11,Balochistan,Quetta,historical,24.8
1983-12,Balochistan,Quetta,historical,49.3
1984-01,Balochistan,Quetta,historical,64.5
1984-02,Balochistan,Quetta,historical,101.9
1984-03,Balochistan,Quetta,historical,103.5
1984-04,Balochistan,Quetta,historical,107.6
1984-05,Balochistan,Quetta,historical,88.0
1984-06,Balochistan,Quetta,historical,94.1
1984-07,Balochistan,Quetta,historical,63.5
1984-08,Balochistan,Quetta,historical,55.4
1984-09,Balochistan,Quetta,historical,42.8
1984-10,Balochistan,Quetta,historical,39.7
1984-11,Balochistan,Quetta,historical,39.6
1984-12,Balochistan,Quetta,historical,65.7
1985-01,Balochistan,Quetta,historical,80.3
1985-02,Balochistan,Quetta,historical,78.9
1985-03,Balochistan,Quetta,historical,93.5
1985-04,Balochistan,Quetta,historical,109.0
1985-05,Balochistan,Quetta,historical,101.7
1985-06,Balochistan,Quetta,historical,109.1
1985-07,Balochistan,Quetta,historical,72.9
1985-08,Balochistan,Quetta,historical,67.2
1985-09,Balochistan,Quetta,historical,61.9
1985-10,Balochistan,Quetta,historical,36.0
1985-11,Balochistan,Quetta,historical,38.5
1985-12,Balochistan,Quetta,historical,44.5
1986-01,Balochistan,Quetta,historical,81.9
1986-02,Balochistan,Quetta,historical,87.2
1986-03,Balochistan,Quetta,historical,103.1
1986-04,Balochistan,Quetta,historical,105.0
1986-05,Balochistan,Quetta,historical,102.5
1986-06,Balochistan,Quetta,historical,98.3
1986-07,Balochistan,Quetta,historical,71.0
1986-08,Balochistan,Quetta,historical,72.9
1986-09,Balochistan,Quetta,historical,61.2
1986-10,Balochistan,Quetta,historical,30.8
1986-11,Balochistan,Quetta,historical,49.9
1986-12,Balochistan,Quetta,historical,83.6
1987-01,Balochistan,Quetta,historical,124.5
1987-02,Balochistan,Quetta,historical,89.3
1987-03,Balochistan,Quetta,historical,100.1
1987-04,Balochistan,Quetta,historical,81.4
1987-05,Balochistan,Quetta,historical,101.3
1987-06,Balochistan,Quetta,historical,89.0
1987-07,Balochistan,Quetta,historical,68.8
1987-08,Balochistan,Quetta,historical,86.6
1987-09,Balochistan,Quetta,historical,55.9
1987-10,Balochistan,Quetta,historical,36.1
1987-11,Balochistan,Quetta,historical,38.4
1987-12,Balochistan,Quetta,historical,72.8
1988-01,Balochistan,Quetta,historical,67.9
1988-02,Balochistan,Quetta,historical,77.4
1988-03,Balochistan,Quetta,historical,77.2
1988-04,Balochistan,Quetta,historical,101.6
1988-05,Balochistan,Quetta,historical,107.7
1988-06,Balochistan,Quetta,historical,100.8
1988-07,Balochistan,Quetta,historical,79.6
1988-08,Balochistan,Quetta,historical,85.0
1988-09,Balochistan,Quetta,historical,37.1
1988-10,Balochistan,Quetta,historical,52.0
1988-11,Balochistan,Quetta,historical,58.1
1988-12,Balochistan,Quetta,historical,41.0
1989-01,Balochistan,Quetta,historical,73.8
1989-02,Balochistan,Quetta,historical,75.2
1989-03,Balochistan,Quetta,historical,102.8
1989-04,Balochistan,Quetta,historical,92.2
1989-05,Balochistan,Quetta,historical,108.5
1989-06,Balochistan,Quetta,historical,111.1
1989-07,Balochistan,Quetta,historical,73.5
1989-08,Balochistan,Quetta,historical,54.2
1989-09,Balochistan,Quetta,historical,36.8
1989-10,Balochistan,Quetta,historical,54.7
1989-11,Balochistan,Quetta,historical,40.7
1989-12,Balochistan,Quetta,historical,75.4
1990-01,Balochistan,Quetta,historical,98.6
1990-02,Balochistan,Quetta,historical,113.1
1990-03,Balochistan,Quetta,historical,124.1
1990-04,Balochistan,Quetta,historical,104.9
1990-05,Balochistan,Quetta,historical,105.9
1990-06,Balochistan,Quetta,historical,79.4
1990-07,Balochistan,Quetta,historical,58.6
1990-08,Balochistan,Quetta,historical,72.8
1990-09,Balochistan,Quetta,historical,34.0
1990-10,Balochistan,Quetta,historical,62.7
1990-11,Balochistan,Quetta,historical,41.5
1990-12,Balochistan,Quetta,historical,60.1
1991-01,Balochistan,Quetta,historical,99.7
1991-02,Balochistan,Quetta,historical,93.3
1991-03,Balochistan,Quetta,historical,106.6
1991-04,Balochistan,Quetta,historical,99.7
1991-05,Balochistan,Quetta,historical,111.2
1991-06,Balochistan,Quetta,historical,86.4
1991-07,Balochistan,Quetta,historical,63.9
1991-08,Balochistan,Quetta,historical,49.7
1991-09,Balochistan,Quetta,historical,32.1
1991-10,Balochistan,Quetta,historical,32.6
1991-11,Balochistan,Quetta,historical,62.0
1991-12,Balochistan,Quetta,historical,61.8
1992-01,Balochistan,Quetta,historical,63.6
1992-02,Balochistan,Quetta,historical,100.4
1992-03,Balochistan,Quetta,historical,102.2
1992-04,Balochistan,Quetta,historical,109.3
1992-05,Balochistan,Quetta,historical,86.5
1992-06,Balochistan,Quetta,historical,83.7
1992-07,Balochistan,Quetta,historical,81.1
1992-08,Balochistan,Quetta,historical,59.3
1992-09,Balochistan,Quetta,historical,66.5
1992-10,Balochistan,Quetta,historical,59.8
1992-11,Balochistan,Quetta,historical,73.1
1992-12,Balochistan,Quetta,historical,67.0
1993-01,Balochistan,Quetta,historical,67.8
1993-02,Balochistan,Quetta,historical,90.5
1993-03,Balochistan,Quetta,historical,130.9
1993-04,Balochistan,Quetta,historical,117.9
1993-05,Balochistan,Quetta,historical,97.7
1993-06,Balochistan,Quetta,historical,99.4
1993-07,Balochistan,Quetta,historical,73.7
1993-08,Balochistan,Quetta,historical,58.6
1993-09,Balochistan,Quetta,historical,68.2
1993-10,Balochistan,Quetta,historical,55.2
1993-11,Balochistan,Quetta,historical,65.6
1993-12,Balochistan,Quetta,historical,86.3
1994-01,Balochistan,Quetta,historical,69.8
1994-02,Balochistan,Quetta,historical,94.0
1994-03,Balochistan,Quetta,historical,112.5
1994-04,Balochistan,Quetta,historical,114.0
1994-05,Balochistan,Quetta,historical,94.7
1994-06,Balochistan,Quetta,historical,90.6
1994-07,Balochistan,Quetta,historical,102.2
1994-08,Balochistan,Quetta,historical,55.5
1994-09,Balochistan,Quetta,historical,59.3
1994-10,Balochistan,Quetta,historical,56.1
1994-11,Balochistan,Quetta,historical,33.9
1994-12,Balochistan,Quetta,historical,71.6
1995-01,Balochistan,Quetta,historical,58.4
1995-02,Balochistan,Quetta,historical,92.8
1995-03,Balochistan,Quetta,historical,116.3
1995-04,Balochistan,Quetta,historical,96.7
1995-05,Balochistan,Quetta,historical,79.4
1995-06,Balochistan,Quetta,historical,89.6
1995-07,Balochistan,Quetta,historical,76.1
1995-08,Balochistan,Quetta,historical,64.5
1995-09,Balochistan,Quetta,historical,56.1
1995-10,Balochistan,Quetta,historical,53.3
1995-11,Balochistan,Quetta,historical,33.5
1995-12,Balochistan,Quetta,historical,77.3
1996-01,Balochistan,Quetta,historical,47.4
1996-02,Balochistan,Quetta,historical,85.1
1996-03,Balochistan,Quetta,historical,110.5
1996-04,Balochistan,Quetta,historical,93.1
1996-05,Balochistan,Quetta,historical,80.3
1996-06,Balochistan,Quetta,historical,79.8
1996-07,Balochistan,Quetta,historical,69.9
1996-08,Balochistan,Quetta,historical,89.8
1996-09,Balochistan,Quetta,historical,33.0
1996-10,Balochistan,Quetta,historical,55.1
1996-11,Balochistan,Quetta,historical,50.4
1996-12,Balochistan,Quetta,historical,52.0
1997-01,Balochistan,Quetta,historical,57.9
1997-02,Balochistan,Quetta,historical,74.0
1997-03,Balochistan,Quetta,historical,104.4
1997-04,Balochistan,Quetta,historical,112.4
1997-05,Balochistan,Quetta,historical,117.4
1997-06,Balochistan,Quetta,historical,77.1
1997-07,Balochistan,Quetta,historical,48.0
1997-08,Balochistan,Quetta,historical,70.6
1997-09,Balochistan,Quetta,historical,60.1
1997-10,Balochistan,Quetta,historical,65.3
1997-11,Balochistan,Quetta,historical,27.7
1997-12,Balochistan,Quetta,historical,83.0
1998-01,Balochistan,Quetta,historical,78.2
1998-02,Balochistan,Quetta,historical,116.9
1998-03,Balochistan,Quetta,historical,97.0
1998-04,Balochistan,Quetta,historical,122.0
1998-05,Balochistan,Quetta,historical,92.0
1998-06,Balochistan,Quetta,historical,118.7
1998-07,Balochistan,Quetta,historical,69.5
1998-08,Balochistan,Quetta,historical,42.6
1998-09,Balochistan,Quetta,historical,56.2
1998-10,Balochistan,Quetta,historical,64.7
1998-11,Balochistan,Quetta,historical,70.0
1998-12,Balochistan,Quetta,historical,62.1
1999-01,Balochistan,Quetta,historical,81.8
1999-02,Balochistan,Quetta,historical,89.7
1999-03,Balochistan,Quetta,historical,117.8
1999-04,Balochistan,Quetta,historical,117.4
1999-05,Balochistan,Quetta,historical,93.0
1999-06,Balochistan,Quetta,historical,102.9
1999-07,Balochistan,Quetta,historical,76.1
1999-08,Balochistan,Quetta,historical,78.8
1999-09,Balochistan,Quetta,historical,48.0
1999-10,Balochistan,Quetta,historical,50.7
1999-11,Balochistan,Quetta,historical,45.4
1999-12,Balochistan,Quetta,historical,42.0
2000-01,Balochistan,Quetta,historical,60.1
2000-02,Balochistan,Quetta,historical,104.9
2000-03,Balochistan,Quetta,historical,108.1
2000-04,Balochistan,Quetta,historical,92.8
2000-05,Balochistan,Quetta,historical,106.4
2000-06,Balochistan,Quetta,historical,90.3
2000-07,Balochistan,Quetta,historical,86.7
2000-08,Balochistan,Quetta,historical,57.0
2000-09,Balochistan,Quetta,historical,52.9
2000-10,Balochistan,Quetta,historical,34.0
2000-11,Balochistan,Quetta,historical,68.4
2000-12,Balochistan,Quetta,historical,69.9
2001-01,Balochistan,Quetta,historical,78.0
2001-02,Balochistan,Quetta,historical,122.6
2001-03,Balochistan,Quetta,historical,115.5
2001-04,Balochistan,Quetta,historical,122.5
2001-05,Balochistan,Quetta,historical,104.2
2001-06,Balochistan,Quetta,historical,83.0
2001-07,Balochistan,Quetta,historical,82.5
2001-08,Balochistan,Quetta,historical,63.6
2001-09,Balochistan,Quetta,historical,48.5
2001-10,Balochistan,Quetta,historical,65.4
2001-11,Balochistan,Quetta,historical,48.9
2001-12,Balochistan,Quetta,historical,66.3
2002-01,Balochistan,Quetta,historical,78.1
2002-02,Balochistan,Quetta,historical,69.8
2002-03,Balochistan,Quetta,historical,106.9
2002-04,Balochistan,Quetta,historical,113.7
2002-05,Balochistan,Quetta,historical,100.5
2002-06,Balochistan,Quetta,historical,93.4
2002-07,Balochistan,Quetta,historical,72.2
2002-08,Balochistan,Quetta,historical,54.6
2002-09,Balochistan,Quetta,historical,44.7
2002-10,Balochistan,Quetta,historical,25.4
2002-11,Balochistan,Quetta,historical,60.3
2002-12,Balochistan,Quetta,historical,45.2
2003-01,Balochistan,Quetta,historical,70.4
2003-02,Balochistan,Quetta,historical,62.0
2003-03,Balochistan,Quetta,historical,90.9
2003-04,Balochistan,Quetta,historical,110.7
2003-05,Balochistan,Quetta,historical,101.0
2003-06,Balochistan,Quetta,historical,90.3
2003-07,Balochistan,Quetta,historical,79.6
2003-08,Balochistan,Quetta,historical,40.3
2003-09,Balochistan,Quetta,historical,64.8
2003-10,Balochistan,Quetta,historical,43.8
2003-11,Balochistan,Quetta,historical,53.5
2003-12,Balochistan,Quetta,historical,68.8
2004-01,Balochistan,Quetta,historical,40.9
2004-02,Balochistan,Quetta,historical,108.9
2004-03,Balochistan,Quetta,historical,95.2
2004-04,Balochistan,Quetta,historical,110.8
2004-05,Balochistan,Quetta,historical,95.1
2004-06,Balochistan,Quetta,historical,81.6
2004-07,Balochistan,Quetta,historical,94.1
2004-08,Balochistan,Quetta,historical,46.8
2004-09,Balochistan,Quetta,historical,57.0
2004-10,Balochistan,Quetta,historical,42.3
2004-11,Balochistan,Quetta,historical,60.0
2004-12,Balochistan,Quetta,historical,75.0
2005-01,Balochistan,Quetta,historical,85.7
2005-02,Balochistan,Quetta,historical,97.4
2005-03,Balochistan,Quetta,historical,91.7
2005-04,Balochistan,Quetta,historical,100.1
2005-05,Balochistan,Quetta,historical,104.2
2005-06,Balochistan,Quetta,historical,106.0
2005-07,Balochistan,Quetta,historical,82.7
2005-08,Balochistan,Quetta,historical,60.4
2005-09,Balochistan,Quetta,historical,55.9
2005-10,Balochistan,Quetta,historical,61.7
2005-11,Balochistan,Quetta,historical,59.3
2005-12,Balochistan,Quetta,historical,75.0
2006-01,Balochistan,Quetta,historical,71.0
2006-02,Balochistan,Quetta,historical,102.1
2006-03,Balochistan,Quetta,historical,95.0
2006-04,Balochistan,Quetta,historical,104.6
2006-05,Balochistan,Quetta,historical,107.5
2006-06,Balochistan,Quetta,historical,72.1
2006-07,Balochistan,Quetta,historical,73.0
2006-08,Balochistan,Quetta,historical,66.6
2006-09,Balochistan,Quetta,historical,55.3
2006-10,Balochistan,Quetta,historical,60.6
2006-11,Balochistan,Quetta,historical,21.9
2006-12,Balochistan,Quetta,historical,40.7
2007-01,Balochistan,Quetta,historical,89.7
2007-02,Balochistan,Quetta,historical,99.8
2007-03,Balochistan,Quetta,historical,125.8
2007-04,Balochistan,Quetta,historical,101.8
2007-05,Balochistan,Quetta,historical,115.8
2007-06,Balochistan,Quetta,historical,119.7
2007-07,Balochistan,Quetta,historical,45.8
2007-08,Balochistan,Quetta,historical,40.7
2007-09,Balochistan,Quetta,historical,46.4
2007-10,Balochistan,Quetta,historical,30.4
2007-11,Balochistan,Quetta,historical,73.4
2007-12,Balochistan,Quetta,historical,59.4
2008-01,Balochistan,Quetta,historical,67.0
2008-02,Balochistan,Quetta,historical,106.4
2008-03,Balochistan,Quetta,historical,108.5
2008-04,Balochistan,Quetta,historical,95.6
2008-05,Balochistan,Quetta,historical,108.9
2008-06,Balochistan,Quetta,historical,77.5
2008-07,Balochistan,Quetta,historical,67.1
2008-08,Balochistan,Quetta,historical,78.7
2008-09,Balochistan,Quetta,historical,41.7
2008-10,Balochistan,Quetta,historical,42.8
2008-11,Balochistan,Quetta,historical,46.9
2008-12,Balochistan,Quetta,historical,55.4
2009-01,Balochistan,Quetta,historical,42.3
2009-02,Balochistan,Quetta,historical,69.0
2009-03,Balochistan,Quetta,historical,101.8
2009-04,Balochistan,Quetta,historical,121.8
2009-05,Balochistan,Quetta,historical,108.9
2009-06,Balochistan,Quetta,historical,82.9
2009-07,Balochistan,Quetta,historical,74.7
2009-08,Balochistan,Quetta,historical,40.5
2009-09,Balochistan,Quetta,historical,49.6
2009-10,Balochistan,Quetta,historical,46.2
2009-11,Balochistan,Quetta,historical,45.1
2009-12,Balochistan,Quetta,historical,70.9
2010-01,Balochistan,Quetta,historical,81.7
2010-02,Balochistan,Quetta,historical,97.3
2010-03,Balochistan,Quetta,historical,129.3
2010-04,Balochistan,Quetta,historical,110.5
2010-05,Balochistan,Quetta,historical,73.4
2010-06,Balochistan,Quetta,historical,71.2
2010-07,Balochistan,Quetta,historical,75.6
2010-08,Balochistan,Quetta,historical,51.0
2010-09,Balochistan,Quetta,historical,49.7
2010-10,Balochistan,Quetta,historical,68.4
2010-11,Balochistan,Quetta,historical,54.1
2010-12,Balochistan,Quetta,historical,46.7
2011-01,Balochistan,Quetta,historical,95.6
2011-02,Balochistan,Quetta,historical,87.2
2011-03,Balochistan,Quetta,historical,99.1
2011-04,Balochistan,Quetta,historical,106.2
2011-05,Balochistan,Quetta,historical,106.6
2011-06,Balochistan,Quetta,historical,80.0
2011-07,Balochistan,Quetta,historical,77.2
2011-08,Balochistan,Quetta,historical,79.6
2011-09,Balochistan,Quetta,historical,69.6
2011-10,Balochistan,Quetta,historical,38.5
2011-11,Balochistan,Quetta,historical,53.3
2011-12,Balochistan,Quetta,historical,83.3
2012-01,Balochistan,Quetta,historical,72.9
2012-02,Balochistan,Quetta,historical,71.9
2012-03,Balochistan,Quetta,historical,91.1
2012-04,Balochistan,Quetta,historical,111.4
2012-05,Balochistan,Quetta,historical,98.4
2012-06,Balochistan,Quetta,historical,90.4
2012-07,Balochistan,Quetta,historical,79.9
2012-08,Balochistan,Quetta,historical,59.2
2012-09,Balochistan,Quetta,historical,59.8
2012-10,Balochistan,Quetta,historical,67.2
2012-11,Balochistan,Quetta,historical,58.8
2012-12,Balochistan,Quetta,historical,70.0
2013-01,Balochistan,Quetta,historical,91.5
2013-02,Balochistan,Quetta,historical,99.7
2013-03,Balochistan,Quetta,historical,114.9
2013-04,Balochistan,Quetta,historical,76.3
2013-05,Balochistan,Quetta,historical,100.2
2013-06,Balochistan,Quetta,historical,95.3
2013-07,Balochistan,Quetta,historical,74.6
2013-08,Balochistan,Quetta,historical,51.5
2013-09,Balochistan,Quetta,historical,51.3
2013-10,Balochistan,Quetta,historical,39.6
2013-11,Balochistan,Quetta,historical,57.6
2013-12,Balochistan,Quetta,historical,72.0
2014-01,Balochistan,Quetta,historical,73.2
2014-02,Balochistan,Quetta,historical,104.1
2014-03,Balochistan,Quetta,historical,92.7
2014-04,Balochistan,Quetta,historical,95.3
2014-05,Balochistan,Quetta,historical,100.8
2014-06,Balochistan,Quetta,historical,84.5
2014-07,Balochistan,Quetta,historical,89.7
2014-08,Balochistan,Quetta,historical,60.6
2014-09,Balochistan,Quetta,historical,60.2
2014-10,Balochistan,Quetta,historical,62.0
2014-11,Balochistan,Quetta,historical,31.2
2014-12,Balochistan,Quetta,historical,62.2
2015-01,Balochistan,Quetta,ssp245,78.1
2015-02,Balochistan,Quetta,ssp245,64.1
2015-03,Balochistan,Quetta,ssp245,100.7
2015-04,Balochistan,Quetta,ssp245,100.9
2015-05,Balochistan,Quetta,ssp245,79.8
2015-06,Balochistan,Quetta,ssp245,109.0
2015-07,Balochistan,Quetta,ssp245,78.6
2015-08,Balochistan,Quetta,ssp245,31.9
2015-09,Balochistan,Quetta,ssp245,47.0
2015-10,Balochistan,Quetta,ssp245,45.6
2015-11,Balochistan,Quetta,ssp245,52.3
2015-12,Balochistan,Quetta,ssp245,53.1
2016-01,Balochistan,Quetta,ssp245,62.3
2016-02,Balochistan,Quetta,ssp245,94.4
2016-03,Balochistan,Quetta,ssp245,87.3
2016-04,Balochistan,Quetta,ssp245,118.1
2016-05,Balochistan,Quetta,ssp245,107.9
2016-06,Balochistan,Quetta,ssp245,94.6
2016-07,Balochistan,Quetta,ssp245,69.9
2016-08,Balochistan,Quetta,ssp245,66.0
2016-09,Balochistan,Quetta,ssp245,55.5
2016-10,Balochistan,Quetta,ssp245,53.2
2016-11,Balochistan,Quetta,ssp245,32.3
2016-12,Balochistan,Quetta,ssp245,64.7
2017-01,Balochistan,Quetta,ssp245,46.4
2017-02,Balochistan,Quetta,ssp245,93.6
2017-03,Balochistan,Quetta,ssp245,136.5
2017-04,Balochistan,Quetta,ssp245,91.9
2017-05,Balochistan,Quetta,ssp245,90.6
2017-06,Balochistan,Quetta,ssp245,103.8
2017-07,Balochistan,Quetta,ssp245,67.0
2017-08,Balochistan,Quetta,ssp245,50.9
2017-09,Balochistan,Quetta,ssp245,52.3
2017-10,Balochistan,Quetta,ssp245,54.2
2017-11,Balochistan,Quetta,ssp245,68.0
2017-12,Balochistan,Quetta,ssp245,59.2
2018-01,Balochistan,Quetta,ssp245,70.8
2018-02,Balochistan,Quetta,ssp245,89.2
2018-03,Balochistan,Quetta,ssp245,92.9
2018-04,Balochistan,Quetta,ssp245,110.7
2018-05,Balochistan,Quetta,ssp245,122.2
2018-06,Balochistan,Quetta,ssp245,81.5
2018-07,Balochistan,Quetta,ssp245,63.5
2018-08,Balochistan,Quetta,ssp245,65.4
2018-09,Balochistan,Quetta,ssp245,48.4
2018-10,Balochistan,Quetta,ssp245,33.0
2018-11,Balochistan,Quetta,ssp245,38.0
2018-12,Balochistan,Quetta,ssp245,40.6
2019-01,Balochistan,Quetta,ssp245,79.3
2019-02,Balochistan,Quetta,ssp245,83.4
2019-03,Balochistan,Quetta,ssp245,128.9
2019-04,Balochistan,Quetta,ssp245,113.0
2019-05,Balochistan,Quetta,ssp245,89.6
2019-06,Balochistan,Quetta,ssp245,78.7
2019-07,Balochistan,Quetta,ssp245,74.2
2019-08,Balochistan,Quetta,ssp245,48.2
2019-09,Balochistan,Quetta,ssp245,56.4
2019-10,Balochistan,Quetta,ssp245,69.4
2019-11,Balochistan,Quetta,ssp245,53.2
2019-12,Balochistan,Quetta,ssp245,57.9
2020-01,Balochistan,Quetta,ssp245,53.5
2020-02,Balochistan,Quetta,ssp245,74.1
2020-03,Balochistan,Quetta,ssp245,105.9
2020-04,Balochistan,Quetta,ssp245,106.6
2020-05,Balochistan,Quetta,ssp245,107.5
2020-06,Balochistan,Quetta,ssp245,75.1
2020-07,Balochistan,Quetta,ssp245,93.9
2020-08,Balochistan,Quetta,ssp245,61.2
2020-09,Balochistan,Quetta,ssp245,32.6
2020-10,Balochistan,Quetta,ssp245,39.4
2020-11,Balochistan,Quetta,ssp245,49.6
2020-12,Balochistan,Quetta,ssp245,67.6
2021-01,Balochistan,Quetta,ssp245,58.8
2021-02,Balochistan,Quetta,ssp245,108.0
2021-03,Balochistan,Quetta,ssp245,105.5
2021-04,Balochistan,Quetta,ssp245,121.3
2021-05,Balochistan,Quetta,ssp245,126.0
2021-06,Balochistan,Quetta,ssp245,91.9
2021-07,Balochistan,Quetta,ssp245,73.7
2021-08,Balochistan,Quetta,ssp245,77.3
2021-09,Balochistan,Quetta,ssp245,35.1
2021-10,Balochistan,Quetta,ssp245,71.1
2021-11,Balochistan,Quetta,ssp245,58.8
2021-12,Balochistan,Quetta,ssp245,63.6
2022-01,Balochistan,Quetta,ssp245,67.2
2022-02,Balochistan,Quetta,ssp245,78.3
2022-03,Balochistan,Quetta,ssp245,102.3
2022-04,Balochistan,Quetta,ssp245,116.8
2022-05,Balochistan,Quetta,ssp245,106.5
2022-06,Balochistan,Quetta,ssp245,64.6
2022-07,Balochistan,Quetta,ssp245,74.0
2022-08,Balochistan,Quetta,ssp245,77.4
2022-09,Balochistan,Quetta,ssp245,86.2
2022-10,Balochistan,Quetta,ssp245,54.8
2022-11,Balochistan,Quetta,ssp245,65.9
2022-12,Balochistan,Quetta,ssp245,70.6
2023-01,Balochistan,Quetta,ssp245,78.4
2023-02,Balochistan,Quetta,ssp245,81.5
2023-03,Balochistan,Quetta,ssp245,94.7
2023-04,Balochistan,Quetta,ssp245,92.5
2023-05,Balochistan,Quetta,ssp245,114.3
2023-06,Balochistan,Quetta,ssp245,109.9
2023-07,Balochistan,Quetta,ssp245,81.9
2023-08,Balochistan,Quetta,ssp245,62.2
2023-09,Balochistan,Quetta,ssp245,75.5
2023-10,Balochistan,Quetta,ssp245,89.0
2023-11,Balochistan,Quetta,ssp245,37.0
2023-12,Balochistan,Quetta,ssp245,79.3
2024-01,Balochistan,Quetta,ssp245,87.0
2024-02,Balochistan,Quetta,ssp245,103.1
2024-03,Balochistan,Quetta,ssp245,118.3
2024-04,Balochistan,Quetta,ssp245,133.8
2024-05,Balochistan,Quetta,ssp245,106.9
2024-06,Balochistan,Quetta,ssp245,129.1
2024-07,Balochistan,Quetta,ssp245,69.0
2024-08,Balochistan,Quetta,ssp245,82.8
2024-09,Balochistan,Quetta,ssp245,42.3
2024-10,Balochistan,Quetta,ssp245,38.9
2024-11,Balochistan,Quetta,ssp245,68.4
2024-12,Balochistan,Quetta,ssp245,82.6
2025-01,Balochistan,Quetta,ssp245,77.9
2025-02,Balochistan,Quetta,ssp245,107.4
2025-03,Balochistan,Quetta,ssp245,99.3
2025-04,Balochistan,Quetta,ssp245,128.8
2025-05,Balochistan,Quetta,ssp245,88.9
2025-06,Balochistan,Quetta,ssp245,102.8
2025-07,Balochistan,Quetta,ssp245,90.5
2025-08,Balochistan,Quetta,ssp245,76.0
2025-09,Balochistan,Quetta,ssp245,63.3
2025-10,Balochistan,Quetta,ssp245,58.1
2025-11,Balochistan,Quetta,ssp245,27.3
2025-12,Balochistan,Quetta,ssp245,52.8
2026-01,Balochistan,Quetta,ssp245,101.0
2026-02,Balochistan,Quetta,ssp245,110.3
2026-03,Balochistan,Quetta,ssp245,129.5
2026-04,Balochistan,Quetta,ssp245,115.0
2026-05,Balochistan,Quetta,ssp245,134.3
2026-06,Balochistan,Quetta,ssp245,98.9
2026-07,Balochistan,Quetta,ssp245,101.9
2026-08,Balochistan,Quetta,ssp245,67.5
2026-09,Balochistan,Quetta,ssp245,56.5
2026-10,Balochistan,Quetta,ssp245,73.4
2026-11,Balochistan,Quetta,ssp245,44.1
2026-12,Balochistan,Quetta,ssp245,95.8
2027-01,Balochistan,Quetta,ssp245,113.8
2027-02,Balochistan,Quetta,ssp245,101.4
2027-03,Balochistan,Quetta,ssp245,130.8
2027-04,Balochistan,Quetta,ssp245,107.6
2027-05,Balochistan,Quetta,ssp245,108.1
2027-06,Balochistan,Quetta,ssp245,105.1
2027-07,Balochistan,Quetta,ssp245,80.6
2027-08,Balochistan,Quetta,ssp245,84.9
2027-09,Balochistan,Quetta,ssp245,77.8
2027-10,Balochistan,Quetta,ssp245,70.8
2027-11,Balochistan,Quetta,ssp245,58.2
2027-12,Balochistan,Quetta,ssp245,54.0
2028-01,Balochistan,Quetta,ssp245,94.7
2028-02,Balochistan,Quetta,ssp245,97.5
2028-03,Balochistan,Quetta,ssp245,89.7
2028-04,Balochistan,Quetta,ssp245,99.2
2028-05,Balochistan,Quetta,ssp245,108.6
2028-06,Balochistan,Quetta,ssp245,124.2
2028-07,Balochistan,Quetta,ssp245,94.7
2028-08,Balochistan,Quetta,ssp245,63.6
2028-09,Balochistan,Quetta,ssp245,51.0
2028-10,Balochistan,Quetta,ssp245,48.7
2028-11,Balochistan,Quetta,ssp245,52.0
2028-12,Balochistan,Quetta,ssp245,78.5
2029-01,Balochistan,Quetta,ssp245,105.5
2029-02,Balochistan,Quetta,ssp245,141.4
2029-03,Balochistan,Quetta,ssp245,138.1
2029-04,Balochistan,Quetta,ssp245,110.3
2029-05,Balochistan,Quetta,ssp245,126.7
2029-06,Balochistan,Quetta,ssp245,105.1
2029-07,Balochistan,Quetta,ssp245,114.8
2029-08,Balochistan,Quetta,ssp245,84.2
2029-09,Balochistan,Quetta,ssp245,60.2
2029-10,Balochistan,Quetta,ssp245,77.1
2029-11,Balochistan,Quetta,ssp245,56.2
2029-12,Balochistan,Quetta,ssp245,68.4
2030-01,Balochistan,Quetta,ssp245,86.4
2030-02,Balochistan,Quetta,ssp245,100.6
2030-03,Balochistan,Quetta,ssp245,85.1
2030-04,Balochistan,Quetta,ssp245,132.2
2030-05,Balochistan,Quetta,ssp245,151.9
2030-06,Balochistan,Quetta,ssp245,87.3
2030-07,Balochistan,Quetta,ssp245,110.3
2030-08,Balochistan,Quetta,ssp245,54.1
2030-09,Balochistan,Quetta,ssp245,66.9
2030-10,Balochistan,Quetta,ssp245,52.9
2030-11,Balochistan,Quetta,ssp245,70.9
2030-12,Balochistan,Quetta,ssp245,85.5
2031-01,Balochistan,Quetta,ssp245,73.6
2031-02,Balochistan,Quetta,ssp245,103.0
2031-03,Balochistan,Quetta,ssp245,125.6
2031-04,Balochistan,Quetta,ssp245,105.9
2031-05,Balochistan,Quetta,ssp245,132.8
2031-06,Balochistan,Quetta,ssp245,123.7
2031-07,Balochistan,Quetta,ssp245,85.6
2031-08,Balochistan,Quetta,ssp245,98.7
2031-09,Balochistan,Quetta,ssp245,41.8
2031-10,Balochistan,Quetta,ssp245,56.9
2031-11,Balochistan,Quetta,ssp245,76.7
2031-12,Balochistan,Quetta,ssp245,92.4
2032-01,Balochistan,Quetta,ssp245,108.2
2032-02,Balochistan,Quetta,ssp245,120.0
2032-03,Balochistan,Quetta,ssp245,116.8
2032-04,Balochistan,Quetta,ssp245,129.6
2032-05,Balochistan,Quetta,ssp245,116.8
2032-06,Balochistan,Quetta,ssp245,86.0
2032-07,Balochistan,Quetta,ssp245,105.9
2032-08,Balochistan,Quetta,ssp245,87.8
2032-09,Balochistan,Quetta,ssp245,68.2
2032-10,Balochistan,Quetta,ssp245,58.4
2032-11,Balochistan,Quetta,ssp245,97.5
2032-12,Balochistan,Quetta,ssp245,67.1
2033-01,Balochistan,Quetta,ssp245,94.7
2033-02,Balochistan,Quetta,ssp245,97.4
2033-03,Balochistan,Quetta,ssp245,116.4
2033-04,Balochistan,Quetta,ssp245,136.8
2033-05,Balochistan,Quetta,ssp245,123.1
2033-06,Balochistan,Quetta,ssp245,103.3
2033-07,Balochistan,Quetta,ssp245,105.6
2033-08,Balochistan,Quetta,ssp245,93.8
2033-09,Balochistan,Quetta,ssp245,70.0
2033-10,Balochistan,Quetta,ssp245,61.4
2033-11,Balochistan,Quetta,ssp245,61.0
2033-12,Balochistan,Quetta,ssp245,54.5
2034-01,Balochistan,Quetta,ssp245,116.4
2034-02,Balochistan,Quetta,ssp245,98.3
2034-03,Balochistan,Quetta,ssp245,101.9
2034-04,Balochistan,Quetta,ssp245,109.9
2034-05,Balochistan,Quetta,ssp245,102.3
2034-06,Balochistan,Quetta,ssp245,124.1
2034-07,Balochistan,Quetta,ssp245,93.9
2034-08,Balochistan,Quetta,ssp245,68.0
2034-09,Balochistan,Quetta,ssp245,60.6
2034-10,Balochistan,Quetta,ssp245,54.4
2034-11,Balochistan,Quetta,ssp245,87.9
2034-12,Balochistan,Quetta,ssp245,62.0
2035-01,Balochistan,Quetta,ssp245,96.8
2035-02,Balochistan,Quetta,ssp245,116.0
2035-03,Balochistan,Quetta,ssp245,124.3
2035-04,Balochistan,Quetta,ssp245,126.0
2035-05,Balochistan,Quetta,ssp245,117.3
2035-06,Balochistan,Quetta,ssp245,76.5
2035-07,Balochistan,Quetta,ssp245,95.9
2035-08,Balochistan,Quetta,ssp245,75.7
2035-09,Balochistan,Quetta,ssp245,54.4
2035-10,Balochistan,Quetta,ssp245,89.7
2035-11,Balochistan,Quetta,ssp245,90.7
2035-12,Balochistan,Quetta,ssp245,77.8
2036-01,Balochistan,Quetta,ssp245,101.6
2036-02,Balochistan,Quetta,ssp245,110.2
2036-03,Balochistan,Quetta,ssp245,93.6
2036-04,Balochistan,Quetta,ssp245,117.7
2036-05,Balochistan,Quetta,ssp245,132.5
2036-06,Balochistan,Quetta,ssp245,108.9
2036-07,Balochistan,Quetta,ssp245,83.0
2036-08,Balochistan,Quetta,ssp245,99.5
2036-09,Balochistan,Quetta,ssp245,78.8
2036-10,Balochistan,Quetta,ssp245,54.1
2036-11,Balochistan,Quetta,ssp245,66.0
2036-12,Balochistan,Quetta,ssp245,78.0
2037-01,Balochistan,Quetta,ssp245,83.7
2037-02,Balochistan,Quetta,ssp245,121.8
2037-03,Balochistan,Quetta,ssp245,113.4
2037-04,Balochistan,Quetta,ssp245,126.7
2037-05,Balochistan,Quetta,ssp245,146.2
2037-06,Balochistan,Quetta,ssp245,102.0
2037-07,Balochistan,Quetta,ssp245,82.5
2037-08,Balochistan,Quetta,ssp245,84.6
2037-09,Balochistan,Quetta,ssp245,68.5
2037-10,Balochistan,Quetta,ssp245,66.6
2037-11,Balochistan,Quetta,ssp245,62.2
2037-12,Balochistan,Quetta,ssp245,63.2
2038-01,Balochistan,Quetta,ssp245,93.0
2038-02,Balochistan,Quetta,ssp245,93.9
2038-03,Balochistan,Quetta,ssp245,106.5
2038-04,Balochistan,Quetta,ssp245,165.5
2038-05,Balochistan,Quetta,ssp245,156.2
2038-06,Balochistan,Quetta,ssp245,145.7
2038-07,Balochistan,Quetta,ssp245,94.6
2038-08,Balochistan,Quetta,ssp245,70.2
2038-09,Balochistan,Quetta,ssp245,83.6
2038-10,Balochistan,Quetta,ssp245,57.8
2038-11,Balochistan,Quetta,ssp245,72.1
2038-12,Balochistan,Quetta,ssp245,72.8
2039-01,Balochistan,Quetta,ssp245,112.0
2039-02,Balochistan,Quetta,ssp245,111.5
2039-03,Balochistan,Quetta,ssp245,127.5
2039-04,Balochistan,Quetta,ssp245,118.1
2039-05,Balochistan,Quetta,ssp245,120.3
2039-06,Balochistan,Quetta,ssp245,87.9
2039-07,Balochistan,Quetta,ssp245,98.5
2039-08,Balochistan,Quetta,ssp245,82.1
2039-09,Balochistan,Quetta,ssp245,82.6
2039-10,Balochistan,Quetta,ssp245,66.6
2039-11,Balochistan,Quetta,ssp245,62.9
2039-12,Balochistan,Quetta,ssp245,87.9
2040-01,Balochistan,Quetta,ssp245,120.9
2040-02,Balochistan,Quetta,ssp245,112.0
2040-03,Balochistan,Quetta,ssp245,148.9
2040-04,Balochistan,Quetta,ssp245,92.5
2040-05,Balochistan,Quetta,ssp245,111.9
2040-06,Balochistan,Quetta,ssp245,110.5
2040-07,Balochistan,Quetta,ssp245,82.2
2040-08,Balochistan,Quetta,ssp245,49.1
2040-09,Balochistan,Quetta,ssp245,78.4
2040-10,Balochistan,Quetta,ssp245,60.2
2040-11,Balochistan,Quetta,ssp245,66.6
2040-12,Balochistan,Quetta,ssp245,85.8
2041-01,Balochistan,Quetta,ssp245,98.3
2041-02,Balochistan,Quetta,ssp245,106.2
2041-03,Balochistan,Quetta,ssp245,133.6
2041-04,Balochistan,Quetta,ssp245,117.5
2041-05,Balochistan,Quetta,ssp245,141.0
2041-06,Balochistan,Quetta,ssp245,132.4
2041-07,Balochistan,Quetta,ssp245,79.6
2041-08,Balochistan,Quetta,ssp245,76.2
2041-09,Balochistan,Quetta,ssp245,91.6
2041-10,Balochistan,Quetta,ssp245,57.3
2041-11,Balochistan,Quetta,ssp245,70.7
2041-12,Balochistan,Quetta,ssp245,91.0
2042-01,Balochistan,Quetta,ssp245,116.4
2042-02,Balochistan,Quetta,ssp245,132.4
2042-03,Balochistan,Quetta,ssp245,123.8
2042-04,Balochistan,Quetta,ssp245,137.1
2042-05,Balochistan,Quetta,ssp245,130.6
2042-06,Balochistan,Quetta,ssp245,139.1
2042-07,Balochistan,Quetta,ssp245,102.6
2042-08,Balochistan,Quetta,ssp245,87.5
2042-09,Balochistan,Quetta,ssp245,76.9
2042-10,Balochistan,Quetta,ssp245,57.9
2042-11,Balochistan,Quetta,ssp245,61.5
2042-12,Balochistan,Quetta,ssp245,52.0
2043-01,Balochistan,Quetta,ssp245,123.9
2043-02,Balochistan,Quetta,ssp245,144.4
2043-03,Balochistan,Quetta,ssp245,102.6
2043-04,Balochistan,Quetta,ssp245,142.4
2043-05,Balochistan,Quetta,ssp245,132.6
2043-06,Balochistan,Quetta,ssp245,114.3
2043-07,Balochistan,Quetta,ssp245,112.5
2043-08,Balochistan,Quetta,ssp245,88.9
2043-09,Balochistan,Quetta,ssp245,117.8
2043-10,Balochistan,Quetta,ssp245,89.8
2043-11,Balochistan,Quetta,ssp245,69.7
2043-12,Balochistan,Quetta,ssp245,75.4
2044-01,Balochistan,Quetta,ssp245,123.6
2044-02,Balochistan,Quetta,ssp245,114.1
2044-03,Balochistan,Quetta,ssp245,124.7
2044-04,Balochistan,Quetta,ssp245,133.5
2044-05,Balochistan,Quetta,ssp245,128.9
2044-06,Balochistan,Quetta,ssp245,134.4
2044-07,Balochistan,Quetta,ssp245,91.5
2044-08,Balochistan,Quetta,ssp245,59.0
2044-09,Balochistan,Quetta,ssp245,73.7
2044-10,Balochistan,Quetta,ssp245,66.9
2044-11,Balochistan,Quetta,ssp245,72.8
2044-12,Balochistan,Quetta,ssp245,68.3
2045-01,Balochistan,Quetta,ssp245,92.0
2045-02,Balochistan,Quetta,ssp245,98.3
2045-03,Balochistan,Quetta,ssp245,142.2
2045-04,Balochistan,Quetta,ssp245,117.1
2045-05,Balochistan,Quetta,ssp245,125.7
2045-06,Balochistan,Quetta,ssp245,139.3
2045-07,Balochistan,Quetta,ssp245,100.9
2045-08,Balochistan,Quetta,ssp245,97.5
2045-09,Balochistan,Quetta,ssp245,96.6
2045-10,Balochistan,Quetta,ssp245,87.0
2045-11,Balochistan,Quetta,ssp245,74.5
2045-12,Balochistan,Quetta,ssp245,78.0
2046-01,Balochistan,Quetta,ssp245,124.3
2046-02,Balochistan,Quetta,ssp245,122.4
2046-03,Balochistan,Quetta,ssp245,119.6
2046-04,Balochistan,Quetta,ssp245,128.4
2046-05,Balochistan,Quetta,ssp245,129.1
2046-06,Balochistan,Quetta,ssp245,95.1
2046-07,Balochistan,Quetta,ssp245,113.4
2046-08,Balochistan,Quetta,ssp245,107.9
2046-09,Balochistan,Quetta,ssp245,74.3
2046-10,Balochistan,Quetta,ssp245,68.1
2046-11,Balochistan,Quetta,ssp245,77.8
2046-12,Balochistan,Quetta,ssp245,90.8
2047-01,Balochistan,Quetta,ssp245,135.4
2047-02,Balochistan,Quetta,ssp245,132.6
2047-03,Balochistan,Quetta,ssp245,133.2
2047-04,Balochistan,Quetta,ssp245,125.7
2047-05,Balochistan,Quetta,ssp245,131.9
2047-06,Balochistan,Quetta,ssp245,118.4
2047-07,Balochistan,Quetta,ssp245,91.3
2047-08,Balochistan,Quetta,ssp245,88.2
2047-09,Balochistan,Quetta,ssp245,90.6
2047-10,Balochistan,Quetta,ssp245,65.9
2047-11,Balochistan,Quetta,ssp245,66.1
2047-12,Balochistan,Quetta,ssp245,92.3
2048-01,Balochistan,Quetta,ssp245,102.5
2048-02,Balochistan,Quetta,ssp245,97.5
2048-03,Balochistan,Quetta,ssp245,148.3
2048-04,Balochistan,Quetta,ssp245,151.8
2048-05,Balochistan,Quetta,ssp245,161.0
2048-06,Balochistan,Quetta,ssp245,115.6
2048-07,Balochistan,Quetta,ssp245,116.6
2048-08,Balochistan,Quetta,ssp245,112.4
2048-09,Balochistan,Quetta,ssp245,93.0
2048-10,Balochistan,Quetta,ssp245,98.0
2048-11,Balochistan,Quetta,ssp245,87.8
2048-12,Balochistan,Quetta,ssp245,88.7
2049-01,Balochistan,Quetta,ssp245,115.6
2049-02,Balochistan,Quetta,ssp245,129.5
2049-03,Balochistan,Quetta,ssp245,142.1
2049-04,Balochistan,Quetta,ssp245,151.6
2049-05,Balochistan,Quetta,ssp245,134.9
2049-06,Balochistan,Quetta,ssp245,119.9
2049-07,Balochistan,Quetta,ssp245,126.1
2049-08,Balochistan,Quetta,ssp245,94.0
2049-09,Balochistan,Quetta,ssp245,74.8
2049-10,Balochistan,Quetta,ssp245,96.1
2049-11,Balochistan,Quetta,ssp245,56.6
2049-12,Balochistan,Quetta,ssp245,112.2
2050-01,Balochistan,Quetta,ssp245,121.9
2050-02,Balochistan,Quetta,ssp245,123.6
2050-03,Balochistan,Quetta,ssp245,149.5
2050-04,Balochistan,Quetta,ssp245,131.6
2050-05,Balochistan,Quetta,ssp245,137.9
2050-06,Balochistan,Quetta,ssp245,103.7
2050-07,Balochistan,Quetta,ssp245,93.2
2050-08,Balochistan,Quetta,ssp245,103.3
2050-09,Balochistan,Quetta,ssp245,81.5
2050-10,Balochistan,Quetta,ssp245,67.7
2050-11,Balochistan,Quetta,ssp245,100.5
2050-12,Balochistan,Quetta,ssp245,96.3
2051-01,Balochistan,Quetta,ssp245,101.6
2051-02,Balochistan,Quetta,ssp245,122.2
2051-03,Balochistan,Quetta,ssp245,155.6
2051-04,Balochistan,Quetta,ssp245,153.3
2051-05,Balochistan,Quetta,ssp245,135.4
2051-06,Balochistan,Quetta,ssp245,133.9
2051-07,Balochistan,Quetta,ssp245,103.3
2051-08,Balochistan,Quetta,ssp245,123.3
2051-09,Balochistan,Quetta,ssp245,106.6
2051-10,Balochistan,Quetta,ssp245,79.7
2051-11,Balochistan,Quetta,ssp245,91.2
2051-12,Balochistan,Quetta,ssp245,111.3
2052-01,Balochistan,Quetta,ssp245,125.5
2052-02,Balochistan,Quetta,ssp245,139.6
2052-03,Balochistan,Quetta,ssp245,145.0
2052-04,Balochistan,Quetta,ssp245,144.0
2052-05,Balochistan,Quetta,ssp245,113.2
2052-06,Balochistan,Quetta,ssp245,146.3
2052-07,Balochistan,Quetta,ssp245,107.7
2052-08,Balochistan,Quetta,ssp245,102.4
2052-09,Balochistan,Quetta,ssp245,88.8
2052-10,Balochistan,Quetta,ssp245,100.5
2052-11,Balochistan,Quetta,ssp245,83.4
2052-12,Balochistan,Quetta,ssp245,83.0
2053-01,Balochistan,Quetta,ssp245,133.5
2053-02,Balochistan,Quetta,ssp245,136.2
2053-03,Balochistan,Quetta,ssp245,158.1
2053-04,Balochistan,Quetta,ssp245,139.5
2053-05,Balochistan,Quetta,ssp245,141.3
2053-06,Balochistan,Quetta,ssp245,139.4
2053-07,Balochistan,Quetta,ssp245,99.1
2053-08,Balochistan,Quetta,ssp245,78.2
2053-09,Balochistan,Quetta,ssp245,78.6
2053-10,Balochistan,Quetta,ssp245,77.7
2053-11,Balochistan,Quetta,ssp245,115.3
2053-12,Balochistan,Quetta,ssp245,136.3
2054-01,Balochistan,Quetta,ssp245,110.9
2054-02,Balochistan,Quetta,ssp245,128.7
2054-03,Balochistan,Quetta,ssp245,132.9
2054-04,Balochistan,Quetta,ssp245,137.6
2054-05,Balochistan,Quetta,ssp245,142.3
2054-06,Balochistan,Quetta,ssp245,132.5
2054-07,Balochistan,Quetta,ssp245,109.4
2054-08,Balochistan,Quetta,ssp245,99.4
2054-09,Balochistan,Quetta,ssp245,82.7
2054-10,Balochistan,Quetta,ssp245,77.3
2054-11,Balochistan,Quetta,ssp245,85.7
2054-12,Balochistan,Quetta,ssp245,111.0
2055-01,Balochistan,Quetta,ssp245,121.6
2055-02,Balochistan,Quetta,ssp245,121.0
2055-03,Balochistan,Quetta,ssp245,151.9
2055-04,Balochistan,Quetta,ssp245,142.9
2055-05,Balochistan,Quetta,ssp245,151.9
2055-06,Balochistan,Quetta,ssp245,126.0
2055-07,Balochistan,Quetta,ssp245,140.6
2055-08,Balochistan,Quetta,ssp245,121.5
2055-09,Balochistan,Quetta,ssp245,102.3
2055-10,Balochistan,Quetta,ssp245,108.8
2055-11,Balochistan,Quetta,ssp245,83.2
2055-12,Balochistan,Quetta,ssp245,126.6
2056-01,Balochistan,Quetta,ssp245,98.6
2056-02,Balochistan,Quetta,ssp245,130.5
2056-03,Balochistan,Quetta,ssp245,130.7
2056-04,Balochistan,Quetta,ssp245,116.2
2056-05,Balochistan,Quetta,ssp245,121.2
2056-06,Balochistan,Quetta,ssp245,123.5
2056-07,Balochistan,Quetta,ssp245,123.1
2056-08,Balochistan,Quetta,ssp245,97.7
2056-09,Balochistan,Quetta,ssp245,106.2
2056-10,Balochistan,Quetta,ssp245,84.9
2056-11,Balochistan,Quetta,ssp245,80.2
2056-12,Balochistan,Quetta,ssp245,122.2
2057-01,Balochistan,Quetta,ssp245,133.7
2057-02,Balochistan,Quetta,ssp245,126.8
2057-03,Balochistan,Quetta,ssp245,117.6
2057-04,Balochistan,Quetta,ssp245,128.6
2057-05,Balochistan,Quetta,ssp245,133.1
2057-06,Balochistan,Quetta,ssp245,131.7
2057-07,Balochistan,Quetta,ssp245,134.0
2057-08,Balochistan,Quetta,ssp245,104.8
2057-09,Balochistan,Quetta,ssp245,98.1
2057-10,Balochistan,Quetta,ssp245,96.5
2057-11,Balochistan,Quetta,ssp245,77.6
2057-12,Balochistan,Quetta,ssp245,119.9
2058-01,Balochistan,Quetta,ssp245,139.0
2058-02,Balochistan,Quetta,ssp245,138.6
2058-03,Balochistan,Quetta,ssp245,162.9
2058-04,Balochistan,Quetta,ssp245,141.4
2058-05,Balochistan,Quetta,ssp245,141.5
2058-06,Balochistan,Quetta,ssp245,150.8
2058-07,Balochistan,Quetta,ssp245,115.8
2058-08,Balochistan,Quetta,ssp245,96.2
2058-09,Balochistan,Quetta,ssp245,120.0
2058-10,Balochistan,Quetta,ssp245,89.3
2058-11,Balochistan,Quetta,ssp245,83.9
2058-12,Balochistan,Quetta,ssp245,104.9
2059-01,Balochistan,Quetta,ssp245,88.6
2059-02,Balochistan,Quetta,ssp245,146.9
2059-03,Balochistan,Quetta,ssp245,161.1
2059-04,Balochistan,Quetta,ssp245,128.4
2059-05,Balochistan,Quetta,ssp245,132.9
2059-06,Balochistan,Quetta,ssp245,158.6
2059-07,Balochistan,Quetta,ssp245,132.7
2059-08,Balochistan,Quetta,ssp245,101.1
2059-09,Balochistan,Quetta,ssp245,93.6
2059-10,Balochistan,Quetta,ssp245,98.0
2059-11,Balochistan,Quetta,ssp245,116.0
2059-12,Balochistan,Quetta,ssp245,116.9
2060-01,Balochistan,Quetta,ssp245,127.5
2060-02,Balochistan,Quetta,ssp245,130.3
2060-03,Balochistan,Quetta,ssp245,164.8
2060-04,Balochistan,Quetta,ssp245,155.0
2060-05,Balochistan,Quetta,ssp245,127.9
2060-06,Balochistan,Quetta,ssp245,128.0
2060-07,Balochistan,Quetta,ssp245,145.4
2060-08,Balochistan,Quetta,ssp245,81.2
2060-09,Balochistan,Quetta,ssp245,82.0
2060-10,Balochistan,Quetta,ssp245,101.1
2060-11,Balochistan,Quetta,ssp245,95.1
2060-12,Balochistan,Quetta,ssp245,91.1
2061-01,Balochistan,Quetta,ssp245,71.4
2061-02,Balochistan,Quetta,ssp245,129.5
2061-03,Balochistan,Quetta,ssp245,160.6
2061-04,Balochistan,Quetta,ssp245,133.7
2061-05,Balochistan,Quetta,ssp245,128.1
2061-06,Balochistan,Quetta,ssp245,145.3
2061-07,Balochistan,Quetta,ssp245,140.7
2061-08,Balochistan,Quetta,ssp245,95.3
2061-09,Balochistan,Quetta,ssp245,93.0
2061-10,Balochistan,Quetta,ssp245,73.0
2061-11,Balochistan,Quetta,ssp245,98.0
2061-12,Balochistan,Quetta,ssp245,97.5
2062-01,Balochistan,Quetta,ssp245,119.1
2062-02,Balochistan,Quetta,ssp245,100.7
2062-03,Balochistan,Quetta,ssp245,157.9
2062-04,Balochistan,Quetta,ssp245,122.8
2062-05,Balochistan,Quetta,ssp245,126.3
2062-06,Balochistan,Quetta,ssp245,132.0
2062-07,Balochistan,Quetta,ssp245,93.7
2062-08,Balochistan,Quetta,ssp245,85.9
2062-09,Balochistan,Quetta,ssp245,85.6
2062-10,Balochistan,Quetta,ssp245,69.5
2062-11,Balochistan,Quetta,ssp245,89.1
2062-12,Balochistan,Quetta,ssp245,107.5
2063-01,Balochistan,Quetta,ssp245,146.4
2063-02,Balochistan,Quetta,ssp245,148.3
2063-03,Balochistan,Quetta,ssp245,111.5
2063-04,Balochistan,Quetta,ssp245,146.7
2063-05,Balochistan,Quetta,ssp245,134.0
2063-06,Balochistan,Quetta,ssp245,142.8
2063-07,Balochistan,Quetta,ssp245,118.2
2063-08,Balochistan,Quetta,ssp245,114.5
2063-09,Balochistan,Quetta,ssp245,108.9
2063-10,Balochistan,Quetta,ssp245,90.8
2063-11,Balochistan,Quetta,ssp245,76.7
2063-12,Balochistan,Quetta,ssp245,104.1
2064-01,Balochistan,Quetta,ssp245,132.2
2064-02,Balochistan,Quetta,ssp245,145.0
2064-03,Balochistan,Quetta,ssp245,144.3
2064-04,Balochistan,Quetta,ssp245,160.0
2064-05,Balochistan,Quetta,ssp245,145.7
2064-06,Balochistan,Quetta,ssp245,119.2
2064-07,Balochistan,Quetta,ssp245,126.4
2064-08,Balochistan,Quetta,ssp245,122.2
2064-09,Balochistan,Quetta,ssp245,119.1
2064-10,Balochistan,Quetta,ssp245,89.0
2064-11,Balochistan,Quetta,ssp245,102.6
2064-12,Balochistan,Quetta,ssp245,107.5
2065-01,Balochistan,Quetta,ssp245,105.5
2065-02,Balochistan,Quetta,ssp245,142.4
2065-03,Balochistan,Quetta,ssp245,134.8
2065-04,Balochistan,Quetta,ssp245,152.6
2065-05,Balochistan,Quetta,ssp245,138.7
2065-06,Balochistan,Quetta,ssp245,130.0
2065-07,Balochistan,Quetta,ssp245,124.0
2065-08,Balochistan,Quetta,ssp245,112.6
2065-09,Balochistan,Quetta,ssp245,108.6
2065-10,Balochistan,Quetta,ssp245,92.4
2065-11,Balochistan,Quetta,ssp245,97.9
2065-12,Balochistan,Quetta,ssp245,116.9
2066-01,Balochistan,Quetta,ssp245,119.5
2066-02,Balochistan,Quetta,ssp245,139.2
2066-03,Balochistan,Quetta,ssp245,140.8
2066-04,Balochistan,Quetta,ssp245,151.8
2066-05,Balochistan,Quetta,ssp245,160.6
2066-06,Balochistan,Quetta,ssp245,150.6
2066-07,Balochistan,Quetta,ssp245,137.3
2066-08,Balochistan,Quetta,ssp245,129.5
2066-09,Balochistan,Quetta,ssp245,104.8
2066-10,Balochistan,Quetta,ssp245,113.0
2066-11,Balochistan,Quetta,ssp245,98.3
2066-12,Balochistan,Quetta,ssp245,126.9
2067-01,Balochistan,Quetta,ssp245,136.9
2067-02,Balochistan,Quetta,ssp245,163.2
2067-03,Balochistan,Quetta,ssp245,161.5
2067-04,Balochistan,Quetta,ssp245,163.0
2067-05,Balochistan,Quetta,ssp245,154.4
2067-06,Balochistan,Quetta,ssp245,133.1
2067-07,Balochistan,Quetta,ssp245,117.7
2067-08,Balochistan,Quetta,ssp245,125.3
2067-09,Balochistan,Quetta,ssp245,85.6
2067-10,Balochistan,Quetta,ssp245,122.0
2067-11,Balochistan,Quetta,ssp245,106.7
2067-12,Balochistan,Quetta,ssp245,122.4
2068-01,Balochistan,Quetta,ssp245,140.9
2068-02,Balochistan,Quetta,ssp245,144.4
2068-03,Balochistan,Quetta,ssp245,149.6
2068-04,Balochistan,Quetta,ssp245,124.3
2068-05,Balochistan,Quetta,ssp245,156.0
2068-06,Balochistan,Quetta,ssp245,149.1
2068-07,Balochistan,Quetta,ssp245,107.2
2068-08,Balochistan,Quetta,ssp245,117.1
2068-09,Balochistan,Quetta,ssp245,103.1
2068-10,Balochistan,Quetta,ssp245,115.6
2068-11,Balochistan,Quetta,ssp245,80.8
2068-12,Balochistan,Quetta,ssp245,106.9
2069-01,Balochistan,Quetta,ssp245,125.5
2069-02,Balochistan,Quetta,ssp245,129.7
2069-03,Balochistan,Quetta,ssp245,154.4
2069-04,Balochistan,Quetta,ssp245,126.6
2069-05,Balochistan,Quetta,ssp245,120.1
2069-06,Balochistan,Quetta,ssp245,141.8
2069-07,Balochistan,Quetta,ssp245,136.4
2069-08,Balochistan,Quetta,ssp245,103.7
2069-09,Balochistan,Quetta,ssp245,110.7
2069-10,Balochistan,Quetta,ssp245,106.3
2069-11,Balochistan,Quetta,ssp245,113.8
2069-12,Balochistan,Quetta,ssp245,116.7
2070-01,Balochistan,Quetta,ssp245,105.2
2070-02,Balochistan,Quetta,ssp245,142.8
2070-03,Balochistan,Quetta,ssp245,154.5
2070-04,Balochistan,Quetta,ssp245,177.5
2070-05,Balochistan,Quetta,ssp245,131.9
2070-06,Balochistan,Quetta,ssp245,175.2
2070-07,Balochistan,Quetta,ssp245,128.5
2070-08,Balochistan,Quetta,ssp245,101.4
2070-09,Balochistan,Quetta,ssp245,102.5
2070-10,Balochistan,Quetta,ssp245,118.7
2070-11,Balochistan,Quetta,ssp245,107.4
2070-12,Balochistan,Quetta,ssp245,106.0
2071-01,Balochistan,Quetta,ssp245,139.8
2071-02,Balochistan,Quetta,ssp245,157.5
2071-03,Balochistan,Quetta,ssp245,153.8
2071-04,Balochistan,Quetta,ssp245,181.3
2071-05,Balochistan,Quetta,ssp245,183.5
2071-06,Balochistan,Quetta,ssp245,110.1
2071-07,Balochistan,Quetta,ssp245,131.1
2071-08,Balochistan,Quetta,ssp245,143.3
2071-09,Balochistan,Quetta,ssp245,114.5
2071-10,Balochistan,Quetta,ssp245,124.8
2071-11,Balochistan,Quetta,ssp245,115.6
2071-12,Balochistan,Quetta,ssp245,97.3
2072-01,Balochistan,Quetta,ssp245,122.3
2072-02,Balochistan,Quetta,ssp245,144.6
2072-03,Balochistan,Quetta,ssp245,173.4
2072-04,Balochistan,Quetta,ssp245,157.5
2072-05,Balochistan,Quetta,ssp245,148.1
2072-06,Balochistan,Quetta,ssp245,137.4
2072-07,Balochistan,Quetta,ssp245,134.3
2072-08,Balochistan,Quetta,ssp245,121.1
2072-09,Balochistan,Quetta,ssp245,140.6
2072-10,Balochistan,Quetta,ssp245,102.9
2072-11,Balochistan,Quetta,ssp245,91.2
2072-12,Balochistan,Quetta,ssp245,127.2
2073-01,Balochistan,Quetta,ssp245,135.9
2073-02,Balochistan,Quetta,ssp245,148.1
2073-03,Balochistan,Quetta,ssp245,145.6
2073-04,Balochistan,Quetta,ssp245,165.9
2073-05,Balochistan,Quetta,ssp245,148.9
2073-06,Balochistan,Quetta,ssp245,138.4
2073-07,Balochistan,Quetta,ssp245,124.3
2073-08,Balochistan,Quetta,ssp245,132.9
2073-09,Balochistan,Quetta,ssp245,89.3
2073-10,Balochistan,Quetta,ssp245,104.6
2073-11,Balochistan,Quetta,ssp245,105.8
2073-12,Balochistan,Quetta,ssp245,130.0
2074-01,Balochistan,Quetta,ssp245,130.6
2074-02,Balochistan,Quetta,ssp245,159.4
2074-03,Balochistan,Quetta,ssp245,145.8
2074-04,Balochistan,Quetta,ssp245,166.3
2074-05,Balochistan,Quetta,ssp245,160.6
2074-06,Balochistan,Quetta,ssp245,148.1
2074-07,Balochistan,Quetta,ssp245,155.5
2074-08,Balochistan,Quetta,ssp245,127.6
2074-09,Balochistan,Quetta,ssp245,114.1
2074-10,Balochistan,Quetta,ssp245,122.2
2074-11,Balochistan,Quetta,ssp245,115.9
2074-12,Balochistan,Quetta,ssp245,116.9
2075-01,Balochistan,Quetta,ssp245,147.6
2075-02,Balochistan,Quetta,ssp245,178.9
2075-03,Balochistan,Quetta,ssp245,149.7
2075-04,Balochistan,Quetta,ssp245,170.2
2075-05,Balochistan,Quetta,ssp245,159.6
2075-06,Balochistan,Quetta,ssp245,149.2
2075-07,Balochistan,Quetta,ssp245,108.0
2075-08,Balochistan,Quetta,ssp245,112.2
2075-09,Balochistan,Quetta,ssp245,100.0
2075-10,Balochistan,Quetta,ssp245,127.9
2075-11,Balochistan,Quetta,ssp245,95.8
2075-12,Balochistan,Quetta,ssp245,140.1
2076-01,Balochistan,Quetta,ssp245,121.7
2076-02,Balochistan,Quetta,ssp245,146.1
2076-03,Balochistan,Quetta,ssp245,152.8
2076-04,Balochistan,Quetta,ssp245,154.4
2076-05,Balochistan,Quetta,ssp245,136.8
2076-06,Balochistan,Quetta,ssp245,168.4
2076-07,Balochistan,Quetta,ssp245,151.2
2076-08,Balochistan,Quetta,ssp245,138.9
2076-09,Balochistan,Quetta,ssp245,125.8
2076-10,Balochistan,Quetta,ssp245,121.5
2076-11,Balochistan,Quetta,ssp245,129.8
2076-12,Balochistan,Quetta,ssp245,111.6
2077-01,Balochistan,Quetta,ssp245,143.9
2077-02,Balochistan,Quetta,ssp245,169.9
2077-03,Balochistan,Quetta,ssp245,164.4
2077-04,Balochistan,Quetta,ssp245,160.6
2077-05,Balochistan,Quetta,ssp245,147.3
2077-06,Balochistan,Quetta,ssp245,146.1
2077-07,Balochistan,Quetta,ssp245,129.9
2077-08,Balochistan,Quetta,ssp245,81.1
2077-09,Balochistan,Quetta,ssp245,119.9
2077-10,Balochistan,Quetta,ssp245,131.1
2077-11,Balochistan,Quetta,ssp245,122.2
2077-12,Balochistan,Quetta,ssp245,125.8
2078-01,Balochistan,Quetta,ssp245,126.7
2078-02,Balochistan,Quetta,ssp245,147.1
2078-03,Balochistan,Quetta,ssp245,180.1
2078-04,Balochistan,Quetta,ssp245,144.9
2078-05,Balochistan,Quetta,ssp245,192.3
2078-06,Balochistan,Quetta,ssp245,129.7
2078-07,Balochistan,Quetta,ssp245,149.5
2078-08,Balochistan,Quetta,ssp245,114.6
2078-09,Balochistan,Quetta,ssp245,107.9
2078-10,Balochistan,Quetta,ssp245,80.4
2078-11,Balochistan,Quetta,ssp245,127.7
2078-12,Balochistan,Quetta,ssp245,130.3
2079-01,Balochistan,Quetta,ssp245,152.9
2079-02,Balochistan,Quetta,ssp245,144.5
2079-03,Balochistan,Quetta,ssp245,180.2
2079-04,Balochistan,Quetta,ssp245,167.6
2079-05,Balochistan,Quetta,ssp245,159.1
2079-06,Balochistan,Quetta,ssp245,144.8
2079-07,Balochistan,Quetta,ssp245,155.7
2079-08,Balochistan,Quetta,ssp245,130.0
2079-09,Balochistan,Quetta,ssp245,121.1
2079-10,Balochistan,Quetta,ssp245,90.9
2079-11,Balochistan,Quetta,ssp245,114.5
2079-12,Balochistan,Quetta,ssp245,111.1
2080-01,Balochistan,Quetta,ssp245,127.5
2080-02,Balochistan,Quetta,ssp245,126.4
2080-03,Balochistan,Quetta,ssp245,170.6
2080-04,Balochistan,Quetta,ssp245,164.5
2080-05,Balochistan,Quetta,ssp245,162.5
2080-06,Balochistan,Quetta,ssp245,138.9
2080-07,Balochistan,Quetta,ssp245,141.9
2080-08,Balochistan,Quetta,ssp245,111.9
2080-09,Balochistan,Quetta,ssp245,114.9
2080-10,Balochistan,Quetta,ssp245,121.4
2080-11,Balochistan,Quetta,ssp245,121.5
2080-12,Balochistan,Quetta,ssp245,134.5
2081-01,Balochistan,Quetta,ssp245,130.3
2081-02,Balochistan,Quetta,ssp245,126.1
2081-03,Balochistan,Quetta,ssp245,167.2
2081-04,Balochistan,Quetta,ssp245,152.0
2081-05,Balochistan,Quetta,ssp245,158.9
2081-06,Balochistan,Quetta,ssp245,137.1
2081-07,Balochistan,Quetta,ssp245,137.0
2081-08,Balochistan,Quetta,ssp245,136.2
2081-09,Balochistan,Quetta,ssp245,112.4
2081-10,Balochistan,Quetta,ssp245,96.3
2081-11,Balochistan,Quetta,ssp245,119.3
2081-12,Balochistan,Quetta,ssp245,130.9
2082-01,Balochistan,Quetta,ssp245,141.0
2082-02,Balochistan,Quetta,ssp245,158.2
2082-03,Balochistan,Quetta,ssp245,181.6
2082-04,Balochistan,Quetta,ssp245,191.3
2082-05,Balochistan,Quetta,ssp245,174.4
2082-06,Balochistan,Quetta,ssp245,149.7
2082-07,Balochistan,Quetta,ssp245,146.3
2082-08,Balochistan,Quetta,ssp245,108.3
2082-09,Balochistan,Quetta,ssp245,118.2
2082-10,Balochistan,Quetta,ssp245,140.6
2082-11,Balochistan,Quetta,ssp245,117.5
2082-12,Balochistan,Quetta,ssp245,128.0
2083-01,Balochistan,Quetta,ssp245,130.7
2083-02,Balochistan,Quetta,ssp245,170.9
2083-03,Balochistan,Quetta,ssp245,161.2
2083-04,Balochistan,Quetta,ssp245,173.2
2083-05,Balochistan,Quetta,ssp245,160.5
2083-06,Balochistan,Quetta,ssp245,138.5
2083-07,Balochistan,Quetta,ssp245,139.7
2083-08,Balochistan,Quetta,ssp245,114.6
2083-09,Balochistan,Quetta,ssp245,109.5
2083-10,Balochistan,Quetta,ssp245,107.4
2083-11,Balochistan,Quetta,ssp245,143.3
2083-12,Balochistan,Quetta,ssp245,138.2
2084-01,Balochistan,Quetta,ssp245,147.1
2084-02,Balochistan,Quetta,ssp245,147.4
2084-03,Balochistan,Quetta,ssp245,174.7
2084-04,Balochistan,Quetta,ssp245,168.0
2084-05,Balochistan,Quetta,ssp245,183.5
2084-06,Balochistan,Quetta,ssp245,153.4
2084-07,Balochistan,Quetta,ssp245,167.3
2084-08,Balochistan,Quetta,ssp245,126.5
2084-09,Balochistan,Quetta,ssp245,121.2
2084-10,Balochistan,Quetta,ssp245,109.9
2084-11,Balochistan,Quetta,ssp245,119.7
2084-12,Balochistan,Quetta,ssp245,116.3
2085-01,Balochistan,Quetta,ssp245,127.5
2085-02,Balochistan,Quetta,ssp245,133.8
2085-03,Balochistan,Quetta,ssp245,155.3
2085-04,Balochistan,Quetta,ssp245,157.5
2085-05,Balochistan,Quetta,ssp245,171.3
2085-06,Balochistan,Quetta,ssp245,148.4
2085-07,Balochistan,Quetta,ssp245,141.9
2085-08,Balochistan,Quetta,ssp245,149.1
2085-09,Balochistan,Quetta,ssp245,129.2
2085-10,Balochistan,Quetta,ssp245,95.4
2085-11,Balochistan,Quetta,ssp245,126.8
2085-12,Balochistan,Quetta,ssp245,139.5
2086-01,Balochistan,Quetta,ssp245,142.6
2086-02,Balochistan,Quetta,ssp245,144.8
2086-03,Balochistan,Quetta,ssp245,173.2
2086-04,Balochistan,Quetta,ssp245,168.2
2086-05,Balochistan,Quetta,ssp245,172.0
2086-06,Balochistan,Quetta,ssp245,166.6
2086-07,Balochistan,Quetta,ssp245,150.9
2086-08,Balochistan,Quetta,ssp245,124.7
2086-09,Balochistan,Quetta,ssp245,99.2
2086-10,Balochistan,Quetta,ssp245,119.7
2086-11,Balochistan,Quetta,ssp245,120.3
2086-12,Balochistan,Quetta,ssp245,129.7
2087-01,Balochistan,Quetta,ssp245,150.1
2087-02,Balochistan,Quetta,ssp245,166.6
2087-03,Balochistan,Quetta,ssp245,153.9
2087-04,Balochistan,Quetta,ssp245,184.6
2087-05,Balochistan,Quetta,ssp245,174.1
2087-06,Balochistan,Quetta,ssp245,161.7
2087-07,Balochistan,Quetta,ssp245,146.9
2087-08,Balochistan,Quetta,ssp245,163.3
2087-09,Balochistan,Quetta,ssp245,129.2
2087-10,Balochistan,Quetta,ssp245,118.1
2087-11,Balochistan,Quetta,ssp245,100.7
2087-12,Balochistan,Quetta,ssp245,129.1
2088-01,Balochistan,Quetta,ssp245,153.3
2088-02,Balochistan,Quetta,ssp245,142.2
2088-03,Balochistan,Quetta,ssp245,167.9
2088-04,Balochistan,Quetta,ssp245,175.7
2088-05,Balochistan,Quetta,ssp245,181.2
2088-06,Balochistan,Quetta,ssp245,139.2
2088-07,Balochistan,Quetta,ssp245,144.4
2088-08,Balochistan,Quetta,ssp245,130.3
2088-09,Balochistan,Quetta,ssp245,123.8
2088-10,Balochistan,Quetta,ssp245,126.1
2088-11,Balochistan,Quetta,ssp245,136.3
2088-12,Balochistan,Quetta,ssp245,149.3
2089-01,Balochistan,Quetta,ssp245,183.9
2089-02,Balochistan,Quetta,ssp245,164.1
2089-03,Balochistan,Quetta,ssp245,177.4
2089-04,Balochistan,Quetta,ssp245,172.9
2089-05,Balochistan,Quetta,ssp245,170.0
2089-06,Balochistan,Quetta,ssp245,148.6
2089-07,Balochistan,Quetta,ssp245,145.4
2089-08,Balochistan,Quetta,ssp245,125.4
2089-09,Balochistan,Quetta,ssp245,106.8
2089-10,Balochistan,Quetta,ssp245,123.4
2089-11,Balochistan,Quetta,ssp245,117.0
2089-12,Balochistan,Quetta,ssp245,137.7
2090-01,Balochistan,Quetta,ssp245,144.4
2090-02,Balochistan,Quetta,ssp245,169.0
2090-03,Balochistan,Quetta,ssp245,192.1
2090-04,Balochistan,Quetta,ssp245,183.0
2090-05,Balochistan,Quetta,ssp245,167.1
2090-06,Balochistan,Quetta,ssp245,157.1
2090-07,Balochistan,Quetta,ssp245,151.9
2090-08,Balochistan,Quetta,ssp245,129.7
2090-09,Balochistan,Quetta,ssp245,120.8
2090-10,Balochistan,Quetta,ssp245,138.2
2090-11,Balochistan,Quetta,ssp245,129.9
2090-12,Balochistan,Quetta,ssp245,129.2
2091-01,Balochistan,Quetta,ssp245,152.0
2091-02,Balochistan,Quetta,ssp245,161.3
2091-03,Balochistan,Quetta,ssp245,165.8
2091-04,Balochistan,Quetta,ssp245,180.1
2091-05,Balochistan,Quetta,ssp245,167.4
2091-06,Balochistan,Quetta,ssp245,154.9
2091-07,Balochistan,Quetta,ssp245,159.9
2091-08,Balochistan,Quetta,ssp245,126.9
2091-09,Balochistan,Quetta,ssp245,146.2
2091-10,Balochistan,Quetta,ssp245,105.8
2091-11,Balochistan,Quetta,ssp245,133.3
2091-12,Balochistan,Quetta,ssp245,142.3
2092-01,Balochistan,Quetta,ssp245,155.3
2092-02,Balochistan,Quetta,ssp245,168.0
2092-03,Balochistan,Quetta,ssp245,186.5
2092-04,Balochistan,Quetta,ssp245,173.9
2092-05,Balochistan,Quetta,ssp245,168.7
2092-06,Balochistan,Quetta,ssp245,159.5
2092-07,Balochistan,Quetta,ssp245,178.7
2092-08,Balochistan,Quetta,ssp245,122.8
2092-09,Balochistan,Quetta,ssp245,142.8
2092-10,Balochistan,Quetta,ssp245,112.4
2092-11,Balochistan,Quetta,ssp245,135.3
2092-12,Balochistan,Quetta,ssp245,153.3
2093-01,Balochistan,Quetta,ssp245,134.1
2093-02,Balochistan,Quetta,ssp245,152.4
2093-03,Balochistan,Quetta,ssp245,187.0
2093-04,Balochistan,Quetta,ssp245,195.3
2093-05,Balochistan,Quetta,ssp245,166.7
2093-06,Balochistan,Quetta,ssp245,189.7
2093-07,Balochistan,Quetta,ssp245,148.0
2093-08,Balochistan,Quetta,ssp245,143.7
2093-09,Balochistan,Quetta,ssp245,146.4
2093-10,Balochistan,Quetta,ssp245,114.7
2093-11,Balochistan,Quetta,ssp245,152.1
2093-12,Balochistan,Quetta,ssp245,128.2
2094-01,Balochistan,Quetta,ssp245,150.9
2094-02,Balochistan,Quetta,ssp245,160.4
2094-03,Balochistan,Quetta,ssp245,208.4
2094-04,Balochistan,Quetta,ssp245,179.9
2094-05,Balochistan,Quetta,ssp245,188.1
2094-06,Balochistan,Quetta,ssp245,182.6
2094-07,Balochistan,Quetta,ssp245,146.8
2094-08,Balochistan,Quetta,ssp245,152.0
2094-09,Balochistan,Quetta,ssp245,125.1
2094-10,Balochistan,Quetta,ssp245,101.8
2094-11,Balochistan,Quetta,ssp245,124.5
2094-12,Balochistan,Quetta,ssp245,140.4
2095-01,Balochistan,Quetta,ssp245,121.8
2095-02,Balochistan,Quetta,ssp245,150.1
2095-03,Balochistan,Quetta,ssp245,175.6
2095-04,Balochistan,Quetta,ssp245,186.4
2095-05,Balochistan,Quetta,ssp245,185.8
2095-06,Balochistan,Quetta,ssp245,166.8
2095-07,Balochistan,Quetta,ssp245,144.5
2095-08,Balochistan,Quetta,ssp245,148.4
2095-09,Balochistan,Quetta,ssp245,111.3
2095-10,Balochistan,Quetta,ssp245,136.9
2095-11,Balochistan,Quetta,ssp245,109.3
2095-12,Balochistan,Quetta,ssp245,153.4
2096-01,Balochistan,Quetta,ssp245,141.5
2096-02,Balochistan,Quetta,ssp245,189.6
2096-03,Balochistan,Quetta,ssp245,171.7
2096-04,Balochistan,Quetta,ssp245,172.7
2096-05,Balochistan,Quetta,ssp245,163.5
2096-06,Balochistan,Quetta,ssp245,176.1
2096-07,Balochistan,Quetta,ssp245,137.7
2096-08,Balochistan,Quetta,ssp245,137.6
2096-09,Balochistan,Quetta,ssp245,137.5
2096-10,Balochistan,Quetta,ssp245,115.5
2096-11,Balochistan,Quetta,ssp245,118.8
2096-12,Balochistan,Quetta,ssp245,134.4
2097-01,Balochistan,Quetta,ssp245,136.1
2097-02,Balochistan,Quetta,ssp245,158.5
2097-03,Balochistan,Quetta,ssp245,178.4
2097-04,Balochistan,Quetta,ssp245,160.5
2097-05,Balochistan,Quetta,ssp245,178.9
2097-06,Balochistan,Quetta,ssp245,170.1
2097-07,Balochistan,Quetta,ssp245,158.2
2097-08,Balochistan,Quetta,ssp245,142.1
2097-09,Balochistan,Quetta,ssp245,99.5
2097-10,Balochistan,Quetta,ssp245,116.2
2097-11,Balochistan,Quetta,ssp245,136.9
2097-12,Balochistan,Quetta,ssp245,140.2
2098-01,Balochistan,Quetta,ssp245,140.1
2098-02,Balochistan,Quetta,ssp245,191.8
2098-03,Balochistan,Quetta,ssp245,197.0
2098-04,Balochistan,Quetta,ssp245,164.0
2098-05,Balochistan,Quetta,ssp245,177.6
2098-06,Balochistan,Quetta,ssp245,177.5
2098-07,Balochistan,Quetta,ssp245,179.2
2098-08,Balochistan,Quetta,ssp245,113.3
2098-09,Balochistan,Quetta,ssp245,142.3
2098-10,Balochistan,Quetta,ssp245,124.4
2098-11,Balochistan,Quetta,ssp245,135.8
2098-12,Balochistan,Quetta,ssp245,139.3
2099-01,Balochistan,Quetta,ssp245,180.3
2099-02,Balochistan,Quetta,ssp245,197.9
2099-03,Balochistan,Quetta,ssp245,176.7
2099-04,Balochistan,Quetta,ssp245,171.2
2099-05,Balochistan,Quetta,ssp245,216.5
2099-06,Balochistan,Quetta,ssp245,176.9
2099-07,Balochistan,Quetta,ssp245,142.4
2099-08,Balochistan,Quetta,ssp245,159.9
2099-09,Balochistan,Quetta,ssp245,131.5
2099-10,Balochistan,Quetta,ssp245,126.1
2099-11,Balochistan,Quetta,ssp245,149.3
2099-12,Balochistan,Quetta,ssp245,120.2
2100-01,Balochistan,Quetta,ssp245,171.1
2100-02,Balochistan,Quetta,ssp245,174.1
2100-03,Balochistan,Quetta,ssp245,186.5
2100-04,Balochistan,Quetta,ssp245,187.9
2100-05,Balochistan,Quetta,ssp245,158.3
2100-06,Balochistan,Quetta,ssp245,161.1
2100-07,Balochistan,Quetta,ssp245,163.7
2100-08,Balochistan,Quetta,ssp245,152.3
2100-09,Balochistan,Quetta,ssp245,134.4
2100-10,Balochistan,Quetta,ssp245,108.5
2100-11,Balochistan,Quetta,ssp245,131.7
2100-12,Balochistan,Quetta,ssp245,134.2
2015-01,Balochistan,Quetta,ssp585,65.2
2015-02,Balochistan,Quetta,ssp585,97.0
2015-03,Balochistan,Quetta,ssp585,104.4
2015-04,Balochistan,Quetta,ssp585,81.8
2015-05,Balochistan,Quetta,ssp585,98.4
2015-06,Balochistan,Quetta,ssp585,98.8
2015-07,Balochistan,Quetta,ssp585,80.0
2015-08,Balochistan,Quetta,ssp585,61.4
2015-09,Balochistan,Quetta,ssp585,54.3
2015-10,Balochistan,Quetta,ssp585,33.5
2015-11,Balochistan,Quetta,ssp585,81.8
2015-12,Balochistan,Quetta,ssp585,66.3
2016-01,Balochistan,Quetta,ssp585,65.4
2016-02,Balochistan,Quetta,ssp585,64.9
2016-03,Balochistan,Quetta,ssp585,76.0
2016-04,Balochistan,Quetta,ssp585,96.4
2016-05,Balochistan,Quetta,ssp585,117.0
2016-06,Balochistan,Quetta,ssp585,83.9
2016-07,Balochistan,Quetta,ssp585,75.1
2016-08,Balochistan,Quetta,ssp585,50.8
2016-09,Balochistan,Quetta,ssp585,77.4
2016-10,Balochistan,Quetta,ssp585,84.9
2016-11,Balochistan,Quetta,ssp585,16.4
2016-12,Balochistan,Quetta,ssp585,60.7
2017-01,Balochistan,Quetta,ssp585,86.8
2017-02,Balochistan,Quetta,ssp585,100.5
2017-03,Balochistan,Quetta,ssp585,95.9
2017-04,Balochistan,Quetta,ssp585,100.2
2017-05,Balochistan,Quetta,ssp585,113.4
2017-06,Balochistan,Quetta,ssp585,115.9
2017-07,Balochistan,Quetta,ssp585,54.7
2017-08,Balochistan,Quetta,ssp585,57.1
2017-09,Balochistan,Quetta,ssp585,64.2
2017-10,Balochistan,Quetta,ssp585,39.2
2017-11,Balochistan,Quetta,ssp585,49.8
2017-12,Balochistan,Quetta,ssp585,87.0
2018-01,Balochistan,Quetta,ssp585,85.5
2018-02,Balochistan,Quetta,ssp585,87.4
2018-03,Balochistan,Quetta,ssp585,112.0
2018-04,Balochistan,Quetta,ssp585,89.1
2018-05,Balochistan,Quetta,ssp585,107.7
2018-06,Balochistan,Quetta,ssp585,102.2
2018-07,Balochistan,Quetta,ssp585,99.7
2018-08,Balochistan,Quetta,ssp585,78.2
2018-09,Balochistan,Quetta,ssp585,61.2
2018-10,Balochistan,Quetta,ssp585,52.9
2018-11,Balochistan,Quetta,ssp585,55.9
2018-12,Balochistan,Quetta,ssp585,87.3
2019-01,Balochistan,Quetta,ssp585,101.1
2019-02,Balochistan,Quetta,ssp585,104.6
2019-03,Balochistan,Quetta,ssp585,107.3
2019-04,Balochistan,Quetta,ssp585,98.0
2019-05,Balochistan,Quetta,ssp585,87.4
2019-06,Balochistan,Quetta,ssp585,90.7
2019-07,Balochistan,Quetta,ssp585,95.2
2019-08,Balochistan,Quetta,ssp585,72.9
2019-09,Balochistan,Quetta,ssp585,79.4
2019-10,Balochistan,Quetta,ssp585,54.7
2019-11,Balochistan,Quetta,ssp585,37.6
2019-12,Balochistan,Quetta,ssp585,61.2
2020-01,Balochistan,Quetta,ssp585,96.9
2020-02,Balochistan,Quetta,ssp585,102.0
2020-03,Balochistan,Quetta,ssp585,110.2
2020-04,Balochistan,Quetta,ssp585,111.5
2020-05,Balochistan,Quetta,ssp585,101.4
2020-06,Balochistan,Quetta,ssp585,108.3
2020-07,Balochistan,Quetta,ssp585,78.0
2020-08,Balochistan,Quetta,ssp585,78.0
2020-09,Balochistan,Quetta,ssp585,62.8
2020-10,Balochistan,Quetta,ssp585,35.8
2020-11,Balochistan,Quetta,ssp585,85.2
2020-12,Balochistan,Quetta,ssp585,69.2
2021-01,Balochistan,Quetta,ssp585,98.6
2021-02,Balochistan,Quetta,ssp585,108.6
2021-03,Balochistan,Quetta,ssp585,109.8
2021-04,Balochistan,Quetta,ssp585,107.2
2021-05,Balochistan,Quetta,ssp585,113.3
2021-06,Balochistan,Quetta,ssp585,92.9
2021-07,Balochistan,Quetta,ssp585,75.2
2021-08,Balochistan,Quetta,ssp585,66.6
2021-09,Balochistan,Quetta,ssp585,40.0
2021-10,Balochistan,Quetta,ssp585,46.1
2021-11,Balochistan,Quetta,ssp585,62.5
2021-12,Balochistan,Quetta,ssp585,82.6
2022-01,Balochistan,Quetta,ssp585,58.8
2022-02,Balochistan,Quetta,ssp585,108.7
2022-03,Balochistan,Quetta,ssp585,131.0
2022-04,Balochistan,Quetta,ssp585,128.3
2022-05,Balochistan,Quetta,ssp585,131.8
2022-06,Balochistan,Quetta,ssp585,84.9
2022-07,Balochistan,Quetta,ssp585,74.9
2022-08,Balochistan,Quetta,ssp585,55.2
2022-09,Balochistan,Quetta,ssp585,85.8
2022-10,Balochistan,Quetta,ssp585,94.2
2022-11,Balochistan,Quetta,ssp585,42.9
2022-12,Balochistan,Quetta,ssp585,73.8
2023-01,Balochistan,Quetta,ssp585,70.4
2023-02,Balochistan,Quetta,ssp585,76.2
2023-03,Balochistan,Quetta,ssp585,99.6
2023-04,Balochistan,Quetta,ssp585,138.6
2023-05,Balochistan,Quetta,ssp585,106.5
2023-06,Balochistan,Quetta,ssp585,115.7
2023-07,Balochistan,Quetta,ssp585,100.2
2023-08,Balochistan,Quetta,ssp585,65.2
2023-09,Balochistan,Quetta,ssp585,87.0
2023-10,Balochistan,Quetta,ssp585,48.3
2023-11,Balochistan,Quetta,ssp585,60.3
2023-12,Balochistan,Quetta,ssp585,84.4
2024-01,Balochistan,Quetta,ssp585,87.1
2024-02,Balochistan,Quetta,ssp585,101.5
2024-03,Balochistan,Quetta,ssp585,126.9
2024-04,Balochistan,Quetta,ssp585,135.6
2024-05,Balochistan,Quetta,ssp585,89.2
2024-06,Balochistan,Quetta,ssp585,106.1
2024-07,Balochistan,Quetta,ssp585,110.7
2024-08,Balochistan,Quetta,ssp585,101.9
2024-09,Balochistan,Quetta,ssp585,32.7
2024-10,Balochistan,Quetta,ssp585,54.7
2024-11,Balochistan,Quetta,ssp585,70.8
2024-12,Balochistan,Quetta,ssp585,73.5
2025-01,Balochistan,Quetta,ssp585,103.7
2025-02,Balochistan,Quetta,ssp585,113.8
2025-03,Balochistan,Quetta,ssp585,124.7
2025-04,Balochistan,Quetta,ssp585,117.1
2025-05,Balochistan,Quetta,ssp585,114.5
2025-06,Balochistan,Quetta,ssp585,120.9
2025-07,Balochistan,Quetta,ssp585,101.8
2025-08,Balochistan,Quetta,ssp585,85.6
2025-09,Balochistan,Quetta,ssp585,72.5
2025-10,Balochistan,Quetta,ssp585,56.4
2025-11,Balochistan,Quetta,ssp585,60.3
2025-12,Balochistan,Quetta,ssp585,83.1
2026-01,Balochistan,Quetta,ssp585,109.9
2026-02,Balochistan,Quetta,ssp585,93.8
2026-03,Balochistan,Quetta,ssp585,123.3
2026-04,Balochistan,Quetta,ssp585,128.0
2026-05,Balochistan,Quetta,ssp585,115.1
2026-06,Balochistan,Quetta,ssp585,107.3
2026-07,Balochistan,Quetta,ssp585,105.0
2026-08,Balochistan,Quetta,ssp585,71.0
2026-09,Balochistan,Quetta,ssp585,92.8
2026-10,Balochistan,Quetta,ssp585,43.8
2026-11,Balochistan,Quetta,ssp585,82.5
2026-12,Balochistan,Quetta,ssp585,93.0
2027-01,Balochistan,Quetta,ssp585,116.6
2027-02,Balochistan,Quetta,ssp585,80.6
2027-03,Balochistan,Quetta,ssp585,104.8
2027-04,Balochistan,Quetta,ssp585,139.6
2027-05,Balochistan,Quetta,ssp585,109.2
2027-06,Balochistan,Quetta,ssp585,110.3
2027-07,Balochistan,Quetta,ssp585,113.0
2027-08,Balochistan,Quetta,ssp585,68.6
2027-09,Balochistan,Quetta,ssp585,59.2
2027-10,Balochistan,Quetta,ssp585,56.5
2027-11,Balochistan,Quetta,ssp585,74.0
2027-12,Balochistan,Quetta,ssp585,73.8
2028-01,Balochistan,Quetta,ssp585,99.0
2028-02,Balochistan,Quetta,ssp585,110.2
2028-03,Balochistan,Quetta,ssp585,129.1
2028-04,Balochistan,Quetta,ssp585,116.0
2028-05,Balochistan,Quetta,ssp585,130.1
2028-06,Balochistan,Quetta,ssp585,124.7
2028-07,Balochistan,Quetta,ssp585,112.0
2028-08,Balochistan,Quetta,ssp585,92.1
2028-09,Balochistan,Quetta,ssp585,69.8
2028-10,Balochistan,Quetta,ssp585,74.1
2028-11,Balochistan,Quetta,ssp585,56.0
2028-12,Balochistan,Quetta,ssp585,90.7
2029-01,Balochistan,Quetta,ssp585,113.1
2029-02,Balochistan,Quetta,ssp585,104.0
2029-03,Balochistan,Quetta,ssp585,143.8
2029-04,Balochistan,Quetta,ssp585,139.4
2029-05,Balochistan,Quetta,ssp585,152.3
2029-06,Balochistan,Quetta,ssp585,97.8
2029-07,Balochistan,Quetta,ssp585,101.9
2029-08,Balochistan,Quetta,ssp585,77.8
2029-09,Balochistan,Quetta,ssp585,71.7
2029-10,Balochistan,Quetta,ssp585,85.4
2029-11,Balochistan,Quetta,ssp585,94.7
2029-12,Balochistan,Quetta,ssp585,87.6
2030-01,Balochistan,Quetta,ssp585,96.7
2030-02,Balochistan,Quetta,ssp585,99.5
2030-03,Balochistan,Quetta,ssp585,124.5
2030-04,Balochistan,Quetta,ssp585,133.0
2030-05,Balochistan,Quetta,ssp585,134.6
2030-06,Balochistan,Quetta,ssp585,129.4
2030-07,Balochistan,Quetta,ssp585,94.3
2030-08,Balochistan,Quetta,ssp585,79.3
2030-09,Balochistan,Quetta,ssp585,98.7
2030-10,Balochistan,Quetta,ssp585,79.8
2030-11,Balochistan,Quetta,ssp585,54.8
2030-12,Balochistan,Quetta,ssp585,112.9
2031-01,Balochistan,Quetta,ssp585,93.4
2031-02,Balochistan,Quetta,ssp585,128.7
2031-03,Balochistan,Quetta,ssp585,122.1
2031-04,Balochistan,Quetta,ssp585,131.5
2031-05,Balochistan,Quetta,ssp585,151.4
2031-06,Balochistan,Quetta,ssp585,91.0
2031-07,Balochistan,Quetta,ssp585,99.5
2031-08,Balochistan,Quetta,ssp585,80.3
2031-09,Balochistan,Quetta,ssp585,77.1
2031-10,Balochistan,Quetta,ssp585,73.0
2031-11,Balochistan,Quetta,ssp585,94.8
2031-12,Balochistan,Quetta,ssp585,97.6
2032-01,Balochistan,Quetta,ssp585,98.1
2032-02,Balochistan,Quetta,ssp585,140.4
2032-03,Balochistan,Quetta,ssp585,140.8
2032-04,Balochistan,Quetta,ssp585,119.5
2032-05,Balochistan,Quetta,ssp585,123.4
2032-06,Balochistan,Quetta,ssp585,109.3
2032-07,Balochistan,Quetta,ssp585,108.9
2032-08,Balochistan,Quetta,ssp585,86.9
2032-09,Balochistan,Quetta,ssp585,93.6
2032-10,Balochistan,Quetta,ssp585,71.6
2032-11,Balochistan,Quetta,ssp585,83.2
2032-12,Balochistan,Quetta,ssp585,84.3
2033-01,Balochistan,Quetta,ssp585,97.8
2033-02,Balochistan,Quetta,ssp585,132.5
2033-03,Balochistan,Quetta,ssp585,108.4
2033-04,Balochistan,Quetta,ssp585,137.4
2033-05,Balochistan,Quetta,ssp585,142.5
2033-06,Balochistan,Quetta,ssp585,139.8
2033-07,Balochistan,Quetta,ssp585,93.9
2033-08,Balochistan,Quetta,ssp585,111.8
2033-09,Balochistan,Quetta,ssp585,82.8
2033-10,Balochistan,Quetta,ssp585,82.3
2033-11,Balochistan,Quetta,ssp585,88.7
2033-12,Balochistan,Quetta,ssp585,75.6
2034-01,Balochistan,Quetta,ssp585,127.4
2034-02,Balochistan,Quetta,ssp585,132.1
2034-03,Balochistan,Quetta,ssp585,122.4
2034-04,Balochistan,Quetta,ssp585,127.1
2034-05,Balochistan,Quetta,ssp585,166.4
2034-06,Balochistan,Quetta,ssp585,119.6
2034-07,Balochistan,Quetta,ssp585,108.1
2034-08,Balochistan,Quetta,ssp585,72.1
2034-09,Balochistan,Quetta,ssp585,82.7
2034-10,Balochistan,Quetta,ssp585,90.2
2034-11,Balochistan,Quetta,ssp585,78.5
2034-12,Balochistan,Quetta,ssp585,98.5
2035-01,Balochistan,Quetta,ssp585,114.7
2035-02,Balochistan,Quetta,ssp585,118.3
2035-03,Balochistan,Quetta,ssp585,148.2
2035-04,Balochistan,Quetta,ssp585,134.6
2035-05,Balochistan,Quetta,ssp585,132.7
2035-06,Balochistan,Quetta,ssp585,124.0
2035-07,Balochistan,Quetta,ssp585,84.7
2035-08,Balochistan,Quetta,ssp585,105.9
2035-09,Balochistan,Quetta,ssp585,98.9
2035-10,Balochistan,Quetta,ssp585,95.6
2035-11,Balochistan,Quetta,ssp585,94.5
2035-12,Balochistan,Quetta,ssp585,96.8
2036-01,Balochistan,Quetta,ssp585,119.6
2036-02,Balochistan,Quetta,ssp585,164.9
2036-03,Balochistan,Quetta,ssp585,119.3
2036-04,Balochistan,Quetta,ssp585,147.8
2036-05,Balochistan,Quetta,ssp585,142.7
2036-06,Balochistan,Quetta,ssp585,138.1
2036-07,Balochistan,Quetta,ssp585,91.8
2036-08,Balochistan,Quetta,ssp585,128.4
2036-09,Balochistan,Quetta,ssp585,108.2
2036-10,Balochistan,Quetta,ssp585,82.6
2036-11,Balochistan,Quetta,ssp585,116.2
2036-12,Balochistan,Quetta,ssp585,102.1
2037-01,Balochistan,Quetta,ssp585,144.1
2037-02,Balochistan,Quetta,ssp585,130.1
2037-03,Balochistan,Quetta,ssp585,107.8
2037-04,Balochistan,Quetta,ssp585,140.4
2037-05,Balochistan,Quetta,ssp585,130.7
2037-06,Balochistan,Quetta,ssp585,107.6
2037-07,Balochistan,Quetta,ssp585,99.9
2037-08,Balochistan,Quetta,ssp585,104.9
2037-09,Balochistan,Quetta,ssp585,80.3
2037-10,Balochistan,Quetta,ssp585,102.2
2037-11,Balochistan,Quetta,ssp585,67.0
2037-12,Balochistan,Quetta,ssp585,97.8
2038-01,Balochistan,Quetta,ssp585,121.9
2038-02,Balochistan,Quetta,ssp585,134.6
2038-03,Balochistan,Quetta,ssp585,130.5
2038-04,Balochistan,Quetta,ssp585,146.4
2038-05,Balochistan,Quetta,ssp585,123.9
2038-06,Balochistan,Quetta,ssp585,119.0
2038-07,Balochistan,Quetta,ssp585,95.3
2038-08,Balochistan,Quetta,ssp585,121.5
2038-09,Balochistan,Quetta,ssp585,87.0
2038-10,Balochistan,Quetta,ssp585,74.9
2038-11,Balochistan,Quetta,ssp585,88.9
2038-12,Balochistan,Quetta,ssp585,122.9
2039-01,Balochistan,Quetta,ssp585,142.2
2039-02,Balochistan,Quetta,ssp585,117.4
2039-03,Balochistan,Quetta,ssp585,166.6
2039-04,Balochistan,Quetta,ssp585,143.3
2039-05,Balochistan,Quetta,ssp585,157.3
2039-06,Balochistan,Quetta,ssp585,143.7
2039-07,Balochistan,Quetta,ssp585,106.4
2039-08,Balochistan,Quetta,ssp585,94.3
2039-09,Balochistan,Quetta,ssp585,70.3
2039-10,Balochistan,Quetta,ssp585,91.6
2039-11,Balochistan,Quetta,ssp585,100.7
2039-12,Balochistan,Quetta,ssp585,101.9
2040-01,Balochistan,Quetta,ssp585,100.4
2040-02,Balochistan,Quetta,ssp585,138.6
2040-03,Balochistan,Quetta,ssp585,153.8
2040-04,Balochistan,Quetta,ssp585,148.2
2040-05,Balochistan,Quetta,ssp585,133.3
2040-06,Balochistan,Quetta,ssp585,137.5
2040-07,Balochistan,Quetta,ssp585,105.6
2040-08,Balochistan,Quetta,ssp585,109.9
2040-09,Balochistan,Quetta,ssp585,101.7
2040-10,Balochistan,Quetta,ssp585,108.1
2040-11,Balochistan,Quetta,ssp585,123.4
2040-12,Balochistan,Quetta,ssp585,133.3
2041-01,Balochistan,Quetta,ssp585,132.9
2041-02,Balochistan,Quetta,ssp585,126.0
2041-03,Balochistan,Quetta,ssp585,153.4
2041-04,Balochistan,Quetta,ssp585,127.0
2041-05,Balochistan,Quetta,ssp585,143.9
2041-06,Balochistan,Quetta,ssp585,132.5
2041-07,Balochistan,Quetta,ssp585,113.6
2041-08,Balochistan,Quetta,ssp585,114.9
2041-09,Balochistan,Quetta,ssp585,91.6
2041-10,Balochistan,Quetta,ssp585,123.6
2041-11,Balochistan,Quetta,ssp585,95.6
2041-12,Balochistan,Quetta,ssp585,135.7
2042-01,Balochistan,Quetta,ssp585,126.0
2042-02,Balochistan,Quetta,ssp585,121.0
2042-03,Balochistan,Quetta,ssp585,147.0
2042-04,Balochistan,Quetta,ssp585,180.3
2042-05,Balochistan,Quetta,ssp585,143.5
2042-06,Balochistan,Quetta,ssp585,137.3
2042-07,Balochistan,Quetta,ssp585,130.6
2042-08,Balochistan,Quetta,ssp585,120.8
2042-09,Balochistan,Quetta,ssp585,110.5
2042-10,Balochistan,Quetta,ssp585,71.5
2042-11,Balochistan,Quetta,ssp585,89.2
2042-12,Balochistan,Quetta,ssp585,102.1
2043-01,Balochistan,Quetta,ssp585,167.6
2043-02,Balochistan,Quetta,ssp585,125.5
2043-03,Balochistan,Quetta,ssp585,149.1
2043-04,Balochistan,Quetta,ssp585,189.9
2043-05,Balochistan,Quetta,ssp585,154.7
2043-06,Balochistan,Quetta,ssp585,157.2
2043-07,Balochistan,Quetta,ssp585,136.6
2043-08,Balochistan,Quetta,ssp585,88.0
2043-09,Balochistan,Quetta,ssp585,94.5
2043-10,Balochistan,Quetta,ssp585,94.2
2043-11,Balochistan,Quetta,ssp585,75.3
2043-12,Balochistan,Quetta,ssp585,81.3
2044-01,Balochistan,Quetta,ssp585,139.6
2044-02,Balochistan,Quetta,ssp585,166.6
2044-03,Balochistan,Quetta,ssp585,133.3
2044-04,Balochistan,Quetta,ssp585,150.8
2044-05,Balochistan,Quetta,ssp585,170.2
2044-06,Balochistan,Quetta,ssp585,154.6
2044-07,Balochistan,Quetta,ssp585,105.5
2044-08,Balochistan,Quetta,ssp585,112.1
2044-09,Balochistan,Quetta,ssp585,108.9
2044-10,Balochistan,Quetta,ssp585,72.1
2044-11,Balochistan,Quetta,ssp585,95.3
2044-12,Balochistan,Quetta,ssp585,105.1
2045-01,Balochistan,Quetta,ssp585,93.4
2045-02,Balochistan,Quetta,ssp585,128.9
2045-03,Balochistan,Quetta,ssp585,152.3
2045-04,Balochistan,Quetta,ssp585,160.3
2045-05,Balochistan,Quetta,ssp585,131.8
2045-06,Balochistan,Quetta,ssp585,148.8
2045-07,Balochistan,Quetta,ssp585,124.8
2045-08,Balochistan,Quetta,ssp585,112.4
2045-09,Balochistan,Quetta,ssp585,96.0
2045-10,Balochistan,Quetta,ssp585,69.6
2045-11,Balochistan,Quetta,ssp585,117.4
2045-12,Balochistan,Quetta,ssp585,121.6
2046-01,Balochistan,Quetta,ssp585,128.1
2046-02,Balochistan,Quetta,ssp585,134.4
2046-03,Balochistan,Quetta,ssp585,132.5
2046-04,Balochistan,Quetta,ssp585,161.8
2046-05,Balochistan,Quetta,ssp585,145.6
2046-06,Balochistan,Quetta,ssp585,151.0
2046-07,Balochistan,Quetta,ssp585,139.1
2046-08,Balochistan,Quetta,ssp585,108.7
2046-09,Balochistan,Quetta,ssp585,95.6
2046-10,Balochistan,Quetta,ssp585,100.4
2046-11,Balochistan,Quetta,ssp585,111.3
2046-12,Balochistan,Quetta,ssp585,91.5
2047-01,Balochistan,Quetta,ssp585,132.9
2047-02,Balochistan,Quetta,ssp585,122.7
2047-03,Balochistan,Quetta,ssp585,148.5
2047-04,Balochistan,Quetta,ssp585,191.1
2047-05,Balochistan,Quetta,ssp585,139.7
2047-06,Balochistan,Quetta,ssp585,129.5
2047-07,Balochistan,Quetta,ssp585,125.1
2047-08,Balochistan,Quetta,ssp585,114.4
2047-09,Balochistan,Quetta,ssp585,89.0
2047-10,Balochistan,Quetta,ssp585,109.4
2047-11,Balochistan,Quetta,ssp585,117.5
2047-12,Balochistan,Quetta,ssp585,125.6
2048-01,Balochistan,Quetta,ssp585,136.9
2048-02,Balochistan,Quetta,ssp585,141.5
2048-03,Balochistan,Quetta,ssp585,141.7
2048-04,Balochistan,Quetta,ssp585,159.7
2048-05,Balochistan,Quetta,ssp585,163.4
2048-06,Balochistan,Quetta,ssp585,133.7
2048-07,Balochistan,Quetta,ssp585,129.6
2048-08,Balochistan,Quetta,ssp585,119.5
2048-09,Balochistan,Quetta,ssp585,142.5
2048-10,Balochistan,Quetta,ssp585,122.5
2048-11,Balochistan,Quetta,ssp585,129.5
2048-12,Balochistan,Quetta,ssp585,130.1
2049-01,Balochistan,Quetta,ssp585,124.6
2049-02,Balochistan,Quetta,ssp585,156.0
2049-03,Balochistan,Quetta,ssp585,179.3
2049-04,Balochistan,Quetta,ssp585,146.5
2049-05,Balochistan,Quetta,ssp585,158.3
2049-06,Balochistan,Quetta,ssp585,149.6
2049-07,Balochistan,Quetta,ssp585,142.5
2049-08,Balochistan,Quetta,ssp585,138.0
2049-09,Balochistan,Quetta,ssp585,108.4
2049-10,Balochistan,Quetta,ssp585,105.5
2049-11,Balochistan,Quetta,ssp585,157.3
2049-12,Balochistan,Quetta,ssp585,114.6
2050-01,Balochistan,Quetta,ssp585,115.3
2050-02,Balochistan,Quetta,ssp585,150.8
2050-03,Balochistan,Quetta,ssp585,150.7
2050-04,Balochistan,Quetta,ssp585,160.1
2050-05,Balochistan,Quetta,ssp585,157.4
2050-06,Balochistan,Quetta,ssp585,116.3
2050-07,Balochistan,Quetta,ssp585,137.3
2050-08,Balochistan,Quetta,ssp585,126.0
2050-09,Balochistan,Quetta,ssp585,130.2
2050-10,Balochistan,Quetta,ssp585,112.0
2050-11,Balochistan,Quetta,ssp585,130.0
2050-12,Balochistan,Quetta,ssp585,147.1
2051-01,Balochistan,Quetta,ssp585,144.5
2051-02,Balochistan,Quetta,ssp585,157.2
2051-03,Balochistan,Quetta,ssp585,155.7
2051-04,Balochistan,Quetta,ssp585,173.3
2051-05,Balochistan,Quetta,ssp585,156.0
2051-06,Balochistan,Quetta,ssp585,117.0
2051-07,Balochistan,Quetta,ssp585,135.9
2051-08,Balochistan,Quetta,ssp585,140.9
2051-09,Balochistan,Quetta,ssp585,127.5
2051-10,Balochistan,Quetta,ssp585,107.3
2051-11,Balochistan,Quetta,ssp585,103.4
2051-12,Balochistan,Quetta,ssp585,121.1
2052-01,Balochistan,Quetta,ssp585,138.1
2052-02,Balochistan,Quetta,ssp585,135.2
2052-03,Balochistan,Quetta,ssp585,147.6
2052-04,Balochistan,Quetta,ssp585,164.8
2052-05,Balochistan,Quetta,ssp585,165.6
2052-06,Balochistan,Quetta,ssp585,161.1
2052-07,Balochistan,Quetta,ssp585,127.7
2052-08,Balochistan,Quetta,ssp585,98.1
2052-09,Balochistan,Quetta,ssp585,113.5
2052-10,Balochistan,Quetta,ssp585,127.1
2052-11,Balochistan,Quetta,ssp585,95.2
2052-12,Balochistan,Quetta,ssp585,114.2
2053-01,Balochistan,Quetta,ssp585,130.5
2053-02,Balochistan,Quetta,ssp585,177.8
2053-03,Balochistan,Quetta,ssp585,180.0
2053-04,Balochistan,Quetta,ssp585,162.8
2053-05,Balochistan,Quetta,ssp585,175.5
2053-06,Balochistan,Quetta,ssp585,144.2
2053-07,Balochistan,Quetta,ssp585,140.6
2053-08,Balochistan,Quetta,ssp585,101.1
2053-09,Balochistan,Quetta,ssp585,103.8
2053-10,Balochistan,Quetta,ssp585,100.7
2053-11,Balochistan,Quetta,ssp585,101.3
2053-12,Balochistan,Quetta,ssp585,136.4
2054-01,Balochistan,Quetta,ssp585,127.5
2054-02,Balochistan,Quetta,ssp585,170.2
2054-03,Balochistan,Quetta,ssp585,173.6
2054-04,Balochistan,Quetta,ssp585,172.8
2054-05,Balochistan,Quetta,ssp585,182.8
2054-06,Balochistan,Quetta,ssp585,159.8
2054-07,Balochistan,Quetta,ssp585,132.4
2054-08,Balochistan,Quetta,ssp585,123.1
2054-09,Balochistan,Quetta,ssp585,129.4
2054-10,Balochistan,Quetta,ssp585,97.7
2054-11,Balochistan,Quetta,ssp585,133.2
2054-12,Balochistan,Quetta,ssp585,127.0
2055-01,Balochistan,Quetta,ssp585,152.6
2055-02,Balochistan,Quetta,ssp585,158.9
2055-03,Balochistan,Quetta,ssp585,155.9
2055-04,Balochistan,Quetta,ssp585,194.0
2055-05,Balochistan,Quetta,ssp585,164.0
2055-06,Balochistan,Quetta,ssp585,162.2
2055-07,Balochistan,Quetta,ssp585,136.7
2055-08,Balochistan,Quetta,ssp585,119.4
2055-09,Balochistan,Quetta,ssp585,122.7
2055-10,Balochistan,Quetta,ssp585,110.6
2055-11,Balochistan,Quetta,ssp585,120.8
2055-12,Balochistan,Quetta,ssp585,133.6
2056-01,Balochistan,Quetta,ssp585,137.6
2056-02,Balochistan,Quetta,ssp585,173.2
2056-03,Balochistan,Quetta,ssp585,177.6
2056-04,Balochistan,Quetta,ssp585,142.9
2056-05,Balochistan,Quetta,ssp585,155.9
2056-06,Balochistan,Quetta,ssp585,154.1
2056-07,Balochistan,Quetta,ssp585,131.9
2056-08,Balochistan,Quetta,ssp585,122.2
2056-09,Balochistan,Quetta,ssp585,132.4
2056-10,Balochistan,Quetta,ssp585,126.6
2056-11,Balochistan,Quetta,ssp585,99.9
2056-12,Balochistan,Quetta,ssp585,114.5
2057-01,Balochistan,Quetta,ssp585,150.6
2057-02,Balochistan,Quetta,ssp585,156.2
2057-03,Balochistan,Quetta,ssp585,182.5
2057-04,Balochistan,Quetta,ssp585,164.9
2057-05,Balochistan,Quetta,ssp585,171.4
2057-06,Balochistan,Quetta,ssp585,148.5
2057-07,Balochistan,Quetta,ssp585,143.7
2057-08,Balochistan,Quetta,ssp585,143.2
2057-09,Balochistan,Quetta,ssp585,130.3
2057-10,Balochistan,Quetta,ssp585,105.1
2057-11,Balochistan,Quetta,ssp585,140.2
2057-12,Balochistan,Quetta,ssp585,134.1
2058-01,Balochistan,Quetta,ssp585,155.0
2058-02,Balochistan,Quetta,ssp585,168.5
2058-03,Balochistan,Quetta,ssp585,165.7
2058-04,Balochistan,Quetta,ssp585,188.7
2058-05,Balochistan,Quetta,ssp585,162.0
2058-06,Balochistan,Quetta,ssp585,157.3
2058-07,Balochistan,Quetta,ssp585,131.8
2058-08,Balochistan,Quetta,ssp585,113.7
2058-09,Balochistan,Quetta,ssp585,158.3
2058-10,Balochistan,Quetta,ssp585,120.5
2058-11,Balochistan,Quetta,ssp585,120.7
2058-12,Balochistan,Quetta,ssp585,163.9
2059-01,Balochistan,Quetta,ssp585,125.0
2059-02,Balochistan,Quetta,ssp585,181.6
2059-03,Balochistan,Quetta,ssp585,177.5
2059-04,Balochistan,Quetta,ssp585,175.7
2059-05,Balochistan,Quetta,ssp585,170.9
2059-06,Balochistan,Quetta,ssp585,160.2
2059-07,Balochistan,Quetta,ssp585,172.8
2059-08,Balochistan,Quetta,ssp585,152.5
2059-09,Balochistan,Quetta,ssp585,126.2
2059-10,Balochistan,Quetta,ssp585,113.2
2059-11,Balochistan,Quetta,ssp585,128.7
2059-12,Balochistan,Quetta,ssp585,123.7
2060-01,Balochistan,Quetta,ssp585,140.2
2060-02,Balochistan,Quetta,ssp585,161.3
2060-03,Balochistan,Quetta,ssp585,164.6
2060-04,Balochistan,Quetta,ssp585,170.0
2060-05,Balochistan,Quetta,ssp585,170.6
2060-06,Balochistan,Quetta,ssp585,151.1
2060-07,Balochistan,Quetta,ssp585,174.9
2060-08,Balochistan,Quetta,ssp585,108.6
2060-09,Balochistan,Quetta,ssp585,139.9
2060-10,Balochistan,Quetta,ssp585,136.0
2060-11,Balochistan,Quetta,ssp585,127.4
2060-12,Balochistan,Quetta,ssp585,137.7
2061-01,Balochistan,Quetta,ssp585,155.7
2061-02,Balochistan,Quetta,ssp585,167.9
2061-03,Balochistan,Quetta,ssp585,187.4
2061-04,Balochistan,Quetta,ssp585,188.9
2061-05,Balochistan,Quetta,ssp585,171.7
2061-06,Balochistan,Quetta,ssp585,153.5
2061-07,Balochistan,Quetta,ssp585,159.1
2061-08,Balochistan,Quetta,ssp585,149.5
2061-09,Balochistan,Quetta,ssp585,142.8
2061-10,Balochistan,Quetta,ssp585,120.0
2061-11,Balochistan,Quetta,ssp585,167.7
2061-12,Balochistan,Quetta,ssp585,116.6
2062-01,Balochistan,Quetta,ssp585,182.1
2062-02,Balochistan,Quetta,ssp585,157.2
2062-03,Balochistan,Quetta,ssp585,177.4
2062-04,Balochistan,Quetta,ssp585,208.1
2062-05,Balochistan,Quetta,ssp585,206.3
2062-06,Balochistan,Quetta,ssp585,192.1
2062-07,Balochistan,Quetta,ssp585,167.8
2062-08,Balochistan,Quetta,ssp585,148.8
2062-09,Balochistan,Quetta,ssp585,113.0
2062-10,Balochistan,Quetta,ssp585,112.4
2062-11,Balochistan,Quetta,ssp585,132.3
2062-12,Balochistan,Quetta,ssp585,152.2
2063-01,Balochistan,Quetta,ssp585,167.5
2063-02,Balochistan,Quetta,ssp585,182.9
2063-03,Balochistan,Quetta,ssp585,200.9
2063-04,Balochistan,Quetta,ssp585,205.0
2063-05,Balochistan,Quetta,ssp585,181.5
2063-06,Balochistan,Quetta,ssp585,140.9
2063-07,Balochistan,Quetta,ssp585,172.5
2063-08,Balochistan,Quetta,ssp585,141.4
2063-09,Balochistan,Quetta,ssp585,127.8
2063-10,Balochistan,Quetta,ssp585,133.8
2063-11,Balochistan,Quetta,ssp585,116.3
2063-12,Balochistan,Quetta,ssp585,141.8
2064-01,Balochistan,Quetta,ssp585,137.7
2064-02,Balochistan,Quetta,ssp585,138.6
2064-03,Balochistan,Quetta,ssp585,172.1
2064-04,Balochistan,Quetta,ssp585,207.3
2064-05,Balochistan,Quetta,ssp585,184.4
2064-06,Balochistan,Quetta,ssp585,184.1
2064-07,Balochistan,Quetta,ssp585,157.8
2064-08,Balochistan,Quetta,ssp585,152.0
2064-09,Balochistan,Quetta,ssp585,109.0
2064-10,Balochistan,Quetta,ssp585,122.4
2064-11,Balochistan,Quetta,ssp585,124.0
2064-12,Balochistan,Quetta,ssp585,126.9
2065-01,Balochistan,Quetta,ssp585,162.0
2065-02,Balochistan,Quetta,ssp585,179.7
2065-03,Balochistan,Quetta,ssp585,189.1
2065-04,Balochistan,Quetta,ssp585,186.9
2065-05,Balochistan,Quetta,ssp585,194.4
2065-06,Balochistan,Quetta,ssp585,175.4
2065-07,Balochistan,Quetta,ssp585,165.2
2065-08,Balochistan,Quetta,ssp585,139.4
2065-09,Balochistan,Quetta,ssp585,146.0
2065-10,Balochistan,Quetta,ssp585,140.8
2065-11,Balochistan,Quetta,ssp585,123.5
2065-12,Balochistan,Quetta,ssp585,138.9
2066-01,Balochistan,Quetta,ssp585,177.5
2066-02,Balochistan,Quetta,ssp585,156.7
2066-03,Balochistan,Quetta,ssp585,179.7
2066-04,Balochistan,Quetta,ssp585,204.2
2066-05,Balochistan,Quetta,ssp585,195.8
2066-06,Balochistan,Quetta,ssp585,190.4
2066-07,Balochistan,Quetta,ssp585,171.7
2066-08,Balochistan,Quetta,ssp585,144.3
2066-09,Balochistan,Quetta,ssp585,114.0
2066-10,Balochistan,Quetta,ssp585,166.2
2066-11,Balochistan,Quetta,ssp585,151.9
2066-12,Balochistan,Quetta,ssp585,137.3
2067-01,Balochistan,Quetta,ssp585,165.5
2067-02,Balochistan,Quetta,ssp585,168.2
2067-03,Balochistan,Quetta,ssp585,185.9
2067-04,Balochistan,Quetta,ssp585,199.7
2067-05,Balochistan,Quetta,ssp585,177.4
2067-06,Balochistan,Quetta,ssp585,205.4
2067-07,Balochistan,Quetta,ssp585,159.7
2067-08,Balochistan,Quetta,ssp585,144.7
2067-09,Balochistan,Quetta,ssp585,158.6
2067-10,Balochistan,Quetta,ssp585,121.2
2067-11,Balochistan,Quetta,ssp585,143.6
2067-12,Balochistan,Quetta,ssp585,182.5
2068-01,Balochistan,Quetta,ssp585,166.8
2068-02,Balochistan,Quetta,ssp585,182.3
2068-03,Balochistan,Quetta,ssp585,180.7
2068-04,Balochistan,Quetta,ssp585,179.3
2068-05,Balochistan,Quetta,ssp585,186.1
2068-06,Balochistan,Quetta,ssp585,212.7
2068-07,Balochistan,Quetta,ssp585,179.6
2068-08,Balochistan,Quetta,ssp585,160.7
2068-09,Balochistan,Quetta,ssp585,153.2
2068-10,Balochistan,Quetta,ssp585,153.7
2068-11,Balochistan,Quetta,ssp585,138.7
2068-12,Balochistan,Quetta,ssp585,153.3
2069-01,Balochistan,Quetta,ssp585,166.2
2069-02,Balochistan,Quetta,ssp585,187.3
2069-03,Balochistan,Quetta,ssp585,176.7
2069-04,Balochistan,Quetta,ssp585,175.6
2069-05,Balochistan,Quetta,ssp585,180.3
2069-06,Balochistan,Quetta,ssp585,187.0
2069-07,Balochistan,Quetta,ssp585,152.0
2069-08,Balochistan,Quetta,ssp585,165.8
2069-09,Balochistan,Quetta,ssp585,128.3
2069-10,Balochistan,Quetta,ssp585,138.3
2069-11,Balochistan,Quetta,ssp585,125.1
2069-12,Balochistan,Quetta,ssp585,164.1
2070-01,Balochistan,Quetta,ssp585,146.6
2070-02,Balochistan,Quetta,ssp585,153.3
2070-03,Balochistan,Quetta,ssp585,193.3
2070-04,Balochistan,Quetta,ssp585,200.9
2070-05,Balochistan,Quetta,ssp585,203.8
2070-06,Balochistan,Quetta,ssp585,185.5
2070-07,Balochistan,Quetta,ssp585,175.8
2070-08,Balochistan,Quetta,ssp585,159.0
2070-09,Balochistan,Quetta,ssp585,149.6
2070-10,Balochistan,Quetta,ssp585,163.1
2070-11,Balochistan,Quetta,ssp585,143.8
2070-12,Balochistan,Quetta,ssp585,142.7
2071-01,Balochistan,Quetta,ssp585,189.5
2071-02,Balochistan,Quetta,ssp585,198.1
2071-03,Balochistan,Quetta,ssp585,202.5
2071-04,Balochistan,Quetta,ssp585,190.0
2071-05,Balochistan,Quetta,ssp585,201.4
2071-06,Balochistan,Quetta,ssp585,209.2
2071-07,Balochistan,Quetta,ssp585,164.4
2071-08,Balochistan,Quetta,ssp585,167.8
2071-09,Balochistan,Quetta,ssp585,128.8
2071-10,Balochistan,Quetta,ssp585,131.4
2071-11,Balochistan,Quetta,ssp585,162.8
2071-12,Balochistan,Quetta,ssp585,168.1
2072-01,Balochistan,Quetta,ssp585,167.1
2072-02,Balochistan,Quetta,ssp585,170.1
2072-03,Balochistan,Quetta,ssp585,185.0
2072-04,Balochistan,Quetta,ssp585,229.3
2072-05,Balochistan,Quetta,ssp585,197.0
2072-06,Balochistan,Quetta,ssp585,198.9
2072-07,Balochistan,Quetta,ssp585,181.5
2072-08,Balochistan,Quetta,ssp585,163.6
2072-09,Balochistan,Quetta,ssp585,156.4
2072-10,Balochistan,Quetta,ssp585,141.7
2072-11,Balochistan,Quetta,ssp585,166.6
2072-12,Balochistan,Quetta,ssp585,161.5
2073-01,Balochistan,Quetta,ssp585,169.3
2073-02,Balochistan,Quetta,ssp585,195.3
2073-03,Balochistan,Quetta,ssp585,197.0
2073-04,Balochistan,Quetta,ssp585,207.0
2073-05,Balochistan,Quetta,ssp585,185.5
2073-06,Balochistan,Quetta,ssp585,162.4
2073-07,Balochistan,Quetta,ssp585,142.8
2073-08,Balochistan,Quetta,ssp585,140.0
2073-09,Balochistan,Quetta,ssp585,137.1
2073-10,Balochistan,Quetta,ssp585,139.8
2073-11,Balochistan,Quetta,ssp585,152.0
2073-12,Balochistan,Quetta,ssp585,168.9
2074-01,Balochistan,Quetta,ssp585,183.4
2074-02,Balochistan,Quetta,ssp585,172.1
2074-03,Balochistan,Quetta,ssp585,226.7
2074-04,Balochistan,Quetta,ssp585,201.2
2074-05,Balochistan,Quetta,ssp585,190.8
2074-06,Balochistan,Quetta,ssp585,188.3
2074-07,Balochistan,Quetta,ssp585,180.3
2074-08,Balochistan,Quetta,ssp585,168.2
2074-09,Balochistan,Quetta,ssp585,145.3
2074-10,Balochistan,Quetta,ssp585,172.1
2074-11,Balochistan,Quetta,ssp585,131.0
2074-12,Balochistan,Quetta,ssp585,170.5
2075-01,Balochistan,Quetta,ssp585,188.4
2075-02,Balochistan,Quetta,ssp585,190.1
2075-03,Balochistan,Quetta,ssp585,187.1
2075-04,Balochistan,Quetta,ssp585,205.8
2075-05,Balochistan,Quetta,ssp585,214.6
2075-06,Balochistan,Quetta,ssp585,192.5
2075-07,Balochistan,Quetta,ssp585,170.5
2075-08,Balochistan,Quetta,ssp585,135.1
2075-09,Balochistan,Quetta,ssp585,159.4
2075-10,Balochistan,Quetta,ssp585,123.2
2075-11,Balochistan,Quetta,ssp585,171.2
2075-12,Balochistan,Quetta,ssp585,154.0
2076-01,Balochistan,Quetta,ssp585,195.7
2076-02,Balochistan,Quetta,ssp585,206.9
2076-03,Balochistan,Quetta,ssp585,202.1
2076-04,Balochistan,Quetta,ssp585,203.3
2076-05,Balochistan,Quetta,ssp585,231.1
2076-06,Balochistan,Quetta,ssp585,189.2
2076-07,Balochistan,Quetta,ssp585,175.4
2076-08,Balochistan,Quetta,ssp585,159.6
2076-09,Balochistan,Quetta,ssp585,145.8
2076-10,Balochistan,Quetta,ssp585,153.3
2076-11,Balochistan,Quetta,ssp585,154.7
2076-12,Balochistan,Quetta,ssp585,127.9
2077-01,Balochistan,Quetta,ssp585,165.4
2077-02,Balochistan,Quetta,ssp585,212.7
2077-03,Balochistan,Quetta,ssp585,216.7
2077-04,Balochistan,Quetta,ssp585,241.8
2077-05,Balochistan,Quetta,ssp585,180.2
2077-06,Balochistan,Quetta,ssp585,165.9
2077-07,Balochistan,Quetta,ssp585,197.1
2077-08,Balochistan,Quetta,ssp585,152.8
2077-09,Balochistan,Quetta,ssp585,171.1
2077-10,Balochistan,Quetta,ssp585,145.5
2077-11,Balochistan,Quetta,ssp585,175.8
2077-12,Balochistan,Quetta,ssp585,164.0
2078-01,Balochistan,Quetta,ssp585,180.1
2078-02,Balochistan,Quetta,ssp585,217.6
2078-03,Balochistan,Quetta,ssp585,216.9
2078-04,Balochistan,Quetta,ssp585,200.3
2078-05,Balochistan,Quetta,ssp585,165.9
2078-06,Balochistan,Quetta,ssp585,219.5
2078-07,Balochistan,Quetta,ssp585,181.6
2078-08,Balochistan,Quetta,ssp585,173.7
2078-09,Balochistan,Quetta,ssp585,146.8
2078-10,Balochistan,Quetta,ssp585,154.9
2078-11,Balochistan,Quetta,ssp585,148.5
2078-12,Balochistan,Quetta,ssp585,160.3
2079-01,Balochistan,Quetta,ssp585,147.3
2079-02,Balochistan,Quetta,ssp585,208.2
2079-03,Balochistan,Quetta,ssp585,210.7
2079-04,Balochistan,Quetta,ssp585,199.8
2079-05,Balochistan,Quetta,ssp585,224.6
2079-06,Balochistan,Quetta,ssp585,194.9
2079-07,Balochistan,Quetta,ssp585,178.4
2079-08,Balochistan,Quetta,ssp585,156.5
2079-09,Balochistan,Quetta,ssp585,183.9
2079-10,Balochistan,Quetta,ssp585,188.9
2079-11,Balochistan,Quetta,ssp585,146.7
2079-12,Balochistan,Quetta,ssp585,156.9
2080-01,Balochistan,Quetta,ssp585,181.6
2080-02,Balochistan,Quetta,ssp585,210.5
2080-03,Balochistan,Quetta,ssp585,210.0
2080-04,Balochistan,Quetta,ssp585,210.5
2080-05,Balochistan,Quetta,ssp585,221.0
2080-06,Balochistan,Quetta,ssp585,202.8
2080-07,Balochistan,Quetta,ssp585,182.4
2080-08,Balochistan,Quetta,ssp585,170.5
2080-09,Balochistan,Quetta,ssp585,158.1
2080-10,Balochistan,Quetta,ssp585,174.4
2080-11,Balochistan,Quetta,ssp585,163.4
2080-12,Balochistan,Quetta,ssp585,173.2
2081-01,Balochistan,Quetta,ssp585,187.2
2081-02,Balochistan,Quetta,ssp585,214.4
2081-03,Balochistan,Quetta,ssp585,205.0
2081-04,Balochistan,Quetta,ssp585,242.8
2081-05,Balochistan,Quetta,ssp585,198.6
2081-06,Balochistan,Quetta,ssp585,180.1
2081-07,Balochistan,Quetta,ssp585,191.6
2081-08,Balochistan,Quetta,ssp585,179.9
2081-09,Balochistan,Quetta,ssp585,158.8
2081-10,Balochistan,Quetta,ssp585,209.3
2081-11,Balochistan,Quetta,ssp585,171.7
2081-12,Balochistan,Quetta,ssp585,193.5
2082-01,Balochistan,Quetta,ssp585,197.9
2082-02,Balochistan,Quetta,ssp585,207.5
2082-03,Balochistan,Quetta,ssp585,199.2
2082-04,Balochistan,Quetta,ssp585,218.6
2082-05,Balochistan,Quetta,ssp585,220.7
2082-06,Balochistan,Quetta,ssp585,184.0
2082-07,Balochistan,Quetta,ssp585,156.3
2082-08,Balochistan,Quetta,ssp585,194.2
2082-09,Balochistan,Quetta,ssp585,176.0
2082-10,Balochistan,Quetta,ssp585,169.8
2082-11,Balochistan,Quetta,ssp585,163.0
2082-12,Balochistan,Quetta,ssp585,188.9
2083-01,Balochistan,Quetta,ssp585,170.5
2083-02,Balochistan,Quetta,ssp585,195.7
2083-03,Balochistan,Quetta,ssp585,205.9
2083-04,Balochistan,Quetta,ssp585,235.2
2083-05,Balochistan,Quetta,ssp585,210.6
2083-06,Balochistan,Quetta,ssp585,196.0
2083-07,Balochistan,Quetta,ssp585,203.6
2083-08,Balochistan,Quetta,ssp585,192.0
2083-09,Balochistan,Quetta,ssp585,166.5
2083-10,Balochistan,Quetta,ssp585,170.8
2083-11,Balochistan,Quetta,ssp585,150.0
2083-12,Balochistan,Quetta,ssp585,170.4
2084-01,Balochistan,Quetta,ssp585,178.8
2084-02,Balochistan,Quetta,ssp585,201.9
2084-03,Balochistan,Quetta,ssp585,227.0
2084-04,Balochistan,Quetta,ssp585,208.8
2084-05,Balochistan,Quetta,ssp585,226.3
2084-06,Balochistan,Quetta,ssp585,218.5
2084-07,Balochistan,Quetta,ssp585,180.0
2084-08,Balochistan,Quetta,ssp585,211.1
2084-09,Balochistan,Quetta,ssp585,166.3
2084-10,Balochistan,Quetta,ssp585,150.8
2084-11,Balochistan,Quetta,ssp585,156.8
2084-12,Balochistan,Quetta,ssp585,187.0
2085-01,Balochistan,Quetta,ssp585,191.1
2085-02,Balochistan,Quetta,ssp585,209.5
2085-03,Balochistan,Quetta,ssp585,183.6
2085-04,Balochistan,Quetta,ssp585,208.2
2085-05,Balochistan,Quetta,ssp585,196.5
2085-06,Balochistan,Quetta,ssp585,219.8
2085-07,Balochistan,Quetta,ssp585,185.6
2085-08,Balochistan,Quetta,ssp585,173.3
2085-09,Balochistan,Quetta,ssp585,172.6
2085-10,Balochistan,Quetta,ssp585,185.7
2085-11,Balochistan,Quetta,ssp585,184.7
2085-12,Balochistan,Quetta,ssp585,195.1
2086-01,Balochistan,Quetta,ssp585,184.6
2086-02,Balochistan,Quetta,ssp585,204.5
2086-03,Balochistan,Quetta,ssp585,219.8
2086-04,Balochistan,Quetta,ssp585,208.6
2086-05,Balochistan,Quetta,ssp585,218.3
2086-06,Balochistan,Quetta,ssp585,210.8
2086-07,Balochistan,Quetta,ssp585,207.0
2086-08,Balochistan,Quetta,ssp585,155.5
2086-09,Balochistan,Quetta,ssp585,168.8
2086-10,Balochistan,Quetta,ssp585,171.2
2086-11,Balochistan,Quetta,ssp585,199.5
2086-12,Balochistan,Quetta,ssp585,193.0
2087-01,Balochistan,Quetta,ssp585,189.7
2087-02,Balochistan,Quetta,ssp585,200.4
2087-03,Balochistan,Quetta,ssp585,230.8
2087-04,Balochistan,Quetta,ssp585,231.7
2087-05,Balochistan,Quetta,ssp585,208.3
2087-06,Balochistan,Quetta,ssp585,213.1
2087-07,Balochistan,Quetta,ssp585,220.3
2087-08,Balochistan,Quetta,ssp585,193.8
2087-09,Balochistan,Quetta,ssp585,164.3
2087-10,Balochistan,Quetta,ssp585,150.5
2087-11,Balochistan,Quetta,ssp585,184.7
2087-12,Balochistan,Quetta,ssp585,188.6
2088-01,Balochistan,Quetta,ssp585,213.8
2088-02,Balochistan,Quetta,ssp585,231.4
2088-03,Balochistan,Quetta,ssp585,212.4
2088-04,Balochistan,Quetta,ssp585,226.7
2088-05,Balochistan,Quetta,ssp585,210.2
2088-06,Balochistan,Quetta,ssp585,187.9
2088-07,Balochistan,Quetta,ssp585,196.0
2088-08,Balochistan,Quetta,ssp585,198.4
2088-09,Balochistan,Quetta,ssp585,178.5
2088-10,Balochistan,Quetta,ssp585,173.2
2088-11,Balochistan,Quetta,ssp585,155.1
2088-12,Balochistan,Quetta,ssp585,189.2
2089-01,Balochistan,Quetta,ssp585,200.8
2089-02,Balochistan,Quetta,ssp585,214.4
2089-03,Balochistan,Quetta,ssp585,218.5
2089-04,Balochistan,Quetta,ssp585,223.6
2089-05,Balochistan,Quetta,ssp585,232.7
2089-06,Balochistan,Quetta,ssp585,220.5
2089-07,Balochistan,Quetta,ssp585,174.5
2089-08,Balochistan,Quetta,ssp585,192.7
2089-09,Balochistan,Quetta,ssp585,173.9
2089-10,Balochistan,Quetta,ssp585,176.7
2089-11,Balochistan,Quetta,ssp585,189.4
2089-12,Balochistan,Quetta,ssp585,199.0
2090-01,Balochistan,Quetta,ssp585,229.1
2090-02,Balochistan,Quetta,ssp585,213.1
2090-03,Balochistan,Quetta,ssp585,236.0
2090-04,Balochistan,Quetta,ssp585,214.5
2090-05,Balochistan,Quetta,ssp585,235.9
2090-06,Balochistan,Quetta,ssp585,196.8
2090-07,Balochistan,Quetta,ssp585,216.0
2090-08,Balochistan,Quetta,ssp585,174.4
2090-09,Balochistan,Quetta,ssp585,161.4
2090-10,Balochistan,Quetta,ssp585,185.2
2090-11,Balochistan,Quetta,ssp585,191.1
2090-12,Balochistan,Quetta,ssp585,215.1
2091-01,Balochistan,Quetta,ssp585,199.2
2091-02,Balochistan,Quetta,ssp585,210.3
2091-03,Balochistan,Quetta,ssp585,226.8
2091-04,Balochistan,Quetta,ssp585,213.2
2091-05,Balochistan,Quetta,ssp585,216.1
2091-06,Balochistan,Quetta,ssp585,220.1
2091-07,Balochistan,Quetta,ssp585,186.8
2091-08,Balochistan,Quetta,ssp585,159.7
2091-09,Balochistan,Quetta,ssp585,160.3
2091-10,Balochistan,Quetta,ssp585,179.3
2091-11,Balochistan,Quetta,ssp585,164.7
2091-12,Balochistan,Quetta,ssp585,206.3
2092-01,Balochistan,Quetta,ssp585,217.5
2092-02,Balochistan,Quetta,ssp585,228.8
2092-03,Balochistan,Quetta,ssp585,226.3
2092-04,Balochistan,Quetta,ssp585,234.7
2092-05,Balochistan,Quetta,ssp585,211.6
2092-06,Balochistan,Quetta,ssp585,224.9
2092-07,Balochistan,Quetta,ssp585,218.9
2092-08,Balochistan,Quetta,ssp585,194.1
2092-09,Balochistan,Quetta,ssp585,164.7
2092-10,Balochistan,Quetta,ssp585,155.8
2092-11,Balochistan,Quetta,ssp585,180.7
2092-12,Balochistan,Quetta,ssp585,190.9
2093-01,Balochistan,Quetta,ssp585,238.5
2093-02,Balochistan,Quetta,ssp585,200.5
2093-03,Balochistan,Quetta,ssp585,208.3
2093-04,Balochistan,Quetta,ssp585,239.5
2093-05,Balochistan,Quetta,ssp585,224.4
2093-06,Balochistan,Quetta,ssp585,262.1
2093-07,Balochistan,Quetta,ssp585,190.4
2093-08,Balochistan,Quetta,ssp585,217.2
2093-09,Balochistan,Quetta,ssp585,171.8
2093-10,Balochistan,Quetta,ssp585,181.5
2093-11,Balochistan,Quetta,ssp585,181.6
2093-12,Balochistan,Quetta,ssp585,181.6
2094-01,Balochistan,Quetta,ssp585,228.7
2094-02,Balochistan,Quetta,ssp585,230.9
2094-03,Balochistan,Quetta,ssp585,218.9
2094-04,Balochistan,Quetta,ssp585,255.1
2094-05,Balochistan,Quetta,ssp585,220.8
2094-06,Balochistan,Quetta,ssp585,242.8
2094-07,Balochistan,Quetta,ssp585,212.6
2094-08,Balochistan,Quetta,ssp585,185.2
2094-09,Balochistan,Quetta,ssp585,187.9
2094-10,Balochistan,Quetta,ssp585,171.1
2094-11,Balochistan,Quetta,ssp585,161.8
2094-12,Balochistan,Quetta,ssp585,217.2
2095-01,Balochistan,Quetta,ssp585,202.2
2095-02,Balochistan,Quetta,ssp585,213.3
2095-03,Balochistan,Quetta,ssp585,213.5
2095-04,Balochistan,Quetta,ssp585,241.9
2095-05,Balochistan,Quetta,ssp585,205.2
2095-06,Balochistan,Quetta,ssp585,209.7
2095-07,Balochistan,Quetta,ssp585,214.5
2095-08,Balochistan,Quetta,ssp585,180.8
2095-09,Balochistan,Quetta,ssp585,197.4
2095-10,Balochistan,Quetta,ssp585,194.4
2095-11,Balochistan,Quetta,ssp585,201.8
2095-12,Balochistan,Quetta,ssp585,195.1
2096-01,Balochistan,Quetta,ssp585,201.6
2096-02,Balochistan,Quetta,ssp585,216.2
2096-03,Balochistan,Quetta,ssp585,263.4
2096-04,Balochistan,Quetta,ssp585,247.8
2096-05,Balochistan,Quetta,ssp585,239.9
2096-06,Balochistan,Quetta,ssp585,232.2
2096-07,Balochistan,Quetta,ssp585,239.9
2096-08,Balochistan,Quetta,ssp585,220.9
2096-09,Balochistan,Quetta,ssp585,166.0
2096-10,Balochistan,Quetta,ssp585,190.4
2096-11,Balochistan,Quetta,ssp585,216.7
2096-12,Balochistan,Quetta,ssp585,197.5
2097-01,Balochistan,Quetta,ssp585,213.0
2097-02,Balochistan,Quetta,ssp585,217.2
2097-03,Balochistan,Quetta,ssp585,245.1
2097-04,Balochistan,Quetta,ssp585,236.3
2097-05,Balochistan,Quetta,ssp585,257.1
2097-06,Balochistan,Quetta,ssp585,213.1
2097-07,Balochistan,Quetta,ssp585,210.4
2097-08,Balochistan,Quetta,ssp585,204.2
2097-09,Balochistan,Quetta,ssp585,186.5
2097-10,Balochistan,Quetta,ssp585,183.8
2097-11,Balochistan,Quetta,ssp585,195.4
2097-12,Balochistan,Quetta,ssp585,197.6
2098-01,Balochistan,Quetta,ssp585,217.5
2098-02,Balochistan,Quetta,ssp585,209.7
2098-03,Balochistan,Quetta,ssp585,257.2
2098-04,Balochistan,Quetta,ssp585,215.5
2098-05,Balochistan,Quetta,ssp585,230.0
2098-06,Balochistan,Quetta,ssp585,250.3
2098-07,Balochistan,Quetta,ssp585,185.4
2098-08,Balochistan,Quetta,ssp585,233.6
2098-09,Balochistan,Quetta,ssp585,185.0
2098-10,Balochistan,Quetta,ssp585,185.8
2098-11,Balochistan,Quetta,ssp585,193.7
2098-12,Balochistan,Quetta,ssp585,219.5
2099-01,Balochistan,Quetta,ssp585,215.3
2099-02,Balochistan,Quetta,ssp585,240.6
2099-03,Balochistan,Quetta,ssp585,255.1
2099-04,Balochistan,Quetta,ssp585,267.6
2099-05,Balochistan,Quetta,ssp585,244.9
2099-06,Balochistan,Quetta,ssp585,222.9
2099-07,Balochistan,Quetta,ssp585,200.6
2099-08,Balochistan,Quetta,ssp585,194.9
2099-09,Balochistan,Quetta,ssp585,190.5
2099-10,Balochistan,Quetta,ssp585,183.3
2099-11,Balochistan,Quetta,ssp585,206.9
2099-12,Balochistan,Quetta,ssp585,177.0
2100-01,Balochistan,Quetta,ssp585,209.8
2100-02,Balochistan,Quetta,ssp585,244.3
2100-03,Balochistan,Quetta,ssp585,237.5
2100-04,Balochistan,Quetta,ssp585,245.0
2100-05,Balochistan,Quetta,ssp585,252.4
2100-06,Balochistan,Quetta,ssp585,255.0
2100-07,Balochistan,Quetta,ssp585,237.7
2100-08,Balochistan,Quetta,ssp585,195.7
2100-09,Balochistan,Quetta,ssp585,169.6
2100-10,Balochistan,Quetta,ssp585,194.2
2100-11,Balochistan,Quetta,ssp585,182.4
2100-12,Balochistan,Quetta,ssp585,200.2
1980-01,ICT,Islamabad,historical,85.4
1980-02,ICT,Islamabad,historical,103.4
1980-03,ICT,Islamabad,historical,114.4
1980-04,ICT,Islamabad,historical,124.0
1980-05,ICT,Islamabad,historical,127.2
1980-06,ICT,Islamabad,historical,106.2
1980-07,ICT,Islamabad,historical,77.5
1980-08,ICT,Islamabad,historical,60.2
1980-09,ICT,Islamabad,historical,42.0
1980-10,ICT,Islamabad,historical,44.6
1980-11,ICT,Islamabad,historical,38.4
1980-12,ICT,Islamabad,historical,61.2
1981-01,ICT,Islamabad,historical,93.5
1981-02,ICT,Islamabad,historical,94.5
1981-03,ICT,Islamabad,historical,116.2
1981-04,ICT,Islamabad,historical,133.2
1981-05,ICT,Islamabad,historical,129.4
1981-06,ICT,Islamabad,historical,106.3
1981-07,ICT,Islamabad,historical,81.3
1981-08,ICT,Islamabad,historical,56.2
1981-09,ICT,Islamabad,historical,28.5
1981-10,ICT,Islamabad,historical,28.7
1981-11,ICT,Islamabad,historical,48.5
1981-12,ICT,Islamabad,historical,53.3
1982-01,ICT,Islamabad,historical,76.6
1982-02,ICT,Islamabad,historical,101.8
1982-03,ICT,Islamabad,historical,115.2
1982-04,ICT,Islamabad,historical,118.9
1982-05,ICT,Islamabad,historical,100.7
1982-06,ICT,Islamabad,historical,103.2
1982-07,ICT,Islamabad,historical,78.4
1982-08,ICT,Islamabad,historical,58.5
1982-09,ICT,Islamabad,historical,38.0
1982-10,ICT,Islamabad,historical,39.7
1982-11,ICT,Islamabad,historical,34.7
1982-12,ICT,Islamabad,historical,67.2
1983-01,ICT,Islamabad,historical,84.3
1983-02,ICT,Islamabad,historical,107.2
1983-03,ICT,Islamabad,historical,114.7
1983-04,ICT,Islamabad,historical,106.1
1983-05,ICT,Islamabad,historical,108.7
1983-06,ICT,Islamabad,historical,87.9
1983-07,ICT,Islamabad,historical,78.8
1983-08,ICT,Islamabad,historical,59.6
1983-09,ICT,Islamabad,historical,55.4
1983-10,ICT,Islamabad,historical,30.1
1983-11,ICT,Islamabad,historical,37.3
1983-12,ICT,Islamabad,historical,45.2
1984-01,ICT,Islamabad,historical,98.1
1984-02,ICT,Islamabad,historical,104.8
1984-03,ICT,Islamabad,historical,125.4
1984-04,ICT,Islamabad,historical,119.2
1984-05,ICT,Islamabad,historical,114.1
1984-06,ICT,Islamabad,historical,98.5
1984-07,ICT,Islamabad,historical,62.3
1984-08,ICT,Islamabad,historical,51.3
1984-09,ICT,Islamabad,historical,40.6
1984-10,ICT,Islamabad,historical,37.1
1984-11,ICT,Islamabad,historical,49.1
1984-12,ICT,Islamabad,historical,58.7
1985-01,ICT,Islamabad,historical,74.2
1985-02,ICT,Islamabad,historical,94.2
1985-03,ICT,Islamabad,historical,111.7
1985-04,ICT,Islamabad,historical,135.2
1985-05,ICT,Islamabad,historical,117.8
1985-06,ICT,Islamabad,historical,100.1
1985-07,ICT,Islamabad,historical,90.1
1985-08,ICT,Islamabad,historical,61.0
1985-09,ICT,Islamabad,historical,44.2
1985-10,ICT,Islamabad,historical,26.9
1985-11,ICT,Islamabad,historical,47.7
1985-12,ICT,Islamabad,historical,48.5
1986-01,ICT,Islamabad,historical,77.9
1986-02,ICT,Islamabad,historical,91.4
1986-03,ICT,Islamabad,historical,127.8
1986-04,ICT,Islamabad,historical,126.0
1986-05,ICT,Islamabad,historical,113.8
1986-06,ICT,Islamabad,historical,93.3
1986-07,ICT,Islamabad,historical,75.1
1986-08,ICT,Islamabad,historical,58.5
1986-09,ICT,Islamabad,historical,26.8
1986-10,ICT,Islamabad,historical,40.8
1986-11,ICT,Islamabad,historical,47.6
1986-12,ICT,Islamabad,historical,56.1
1987-01,ICT,Islamabad,historical,81.2
1987-02,ICT,Islamabad,historical,107.5
1987-03,ICT,Islamabad,historical,121.1
1987-04,ICT,Islamabad,historical,124.0
1987-05,ICT,Islamabad,historical,112.0
1987-06,ICT,Islamabad,historical,97.7
1987-07,ICT,Islamabad,historical,78.3
1987-08,ICT,Islamabad,historical,41.9
1987-09,ICT,Islamabad,historical,43.3
1987-10,ICT,Islamabad,historical,26.2
1987-11,ICT,Islamabad,historical,42.1
1987-12,ICT,Islamabad,historical,56.7
1988-01,ICT,Islamabad,historical,76.1
1988-02,ICT,Islamabad,historical,87.6
1988-03,ICT,Islamabad,historical,119.6
1988-04,ICT,Islamabad,historical,123.8
1988-05,ICT,Islamabad,historical,117.2
1988-06,ICT,Islamabad,historical,102.3
1988-07,ICT,Islamabad,historical,72.5
1988-08,ICT,Islamabad,historical,65.2
1988-09,ICT,Islamabad,historical,41.1
1988-10,ICT,Islamabad,historical,40.9
1988-11,ICT,Islamabad,historical,34.5
1988-12,ICT,Islamabad,historical,51.8
1989-01,ICT,Islamabad,historical,80.6
1989-02,ICT,Islamabad,historical,102.3
1989-03,ICT,Islamabad,historical,116.3
1989-04,ICT,Islamabad,historical,131.0
1989-05,ICT,Islamabad,historical,104.7
1989-06,ICT,Islamabad,historical,100.7
1989-07,ICT,Islamabad,historical,68.8
1989-08,ICT,Islamabad,historical,69.1
1989-09,ICT,Islamabad,historical,42.9
1989-10,ICT,Islamabad,historical,46.1
1989-11,ICT,Islamabad,historical,52.4
1989-12,ICT,Islamabad,historical,52.4
1990-01,ICT,Islamabad,historical,75.8
1990-02,ICT,Islamabad,historical,110.3
1990-03,ICT,Islamabad,historical,110.8
1990-04,ICT,Islamabad,historical,121.2
1990-05,ICT,Islamabad,historical,113.6
1990-06,ICT,Islamabad,historical,92.4
1990-07,ICT,Islamabad,historical,93.0
1990-08,ICT,Islamabad,historical,61.9
1990-09,ICT,Islamabad,historical,38.1
1990-10,ICT,Islamabad,historical,25.5
1990-11,ICT,Islamabad,historical,40.0
1990-12,ICT,Islamabad,historical,61.5
1991-01,ICT,Islamabad,historical,91.2
1991-02,ICT,Islamabad,historical,115.1
1991-03,ICT,Islamabad,historical,117.7
1991-04,ICT,Islamabad,historical,133.7
1991-05,ICT,Islamabad,historical,118.0
1991-06,ICT,Islamabad,historical,107.0
1991-07,ICT,Islamabad,historical,80.2
1991-08,ICT,Islamabad,historical,53.2
1991-09,ICT,Islamabad,historical,51.7
1991-10,ICT,Islamabad,historical,33.5
1991-11,ICT,Islamabad,historical,36.3
1991-12,ICT,Islamabad,historical,50.5
1992-01,ICT,Islamabad,historical,84.9
1992-02,ICT,Islamabad,historical,105.8
1992-03,ICT,Islamabad,historical,121.9
1992-04,ICT,Islamabad,historical,123.3
1992-05,ICT,Islamabad,historical,106.4
1992-06,ICT,Islamabad,historical,109.2
1992-07,ICT,Islamabad,historical,83.5
1992-08,ICT,Islamabad,historical,59.7
1992-09,ICT,Islamabad,historical,34.4
1992-10,ICT,Islamabad,historical,29.7
1992-11,ICT,Islamabad,historical,45.4
1992-12,ICT,Islamabad,historical,51.5
1993-01,ICT,Islamabad,historical,83.2
1993-02,ICT,Islamabad,historical,101.7
1993-03,ICT,Islamabad,historical,119.3
1993-04,ICT,Islamabad,historical,129.0
1993-05,ICT,Islamabad,historical,122.0
1993-06,ICT,Islamabad,historical,102.3
1993-07,ICT,Islamabad,historical,72.2
1993-08,ICT,Islamabad,historical,55.1
1993-09,ICT,Islamabad,historical,50.5
1993-10,ICT,Islamabad,historical,36.6
1993-11,ICT,Islamabad,historical,53.4
1993-12,ICT,Islamabad,historical,46.8
1994-01,ICT,Islamabad,historical,89.4
1994-02,ICT,Islamabad,historical,93.2
1994-03,ICT,Islamabad,historical,106.2
1994-04,ICT,Islamabad,historical,115.7
1994-05,ICT,Islamabad,historical,109.1
1994-06,ICT,Islamabad,historical,111.6
1994-07,ICT,Islamabad,historical,71.7
1994-08,ICT,Islamabad,historical,59.8
1994-09,ICT,Islamabad,historical,39.4
1994-10,ICT,Islamabad,historical,23.5
1994-11,ICT,Islamabad,historical,44.1
1994-12,ICT,Islamabad,historical,58.0
1995-01,ICT,Islamabad,historical,69.9
1995-02,ICT,Islamabad,historical,107.7
1995-03,ICT,Islamabad,historical,110.2
1995-04,ICT,Islamabad,historical,109.5
1995-05,ICT,Islamabad,historical,123.6
1995-06,ICT,Islamabad,historical,97.3
1995-07,ICT,Islamabad,historical,70.3
1995-08,ICT,Islamabad,historical,52.7
1995-09,ICT,Islamabad,historical,36.7
1995-10,ICT,Islamabad,historical,34.5
1995-11,ICT,Islamabad,historical,32.2
1995-12,ICT,Islamabad,historical,64.8
1996-01,ICT,Islamabad,historical,81.9
1996-02,ICT,Islamabad,historical,98.6
1996-03,ICT,Islamabad,historical,129.0
1996-04,ICT,Islamabad,historical,123.3
1996-05,ICT,Islamabad,historical,119.2
1996-06,ICT,Islamabad,historical,99.4
1996-07,ICT,Islamabad,historical,78.6
1996-08,ICT,Islamabad,historical,65.7
1996-09,ICT,Islamabad,historical,37.1
1996-10,ICT,Islamabad,historical,41.1
1996-11,ICT,Islamabad,historical,35.8
1996-12,ICT,Islamabad,historical,52.3
1997-01,ICT,Islamabad,historical,71.9
1997-02,ICT,Islamabad,historical,89.9
1997-03,ICT,Islamabad,historical,119.9
1997-04,ICT,Islamabad,historical,113.1
1997-05,ICT,Islamabad,historical,122.8
1997-06,ICT,Islamabad,historical,106.8
1997-07,ICT,Islamabad,historical,76.2
1997-08,ICT,Islamabad,historical,61.8
1997-09,ICT,Islamabad,historical,44.3
1997-10,ICT,Islamabad,historical,42.2
1997-11,ICT,Islamabad,historical,33.5
1997-12,ICT,Islamabad,historical,59.7
1998-01,ICT,Islamabad,historical,86.5
1998-02,ICT,Islamabad,historical,98.6
1998-03,ICT,Islamabad,historical,119.1
1998-04,ICT,Islamabad,historical,118.0
1998-05,ICT,Islamabad,historical,132.0
1998-06,ICT,Islamabad,historical,106.4
1998-07,ICT,Islamabad,historical,77.0
1998-08,ICT,Islamabad,historical,66.4
1998-09,ICT,Islamabad,historical,39.8
1998-10,ICT,Islamabad,historical,37.4
1998-11,ICT,Islamabad,historical,46.0
1998-12,ICT,Islamabad,historical,67.7
1999-01,ICT,Islamabad,historical,76.2
1999-02,ICT,Islamabad,historical,114.5
1999-03,ICT,Islamabad,historical,123.3
1999-04,ICT,Islamabad,historical,129.3
1999-05,ICT,Islamabad,historical,122.2
1999-06,ICT,Islamabad,historical,108.2
1999-07,ICT,Islamabad,historical,81.9
1999-08,ICT,Islamabad,historical,57.9
1999-09,ICT,Islamabad,historical,51.3
1999-10,ICT,Islamabad,historical,37.6
1999-11,ICT,Islamabad,historical,46.8
1999-12,ICT,Islamabad,historical,49.6
2000-01,ICT,Islamabad,historical,89.5
2000-02,ICT,Islamabad,historical,103.3
2000-03,ICT,Islamabad,historical,126.7
2000-04,ICT,Islamabad,historical,126.3
2000-05,ICT,Islamabad,historical,116.0
2000-06,ICT,Islamabad,historical,105.8
2000-07,ICT,Islamabad,historical,72.5
2000-08,ICT,Islamabad,historical,44.2
2000-09,ICT,Islamabad,historical,34.0
2000-10,ICT,Islamabad,historical,44.0
2000-11,ICT,Islamabad,historical,35.5
2000-12,ICT,Islamabad,historical,52.9
2001-01,ICT,Islamabad,historical,85.4
2001-02,ICT,Islamabad,historical,104.0
2001-03,ICT,Islamabad,historical,111.1
2001-04,ICT,Islamabad,historical,121.8
2001-05,ICT,Islamabad,historical,113.2
2001-06,ICT,Islamabad,historical,106.4
2001-07,ICT,Islamabad,historical,81.8
2001-08,ICT,Islamabad,historical,50.2
2001-09,ICT,Islamabad,historical,31.7
2001-10,ICT,Islamabad,historical,23.7
2001-11,ICT,Islamabad,historical,44.8
2001-12,ICT,Islamabad,historical,61.7
2002-01,ICT,Islamabad,historical,80.1
2002-02,ICT,Islamabad,historical,94.1
2002-03,ICT,Islamabad,historical,107.6
2002-04,ICT,Islamabad,historical,127.8
2002-05,ICT,Islamabad,historical,97.5
2002-06,ICT,Islamabad,historical,103.9
2002-07,ICT,Islamabad,historical,75.6
2002-08,ICT,Islamabad,historical,53.9
2002-09,ICT,Islamabad,historical,56.6
2002-10,ICT,Islamabad,historical,39.6
2002-11,ICT,Islamabad,historical,42.2
2002-12,ICT,Islamabad,historical,56.0
2003-01,ICT,Islamabad,historical,68.6
2003-02,ICT,Islamabad,historical,92.2
2003-03,ICT,Islamabad,historical,103.9
2003-04,ICT,Islamabad,historical,121.3
2003-05,ICT,Islamabad,historical,106.9
2003-06,ICT,Islamabad,historical,99.9
2003-07,ICT,Islamabad,historical,75.8
2003-08,ICT,Islamabad,historical,60.9
2003-09,ICT,Islamabad,historical,41.7
2003-10,ICT,Islamabad,historical,33.4
2003-11,ICT,Islamabad,historical,39.8
2003-12,ICT,Islamabad,historical,49.9
2004-01,ICT,Islamabad,historical,81.4
2004-02,ICT,Islamabad,historical,100.3
2004-03,ICT,Islamabad,historical,131.0
2004-04,ICT,Islamabad,historical,129.9
2004-05,ICT,Islamabad,historical,117.6
2004-06,ICT,Islamabad,historical,108.7
2004-07,ICT,Islamabad,historical,70.6
2004-08,ICT,Islamabad,historical,52.8
2004-09,ICT,Islamabad,historical,30.8
2004-10,ICT,Islamabad,historical,40.7
2004-11,ICT,Islamabad,historical,45.9
2004-12,ICT,Islamabad,historical,49.7
2005-01,ICT,Islamabad,historical,86.2
2005-02,ICT,Islamabad,historical,102.9
2005-03,ICT,Islamabad,historical,108.7
2005-04,ICT,Islamabad,historical,121.0
2005-05,ICT,Islamabad,historical,114.7
2005-06,ICT,Islamabad,historical,113.8
2005-07,ICT,Islamabad,historical,77.2
2005-08,ICT,Islamabad,historical,61.9
2005-09,ICT,Islamabad,historical,41.4
2005-10,ICT,Islamabad,historical,47.1
2005-11,ICT,Islamabad,historical,35.8
2005-12,ICT,Islamabad,historical,62.8
2006-01,ICT,Islamabad,historical,78.5
2006-02,ICT,Islamabad,historical,96.8
2006-03,ICT,Islamabad,historical,116.9
2006-04,ICT,Islamabad,historical,133.7
2006-05,ICT,Islamabad,historical,121.2
2006-06,ICT,Islamabad,historical,95.8
2006-07,ICT,Islamabad,historical,73.5
2006-08,ICT,Islamabad,historical,63.6
2006-09,ICT,Islamabad,historical,49.7
2006-10,ICT,Islamabad,historical,29.7
2006-11,ICT,Islamabad,historical,34.7
2006-12,ICT,Islamabad,historical,52.0
2007-01,ICT,Islamabad,historical,70.5
2007-02,ICT,Islamabad,historical,104.9
2007-03,ICT,Islamabad,historical,118.0
2007-04,ICT,Islamabad,historical,118.9
2007-05,ICT,Islamabad,historical,104.3
2007-06,ICT,Islamabad,historical,97.5
2007-07,ICT,Islamabad,historical,70.7
2007-08,ICT,Islamabad,historical,62.0
2007-09,ICT,Islamabad,historical,44.4
2007-10,ICT,Islamabad,historical,39.2
2007-11,ICT,Islamabad,historical,39.4
2007-12,ICT,Islamabad,historical,62.8
2008-01,ICT,Islamabad,historical,85.1
2008-02,ICT,Islamabad,historical,104.0
2008-03,ICT,Islamabad,historical,125.6
2008-04,ICT,Islamabad,historical,121.2
2008-05,ICT,Islamabad,historical,108.1
2008-06,ICT,Islamabad,historical,91.3
2008-07,ICT,Islamabad,historical,90.3
2008-08,ICT,Islamabad,historical,48.3
2008-09,ICT,Islamabad,historical,44.4
2008-10,ICT,Islamabad,historical,35.4
2008-11,ICT,Islamabad,historical,40.1
2008-12,ICT,Islamabad,historical,65.8
2009-01,ICT,Islamabad,historical,89.2
2009-02,ICT,Islamabad,historical,95.4
2009-03,ICT,Islamabad,historical,117.6
2009-04,ICT,Islamabad,historical,123.5
2009-05,ICT,Islamabad,historical,106.4
2009-06,ICT,Islamabad,historical,104.9
2009-07,ICT,Islamabad,historical,82.4
2009-08,ICT,Islamabad,historical,56.6
2009-09,ICT,Islamabad,historical,51.5
2009-10,ICT,Islamabad,historical,23.2
2009-11,ICT,Islamabad,historical,46.3
2009-12,ICT,Islamabad,historical,53.0
2010-01,ICT,Islamabad,historical,71.2
2010-02,ICT,Islamabad,historical,105.6
2010-03,ICT,Islamabad,historical,115.5
2010-04,ICT,Islamabad,historical,118.7
2010-05,ICT,Islamabad,historical,128.4
2010-06,ICT,Islamabad,historical,91.2
2010-07,ICT,Islamabad,historical,70.3
2010-08,ICT,Islamabad,historical,51.5
2010-09,ICT,Islamabad,historical,43.0
2010-10,ICT,Islamabad,historical,34.9
2010-11,ICT,Islamabad,historical,40.4
2010-12,ICT,Islamabad,historical,50.2
2011-01,ICT,Islamabad,historical,71.7
2011-02,ICT,Islamabad,historical,102.7
2011-03,ICT,Islamabad,historical,103.5
2011-04,ICT,Islamabad,historical,126.3
2011-05,ICT,Islamabad,historical,114.3
2011-06,ICT,Islamabad,historical,108.2
2011-07,ICT,Islamabad,historical,81.6
2011-08,ICT,Islamabad,historical,60.2
2011-09,ICT,Islamabad,historical,42.4
2011-10,ICT,Islamabad,historical,19.3
2011-11,ICT,Islamabad,historical,43.6
2011-12,ICT,Islamabad,historical,55.6
2012-01,ICT,Islamabad,historical,86.1
2012-02,ICT,Islamabad,historical,94.5
2012-03,ICT,Islamabad,historical,109.3
2012-04,ICT,Islamabad,historical,129.6
2012-05,ICT,Islamabad,historical,110.8
2012-06,ICT,Islamabad,historical,105.6
2012-07,ICT,Islamabad,historical,69.1
2012-08,ICT,Islamabad,historical,56.3
2012-09,ICT,Islamabad,historical,43.9
2012-10,ICT,Islamabad,historical,33.9
2012-11,ICT,Islamabad,historical,39.0
2012-12,ICT,Islamabad,historical,63.0
2013-01,ICT,Islamabad,historical,64.6
2013-02,ICT,Islamabad,historical,94.4
2013-03,ICT,Islamabad,historical,104.3
2013-04,ICT,Islamabad,historical,115.5
2013-05,ICT,Islamabad,historical,110.7
2013-06,ICT,Islamabad,historical,103.1
2013-07,ICT,Islamabad,historical,76.7
2013-08,ICT,Islamabad,historical,60.8
2013-09,ICT,Islamabad,historical,49.0
2013-10,ICT,Islamabad,historical,45.2
2013-11,ICT,Islamabad,historical,38.8
2013-12,ICT,Islamabad,historical,35.5
2014-01,ICT,Islamabad,historical,80.7
2014-02,ICT,Islamabad,historical,108.7
2014-03,ICT,Islamabad,historical,107.6
2014-04,ICT,Islamabad,historical,117.7
2014-05,ICT,Islamabad,historical,121.0
2014-06,ICT,Islamabad,historical,103.8
2014-07,ICT,Islamabad,historical,82.8
2014-08,ICT,Islamabad,historical,60.7
2014-09,ICT,Islamabad,historical,27.2
2014-10,ICT,Islamabad,historical,40.6
2014-11,ICT,Islamabad,historical,37.1
2014-12,ICT,Islamabad,historical,72.2
2015-01,ICT,Islamabad,ssp245,91.5
2015-02,ICT,Islamabad,ssp245,99.5
2015-03,ICT,Islamabad,ssp245,126.7
2015-04,ICT,Islamabad,ssp245,117.1
2015-05,ICT,Islamabad,ssp245,120.0
2015-06,ICT,Islamabad,ssp245,104.8
2015-07,ICT,Islamabad,ssp245,85.9
2015-08,ICT,Islamabad,ssp245,46.3
2015-09,ICT,Islamabad,ssp245,58.0
2015-10,ICT,Islamabad,ssp245,38.6
2015-11,ICT,Islamabad,ssp245,51.0
2015-12,ICT,Islamabad,ssp245,55.3
2016-01,ICT,Islamabad,ssp245,79.8
2016-02,ICT,Islamabad,ssp245,100.5
2016-03,ICT,Islamabad,ssp245,118.3
2016-04,ICT,Islamabad,ssp245,121.8
2016-05,ICT,Islamabad,ssp245,122.9
2016-06,ICT,Islamabad,ssp245,119.4
2016-07,ICT,Islamabad,ssp245,68.7
2016-08,ICT,Islamabad,ssp245,52.9
2016-09,ICT,Islamabad,ssp245,28.0
2016-10,ICT,Islamabad,ssp245,34.8
2016-11,ICT,Islamabad,ssp245,41.6
2016-12,ICT,Islamabad,ssp245,62.2
2017-01,ICT,Islamabad,ssp245,76.4
2017-02,ICT,Islamabad,ssp245,88.0
2017-03,ICT,Islamabad,ssp245,110.6
2017-04,ICT,Islamabad,ssp245,127.1
2017-05,ICT,Islamabad,ssp245,117.3
2017-06,ICT,Islamabad,ssp245,118.1
2017-07,ICT,Islamabad,ssp245,93.5
2017-08,ICT,Islamabad,ssp245,58.7
2017-09,ICT,Islamabad,ssp245,48.8
2017-10,ICT,Islamabad,ssp245,42.5
2017-11,ICT,Islamabad,ssp245,55.7
2017-12,ICT,Islamabad,ssp245,66.2
2018-01,ICT,Islamabad,ssp245,80.5
2018-02,ICT,Islamabad,ssp245,96.5
2018-03,ICT,Islamabad,ssp245,113.1
2018-04,ICT,Islamabad,ssp245,125.0
2018-05,ICT,Islamabad,ssp245,113.2
2018-06,ICT,Islamabad,ssp245,96.8
2018-07,ICT,Islamabad,ssp245,84.0
2018-08,ICT,Islamabad,ssp245,48.3
2018-09,ICT,Islamabad,ssp245,37.4
2018-10,ICT,Islamabad,ssp245,54.8
2018-11,ICT,Islamabad,ssp245,28.1
2018-12,ICT,Islamabad,ssp245,67.9
2019-01,ICT,Islamabad,ssp245,84.3
2019-02,ICT,Islamabad,ssp245,97.8
2019-03,ICT,Islamabad,ssp245,126.5
2019-04,ICT,Islamabad,ssp245,116.6
2019-05,ICT,Islamabad,ssp245,122.0
2019-06,ICT,Islamabad,ssp245,103.1
2019-07,ICT,Islamabad,ssp245,82.2
2019-08,ICT,Islamabad,ssp245,60.5
2019-09,ICT,Islamabad,ssp245,50.2
2019-10,ICT,Islamabad,ssp245,45.3
2019-11,ICT,Islamabad,ssp245,56.4
2019-12,ICT,Islamabad,ssp245,57.5
2020-01,ICT,Islamabad,ssp245,83.0
2020-02,ICT,Islamabad,ssp245,109.7
2020-03,ICT,Islamabad,ssp245,126.2
2020-04,ICT,Islamabad,ssp245,115.6
2020-05,ICT,Islamabad,ssp245,120.4
2020-06,ICT,Islamabad,ssp245,110.6
2020-07,ICT,Islamabad,ssp245,97.4
2020-08,ICT,Islamabad,ssp245,48.8
2020-09,ICT,Islamabad,ssp245,54.3
2020-10,ICT,Islamabad,ssp245,30.5
2020-11,ICT,Islamabad,ssp245,49.3
2020-12,ICT,Islamabad,ssp245,62.5
2021-01,ICT,Islamabad,ssp245,79.4
2021-02,ICT,Islamabad,ssp245,104.3
2021-03,ICT,Islamabad,ssp245,125.7
2021-04,ICT,Islamabad,ssp245,135.4
2021-05,ICT,Islamabad,ssp245,121.8
2021-06,ICT,Islamabad,ssp245,114.1
2021-07,ICT,Islamabad,ssp245,75.3
2021-08,ICT,Islamabad,ssp245,57.6
2021-09,ICT,Islamabad,ssp245,36.0
2021-10,ICT,Islamabad,ssp245,42.6
2021-11,ICT,Islamabad,ssp245,50.2
2021-12,ICT,Islamabad,ssp245,69.4
2022-01,ICT,Islamabad,ssp245,86.0
2022-02,ICT,Islamabad,ssp245,113.5
2022-03,ICT,Islamabad,ssp245,109.4
2022-04,ICT,Islamabad,ssp245,130.4
2022-05,ICT,Islamabad,ssp245,117.7
2022-06,ICT,Islamabad,ssp245,112.0
2022-07,ICT,Islamabad,ssp245,82.3
2022-08,ICT,Islamabad,ssp245,64.5
2022-09,ICT,Islamabad,ssp245,60.4
2022-10,ICT,Islamabad,ssp245,52.8
2022-11,ICT,Islamabad,ssp245,48.6
2022-12,ICT,Islamabad,ssp245,58.0
2023-01,ICT,Islamabad,ssp245,93.0
2023-02,ICT,Islamabad,ssp245,106.8
2023-03,ICT,Islamabad,ssp245,122.1
2023-04,ICT,Islamabad,ssp245,126.8
2023-05,ICT,Islamabad,ssp245,117.7
2023-06,ICT,Islamabad,ssp245,109.9
2023-07,ICT,Islamabad,ssp245,95.8
2023-08,ICT,Islamabad,ssp245,72.9
2023-09,ICT,Islamabad,ssp245,45.4
2023-10,ICT,Islamabad,ssp245,30.6
2023-11,ICT,Islamabad,ssp245,35.4
2023-12,ICT,Islamabad,ssp245,66.8
2024-01,ICT,Islamabad,ssp245,79.3
2024-02,ICT,Islamabad,ssp245,109.6
2024-03,ICT,Islamabad,ssp245,125.7
2024-04,ICT,Islamabad,ssp245,137.4
2024-05,ICT,Islamabad,ssp245,109.0
2024-06,ICT,Islamabad,ssp245,108.6
2024-07,ICT,Islamabad,ssp245,88.3
2024-08,ICT,Islamabad,ssp245,63.3
2024-09,ICT,Islamabad,ssp245,51.0
2024-10,ICT,Islamabad,ssp245,38.4
2024-11,ICT,Islamabad,ssp245,47.1
2024-12,ICT,Islamabad,ssp245,73.4
2025-01,ICT,Islamabad,ssp245,80.9
2025-02,ICT,Islamabad,ssp245,112.8
2025-03,ICT,Islamabad,ssp245,131.3
2025-04,ICT,Islamabad,ssp245,128.8
2025-05,ICT,Islamabad,ssp245,125.3
2025-06,ICT,Islamabad,ssp245,103.4
2025-07,ICT,Islamabad,ssp245,91.4
2025-08,ICT,Islamabad,ssp245,60.9
2025-09,ICT,Islamabad,ssp245,42.6
2025-10,ICT,Islamabad,ssp245,50.8
2025-11,ICT,Islamabad,ssp245,53.9
2025-12,ICT,Islamabad,ssp245,71.8
2026-01,ICT,Islamabad,ssp245,75.9
2026-02,ICT,Islamabad,ssp245,97.7
2026-03,ICT,Islamabad,ssp245,121.8
2026-04,ICT,Islamabad,ssp245,128.4
2026-05,ICT,Islamabad,ssp245,125.9
2026-06,ICT,Islamabad,ssp245,110.4
2026-07,ICT,Islamabad,ssp245,87.2
2026-08,ICT,Islamabad,ssp245,54.2
2026-09,ICT,Islamabad,ssp245,62.3
2026-10,ICT,Islamabad,ssp245,52.8
2026-11,ICT,Islamabad,ssp245,63.5
2026-12,ICT,Islamabad,ssp245,61.3
2027-01,ICT,Islamabad,ssp245,79.4
2027-02,ICT,Islamabad,ssp245,108.3
2027-03,ICT,Islamabad,ssp245,120.7
2027-04,ICT,Islamabad,ssp245,133.0
2027-05,ICT,Islamabad,ssp245,129.6
2027-06,ICT,Islamabad,ssp245,116.6
2027-07,ICT,Islamabad,ssp245,75.6
2027-08,ICT,Islamabad,ssp245,65.5
2027-09,ICT,Islamabad,ssp245,54.8
2027-10,ICT,Islamabad,ssp245,61.1
2027-11,ICT,Islamabad,ssp245,59.1
2027-12,ICT,Islamabad,ssp245,65.5
2028-01,ICT,Islamabad,ssp245,93.8
2028-02,ICT,Islamabad,ssp245,125.2
2028-03,ICT,Islamabad,ssp245,130.9
2028-04,ICT,Islamabad,ssp245,134.1
2028-05,ICT,Islamabad,ssp245,147.3
2028-06,ICT,Islamabad,ssp245,115.5
2028-07,ICT,Islamabad,ssp245,97.8
2028-08,ICT,Islamabad,ssp245,74.5
2028-09,ICT,Islamabad,ssp245,49.5
2028-10,ICT,Islamabad,ssp245,48.7
2028-11,ICT,Islamabad,ssp245,52.4
2028-12,ICT,Islamabad,ssp245,75.5
2029-01,ICT,Islamabad,ssp245,92.8
2029-02,ICT,Islamabad,ssp245,108.1
2029-03,ICT,Islamabad,ssp245,129.3
2029-04,ICT,Islamabad,ssp245,139.8
2029-05,ICT,Islamabad,ssp245,132.5
2029-06,ICT,Islamabad,ssp245,103.2
2029-07,ICT,Islamabad,ssp245,101.1
2029-08,ICT,Islamabad,ssp245,80.1
2029-09,ICT,Islamabad,ssp245,54.5
2029-10,ICT,Islamabad,ssp245,52.4
2029-11,ICT,Islamabad,ssp245,66.2
2029-12,ICT,Islamabad,ssp245,76.7
2030-01,ICT,Islamabad,ssp245,93.6
2030-02,ICT,Islamabad,ssp245,106.8
2030-03,ICT,Islamabad,ssp245,145.4
2030-04,ICT,Islamabad,ssp245,138.1
2030-05,ICT,Islamabad,ssp245,127.5
2030-06,ICT,Islamabad,ssp245,112.4
2030-07,ICT,Islamabad,ssp245,92.2
2030-08,ICT,Islamabad,ssp245,58.1
2030-09,ICT,Islamabad,ssp245,59.5
2030-10,ICT,Islamabad,ssp245,60.1
2030-11,ICT,Islamabad,ssp245,53.5
2030-12,ICT,Islamabad,ssp245,78.4
2031-01,ICT,Islamabad,ssp245,92.3
2031-02,ICT,Islamabad,ssp245,115.7
2031-03,ICT,Islamabad,ssp245,131.0
2031-04,ICT,Islamabad,ssp245,142.9
2031-05,ICT,Islamabad,ssp245,131.0
2031-06,ICT,Islamabad,ssp245,127.4
2031-07,ICT,Islamabad,ssp245,88.1
2031-08,ICT,Islamabad,ssp245,73.9
2031-09,ICT,Islamabad,ssp245,73.7
2031-10,ICT,Islamabad,ssp245,62.3
2031-11,ICT,Islamabad,ssp245,48.8
2031-12,ICT,Islamabad,ssp245,69.7
2032-01,ICT,Islamabad,ssp245,102.9
2032-02,ICT,Islamabad,ssp245,111.5
2032-03,ICT,Islamabad,ssp245,132.8
2032-04,ICT,Islamabad,ssp245,140.1
2032-05,ICT,Islamabad,ssp245,125.2
2032-06,ICT,Islamabad,ssp245,117.2
2032-07,ICT,Islamabad,ssp245,88.6
2032-08,ICT,Islamabad,ssp245,80.7
2032-09,ICT,Islamabad,ssp245,62.1
2032-10,ICT,Islamabad,ssp245,55.5
2032-11,ICT,Islamabad,ssp245,65.7
2032-12,ICT,Islamabad,ssp245,72.8
2033-01,ICT,Islamabad,ssp245,96.7
2033-02,ICT,Islamabad,ssp245,125.1
2033-03,ICT,Islamabad,ssp245,123.5
2033-04,ICT,Islamabad,ssp245,135.4
2033-05,ICT,Islamabad,ssp245,126.9
2033-06,ICT,Islamabad,ssp245,130.3
2033-07,ICT,Islamabad,ssp245,99.8
2033-08,ICT,Islamabad,ssp245,74.1
2033-09,ICT,Islamabad,ssp245,66.3
2033-10,ICT,Islamabad,ssp245,66.6
2033-11,ICT,Islamabad,ssp245,53.1
2033-12,ICT,Islamabad,ssp245,75.3
2034-01,ICT,Islamabad,ssp245,103.6
2034-02,ICT,Islamabad,ssp245,127.0
2034-03,ICT,Islamabad,ssp245,122.5
2034-04,ICT,Islamabad,ssp245,142.7
2034-05,ICT,Islamabad,ssp245,129.7
2034-06,ICT,Islamabad,ssp245,116.7
2034-07,ICT,Islamabad,ssp245,97.9
2034-08,ICT,Islamabad,ssp245,69.7
2034-09,ICT,Islamabad,ssp245,57.1
2034-10,ICT,Islamabad,ssp245,60.5
2034-11,ICT,Islamabad,ssp245,63.9
2034-12,ICT,Islamabad,ssp245,81.5
2035-01,ICT,Islamabad,ssp245,90.5
2035-02,ICT,Islamabad,ssp245,116.5
2035-03,ICT,Islamabad,ssp245,147.5
2035-04,ICT,Islamabad,ssp245,142.0
2035-05,ICT,Islamabad,ssp245,136.3
2035-06,ICT,Islamabad,ssp245,106.2
2035-07,ICT,Islamabad,ssp245,91.8
2035-08,ICT,Islamabad,ssp245,74.7
2035-09,ICT,Islamabad,ssp245,56.8
2035-10,ICT,Islamabad,ssp245,49.4
2035-11,ICT,Islamabad,ssp245,58.5
2035-12,ICT,Islamabad,ssp245,67.9
2036-01,ICT,Islamabad,ssp245,114.1
2036-02,ICT,Islamabad,ssp245,101.7
2036-03,ICT,Islamabad,ssp245,139.8
2036-04,ICT,Islamabad,ssp245,144.3
2036-05,ICT,Islamabad,ssp245,134.4
2036-06,ICT,Islamabad,ssp245,113.8
2036-07,ICT,Islamabad,ssp245,99.4
2036-08,ICT,Islamabad,ssp245,72.9
2036-09,ICT,Islamabad,ssp245,61.6
2036-10,ICT,Islamabad,ssp245,51.2
2036-11,ICT,Islamabad,ssp245,42.7
2036-12,ICT,Islamabad,ssp245,85.7
2037-01,ICT,Islamabad,ssp245,107.6
2037-02,ICT,Islamabad,ssp245,123.5
2037-03,ICT,Islamabad,ssp245,144.2
2037-04,ICT,Islamabad,ssp245,155.8
2037-05,ICT,Islamabad,ssp245,124.9
2037-06,ICT,Islamabad,ssp245,122.9
2037-07,ICT,Islamabad,ssp245,92.7
2037-08,ICT,Islamabad,ssp245,76.2
2037-09,ICT,Islamabad,ssp245,60.2
2037-10,ICT,Islamabad,ssp245,64.8
2037-11,ICT,Islamabad,ssp245,58.0
2037-12,ICT,Islamabad,ssp245,95.6
2038-01,ICT,Islamabad,ssp245,96.5
2038-02,ICT,Islamabad,ssp245,114.1
2038-03,ICT,Islamabad,ssp245,132.9
2038-04,ICT,Islamabad,ssp245,139.5
2038-05,ICT,Islamabad,ssp245,136.2
2038-06,ICT,Islamabad,ssp245,119.4
2038-07,ICT,Islamabad,ssp245,96.0
2038-08,ICT,Islamabad,ssp245,78.7
2038-09,ICT,Islamabad,ssp245,54.3
2038-10,ICT,Islamabad,ssp245,49.8
2038-11,ICT,Islamabad,ssp245,57.9
2038-12,ICT,Islamabad,ssp245,79.0
2039-01,ICT,Islamabad,ssp245,83.9
2039-02,ICT,Islamabad,ssp245,127.7
2039-03,ICT,Islamabad,ssp245,150.6
2039-04,ICT,Islamabad,ssp245,139.9
2039-05,ICT,Islamabad,ssp245,142.2
2039-06,ICT,Islamabad,ssp245,120.5
2039-07,ICT,Islamabad,ssp245,87.7
2039-08,ICT,Islamabad,ssp245,78.2
2039-09,ICT,Islamabad,ssp245,72.6
2039-10,ICT,Islamabad,ssp245,59.3
2039-11,ICT,Islamabad,ssp245,66.4
2039-12,ICT,Islamabad,ssp245,83.1
2040-01,ICT,Islamabad,ssp245,109.2
2040-02,ICT,Islamabad,ssp245,123.5
2040-03,ICT,Islamabad,ssp245,145.0
2040-04,ICT,Islamabad,ssp245,157.4
2040-05,ICT,Islamabad,ssp245,133.9
2040-06,ICT,Islamabad,ssp245,123.1
2040-07,ICT,Islamabad,ssp245,111.1
2040-08,ICT,Islamabad,ssp245,84.6
2040-09,ICT,Islamabad,ssp245,69.5
2040-10,ICT,Islamabad,ssp245,65.7
2040-11,ICT,Islamabad,ssp245,60.5
2040-12,ICT,Islamabad,ssp245,79.7
2041-01,ICT,Islamabad,ssp245,91.3
2041-02,ICT,Islamabad,ssp245,112.5
2041-03,ICT,Islamabad,ssp245,139.2
2041-04,ICT,Islamabad,ssp245,161.5
2041-05,ICT,Islamabad,ssp245,148.5
2041-06,ICT,Islamabad,ssp245,118.2
2041-07,ICT,Islamabad,ssp245,100.3
2041-08,ICT,Islamabad,ssp245,92.5
2041-09,ICT,Islamabad,ssp245,61.6
2041-10,ICT,Islamabad,ssp245,64.1
2041-11,ICT,Islamabad,ssp245,55.6
2041-12,ICT,Islamabad,ssp245,79.7
2042-01,ICT,Islamabad,ssp245,108.4
2042-02,ICT,Islamabad,ssp245,128.4
2042-03,ICT,Islamabad,ssp245,141.6
2042-04,ICT,Islamabad,ssp245,142.1
2042-05,ICT,Islamabad,ssp245,142.2
2042-06,ICT,Islamabad,ssp245,130.3
2042-07,ICT,Islamabad,ssp245,108.0
2042-08,ICT,Islamabad,ssp245,73.4
2042-09,ICT,Islamabad,ssp245,68.1
2042-10,ICT,Islamabad,ssp245,54.8
2042-11,ICT,Islamabad,ssp245,69.0
2042-12,ICT,Islamabad,ssp245,73.3
2043-01,ICT,Islamabad,ssp245,103.1
2043-02,ICT,Islamabad,ssp245,141.2
2043-03,ICT,Islamabad,ssp245,151.3
2043-04,ICT,Islamabad,ssp245,140.9
2043-05,ICT,Islamabad,ssp245,138.9
2043-06,ICT,Islamabad,ssp245,128.4
2043-07,ICT,Islamabad,ssp245,110.8
2043-08,ICT,Islamabad,ssp245,61.5
2043-09,ICT,Islamabad,ssp245,80.1
2043-10,ICT,Islamabad,ssp245,70.2
2043-11,ICT,Islamabad,ssp245,71.4
2043-12,ICT,Islamabad,ssp245,88.3
2044-01,ICT,Islamabad,ssp245,111.2
2044-02,ICT,Islamabad,ssp245,123.4
2044-03,ICT,Islamabad,ssp245,146.3
2044-04,ICT,Islamabad,ssp245,148.7
2044-05,ICT,Islamabad,ssp245,136.1
2044-06,ICT,Islamabad,ssp245,128.0
2044-07,ICT,Islamabad,ssp245,103.4
2044-08,ICT,Islamabad,ssp245,79.3
2044-09,ICT,Islamabad,ssp245,65.5
2044-10,ICT,Islamabad,ssp245,63.6
2044-11,ICT,Islamabad,ssp245,62.5
2044-12,ICT,Islamabad,ssp245,82.7
2045-01,ICT,Islamabad,ssp245,100.8
2045-02,ICT,Islamabad,ssp245,135.0
2045-03,ICT,Islamabad,ssp245,141.7
2045-04,ICT,Islamabad,ssp245,159.9
2045-05,ICT,Islamabad,ssp245,129.7
2045-06,ICT,Islamabad,ssp245,126.5
2045-07,ICT,Islamabad,ssp245,118.4
2045-08,ICT,Islamabad,ssp245,70.0
2045-09,ICT,Islamabad,ssp245,84.1
2045-10,ICT,Islamabad,ssp245,59.6
2045-11,ICT,Islamabad,ssp245,66.9
2045-12,ICT,Islamabad,ssp245,72.1
2046-01,ICT,Islamabad,ssp245,100.0
2046-02,ICT,Islamabad,ssp245,126.9
2046-03,ICT,Islamabad,ssp245,149.1
2046-04,ICT,Islamabad,ssp245,140.7
2046-05,ICT,Islamabad,ssp245,138.6
2046-06,ICT,Islamabad,ssp245,127.6
2046-07,ICT,Islamabad,ssp245,107.8
2046-08,ICT,Islamabad,ssp245,88.6
2046-09,ICT,Islamabad,ssp245,65.5
2046-10,ICT,Islamabad,ssp245,72.0
2046-11,ICT,Islamabad,ssp245,65.4
2046-12,ICT,Islamabad,ssp245,76.5
2047-01,ICT,Islamabad,ssp245,111.5
2047-02,ICT,Islamabad,ssp245,140.8
2047-03,ICT,Islamabad,ssp245,165.5
2047-04,ICT,Islamabad,ssp245,152.9
2047-05,ICT,Islamabad,ssp245,143.7
2047-06,ICT,Islamabad,ssp245,134.7
2047-07,ICT,Islamabad,ssp245,109.8
2047-08,ICT,Islamabad,ssp245,86.9
2047-09,ICT,Islamabad,ssp245,63.4
2047-10,ICT,Islamabad,ssp245,69.8
2047-11,ICT,Islamabad,ssp245,79.0
2047-12,ICT,Islamabad,ssp245,88.6
2048-01,ICT,Islamabad,ssp245,116.4
2048-02,ICT,Islamabad,ssp245,136.3
2048-03,ICT,Islamabad,ssp245,147.7
2048-04,ICT,Islamabad,ssp245,171.5
2048-05,ICT,Islamabad,ssp245,146.7
2048-06,ICT,Islamabad,ssp245,131.2
2048-07,ICT,Islamabad,ssp245,109.4
2048-08,ICT,Islamabad,ssp245,97.8
2048-09,ICT,Islamabad,ssp245,84.7
2048-10,ICT,Islamabad,ssp245,70.7
2048-11,ICT,Islamabad,ssp245,73.1
2048-12,ICT,Islamabad,ssp245,100.2
2049-01,ICT,Islamabad,ssp245,125.4
2049-02,ICT,Islamabad,ssp245,130.5
2049-03,ICT,Islamabad,ssp245,160.7
2049-04,ICT,Islamabad,ssp245,141.6
2049-05,ICT,Islamabad,ssp245,160.2
2049-06,ICT,Islamabad,ssp245,133.2
2049-07,ICT,Islamabad,ssp245,102.9
2049-08,ICT,Islamabad,ssp245,90.5
2049-09,ICT,Islamabad,ssp245,83.3
2049-10,ICT,Islamabad,ssp245,59.3
2049-11,ICT,Islamabad,ssp245,75.1
2049-12,ICT,Islamabad,ssp245,88.3
2050-01,ICT,Islamabad,ssp245,128.3
2050-02,ICT,Islamabad,ssp245,137.0
2050-03,ICT,Islamabad,ssp245,157.3
2050-04,ICT,Islamabad,ssp245,166.3
2050-05,ICT,Islamabad,ssp245,153.1
2050-06,ICT,Islamabad,ssp245,131.4
2050-07,ICT,Islamabad,ssp245,99.6
2050-08,ICT,Islamabad,ssp245,98.2
2050-09,ICT,Islamabad,ssp245,85.5
2050-10,ICT,Islamabad,ssp245,73.1
2050-11,ICT,Islamabad,ssp245,78.5
2050-12,ICT,Islamabad,ssp245,92.6
2051-01,ICT,Islamabad,ssp245,91.8
2051-02,ICT,Islamabad,ssp245,128.9
2051-03,ICT,Islamabad,ssp245,154.7
2051-04,ICT,Islamabad,ssp245,167.0
2051-05,ICT,Islamabad,ssp245,165.9
2051-06,ICT,Islamabad,ssp245,136.9
2051-07,ICT,Islamabad,ssp245,117.5
2051-08,ICT,Islamabad,ssp245,86.4
2051-09,ICT,Islamabad,ssp245,71.8
2051-10,ICT,Islamabad,ssp245,54.0
2051-11,ICT,Islamabad,ssp245,60.3
2051-12,ICT,Islamabad,ssp245,82.6
2052-01,ICT,Islamabad,ssp245,95.8
2052-02,ICT,Islamabad,ssp245,134.1
2052-03,ICT,Islamabad,ssp245,139.9
2052-04,ICT,Islamabad,ssp245,166.3
2052-05,ICT,Islamabad,ssp245,150.8
2052-06,ICT,Islamabad,ssp245,133.8
2052-07,ICT,Islamabad,ssp245,118.7
2052-08,ICT,Islamabad,ssp245,84.7
2052-09,ICT,Islamabad,ssp245,76.6
2052-10,ICT,Islamabad,ssp245,68.0
2052-11,ICT,Islamabad,ssp245,71.4
2052-12,ICT,Islamabad,ssp245,95.4
2053-01,ICT,Islamabad,ssp245,118.0
2053-02,ICT,Islamabad,ssp245,145.6
2053-03,ICT,Islamabad,ssp245,158.9
2053-04,ICT,Islamabad,ssp245,170.2
2053-05,ICT,Islamabad,ssp245,153.4
2053-06,ICT,Islamabad,ssp245,136.7
2053-07,ICT,Islamabad,ssp245,114.5
2053-08,ICT,Islamabad,ssp245,101.0
2053-09,ICT,Islamabad,ssp245,72.5
2053-10,ICT,Islamabad,ssp245,80.6
2053-11,ICT,Islamabad,ssp245,74.8
2053-12,ICT,Islamabad,ssp245,84.7
2054-01,ICT,Islamabad,ssp245,112.3
2054-02,ICT,Islamabad,ssp245,138.8
2054-03,ICT,Islamabad,ssp245,164.4
2054-04,ICT,Islamabad,ssp245,166.6
2054-05,ICT,Islamabad,ssp245,158.1
2054-06,ICT,Islamabad,ssp245,147.7
2054-07,ICT,Islamabad,ssp245,129.4
2054-08,ICT,Islamabad,ssp245,92.0
2054-09,ICT,Islamabad,ssp245,80.2
2054-10,ICT,Islamabad,ssp245,67.9
2054-11,ICT,Islamabad,ssp245,76.9
2054-12,ICT,Islamabad,ssp245,97.4
2055-01,ICT,Islamabad,ssp245,116.0
2055-02,ICT,Islamabad,ssp245,133.1
2055-03,ICT,Islamabad,ssp245,160.6
2055-04,ICT,Islamabad,ssp245,151.3
2055-05,ICT,Islamabad,ssp245,159.1
2055-06,ICT,Islamabad,ssp245,136.2
2055-07,ICT,Islamabad,ssp245,117.6
2055-08,ICT,Islamabad,ssp245,91.6
2055-09,ICT,Islamabad,ssp245,91.3
2055-10,ICT,Islamabad,ssp245,78.1
2055-11,ICT,Islamabad,ssp245,81.9
2055-12,ICT,Islamabad,ssp245,99.9
2056-01,ICT,Islamabad,ssp245,115.7
2056-02,ICT,Islamabad,ssp245,144.9
2056-03,ICT,Islamabad,ssp245,161.9
2056-04,ICT,Islamabad,ssp245,176.6
2056-05,ICT,Islamabad,ssp245,158.8
2056-06,ICT,Islamabad,ssp245,145.9
2056-07,ICT,Islamabad,ssp245,116.5
2056-08,ICT,Islamabad,ssp245,91.0
2056-09,ICT,Islamabad,ssp245,70.7
2056-10,ICT,Islamabad,ssp245,75.7
2056-11,ICT,Islamabad,ssp245,74.6
2056-12,ICT,Islamabad,ssp245,106.1
2057-01,ICT,Islamabad,ssp245,108.5
2057-02,ICT,Islamabad,ssp245,144.2
2057-03,ICT,Islamabad,ssp245,157.8
2057-04,ICT,Islamabad,ssp245,160.8
2057-05,ICT,Islamabad,ssp245,160.8
2057-06,ICT,Islamabad,ssp245,134.5
2057-07,ICT,Islamabad,ssp245,114.2
2057-08,ICT,Islamabad,ssp245,96.4
2057-09,ICT,Islamabad,ssp245,79.7
2057-10,ICT,Islamabad,ssp245,69.2
2057-11,ICT,Islamabad,ssp245,87.1
2057-12,ICT,Islamabad,ssp245,85.2
2058-01,ICT,Islamabad,ssp245,123.0
2058-02,ICT,Islamabad,ssp245,153.3
2058-03,ICT,Islamabad,ssp245,143.2
2058-04,ICT,Islamabad,ssp245,163.3
2058-05,ICT,Islamabad,ssp245,158.8
2058-06,ICT,Islamabad,ssp245,138.8
2058-07,ICT,Islamabad,ssp245,121.2
2058-08,ICT,Islamabad,ssp245,92.7
2058-09,ICT,Islamabad,ssp245,80.9
2058-10,ICT,Islamabad,ssp245,77.4
2058-11,ICT,Islamabad,ssp245,91.4
2058-12,ICT,Islamabad,ssp245,106.5
2059-01,ICT,Islamabad,ssp245,122.5
2059-02,ICT,Islamabad,ssp245,146.6
2059-03,ICT,Islamabad,ssp245,152.3
2059-04,ICT,Islamabad,ssp245,160.7
2059-05,ICT,Islamabad,ssp245,151.4
2059-06,ICT,Islamabad,ssp245,150.2
2059-07,ICT,Islamabad,ssp245,133.1
2059-08,ICT,Islamabad,ssp245,102.1
2059-09,ICT,Islamabad,ssp245,73.0
2059-10,ICT,Islamabad,ssp245,66.6
2059-11,ICT,Islamabad,ssp245,92.0
2059-12,ICT,Islamabad,ssp245,100.3
2060-01,ICT,Islamabad,ssp245,116.1
2060-02,ICT,Islamabad,ssp245,153.3
2060-03,ICT,Islamabad,ssp245,173.5
2060-04,ICT,Islamabad,ssp245,175.7
2060-05,ICT,Islamabad,ssp245,156.8
2060-06,ICT,Islamabad,ssp245,152.1
2060-07,ICT,Islamabad,ssp245,122.9
2060-08,ICT,Islamabad,ssp245,102.1
2060-09,ICT,Islamabad,ssp245,87.8
2060-10,ICT,Islamabad,ssp245,71.0
2060-11,ICT,Islamabad,ssp245,77.5
2060-12,ICT,Islamabad,ssp245,97.1
2061-01,ICT,Islamabad,ssp245,110.9
2061-02,ICT,Islamabad,ssp245,153.3
2061-03,ICT,Islamabad,ssp245,160.5
2061-04,ICT,Islamabad,ssp245,174.0
2061-05,ICT,Islamabad,ssp245,154.7
2061-06,ICT,Islamabad,ssp245,154.8
2061-07,ICT,Islamabad,ssp245,116.8
2061-08,ICT,Islamabad,ssp245,121.1
2061-09,ICT,Islamabad,ssp245,95.1
2061-10,ICT,Islamabad,ssp245,70.8
2061-11,ICT,Islamabad,ssp245,93.3
2061-12,ICT,Islamabad,ssp245,96.5
2062-01,ICT,Islamabad,ssp245,112.0
2062-02,ICT,Islamabad,ssp245,151.9
2062-03,ICT,Islamabad,ssp245,169.1
2062-04,ICT,Islamabad,ssp245,165.3
2062-05,ICT,Islamabad,ssp245,170.9
2062-06,ICT,Islamabad,ssp245,147.5
2062-07,ICT,Islamabad,ssp245,138.4
2062-08,ICT,Islamabad,ssp245,94.9
2062-09,ICT,Islamabad,ssp245,104.7
2062-10,ICT,Islamabad,ssp245,76.8
2062-11,ICT,Islamabad,ssp245,93.4
2062-12,ICT,Islamabad,ssp245,122.5
2063-01,ICT,Islamabad,ssp245,124.7
2063-02,ICT,Islamabad,ssp245,142.4
2063-03,ICT,Islamabad,ssp245,152.7
2063-04,ICT,Islamabad,ssp245,185.5
2063-05,ICT,Islamabad,ssp245,169.2
2063-06,ICT,Islamabad,ssp245,145.6
2063-07,ICT,Islamabad,ssp245,126.5
2063-08,ICT,Islamabad,ssp245,89.6
2063-09,ICT,Islamabad,ssp245,83.1
2063-10,ICT,Islamabad,ssp245,83.0
2063-11,ICT,Islamabad,ssp245,92.1
2063-12,ICT,Islamabad,ssp245,103.8
2064-01,ICT,Islamabad,ssp245,130.5
2064-02,ICT,Islamabad,ssp245,143.1
2064-03,ICT,Islamabad,ssp245,168.5
2064-04,ICT,Islamabad,ssp245,172.2
2064-05,ICT,Islamabad,ssp245,164.6
2064-06,ICT,Islamabad,ssp245,151.0
2064-07,ICT,Islamabad,ssp245,126.5
2064-08,ICT,Islamabad,ssp245,116.2
2064-09,ICT,Islamabad,ssp245,92.8
2064-10,ICT,Islamabad,ssp245,76.6
2064-11,ICT,Islamabad,ssp245,81.7
2064-12,ICT,Islamabad,ssp245,105.7
2065-01,ICT,Islamabad,ssp245,115.0
2065-02,ICT,Islamabad,ssp245,150.6
2065-03,ICT,Islamabad,ssp245,159.0
2065-04,ICT,Islamabad,ssp245,154.1
2065-05,ICT,Islamabad,ssp245,157.5
2065-06,ICT,Islamabad,ssp245,136.0
2065-07,ICT,Islamabad,ssp245,123.5
2065-08,ICT,Islamabad,ssp245,92.7
2065-09,ICT,Islamabad,ssp245,92.8
2065-10,ICT,Islamabad,ssp245,86.0
2065-11,ICT,Islamabad,ssp245,90.0
2065-12,ICT,Islamabad,ssp245,101.5
2066-01,ICT,Islamabad,ssp245,129.9
2066-02,ICT,Islamabad,ssp245,133.0
2066-03,ICT,Islamabad,ssp245,170.7
2066-04,ICT,Islamabad,ssp245,160.0
2066-05,ICT,Islamabad,ssp245,158.7
2066-06,ICT,Islamabad,ssp245,153.3
2066-07,ICT,Islamabad,ssp245,136.1
2066-08,ICT,Islamabad,ssp245,110.2
2066-09,ICT,Islamabad,ssp245,89.8
2066-10,ICT,Islamabad,ssp245,74.4
2066-11,ICT,Islamabad,ssp245,92.5
2066-12,ICT,Islamabad,ssp245,117.1
2067-01,ICT,Islamabad,ssp245,129.3
2067-02,ICT,Islamabad,ssp245,143.0
2067-03,ICT,Islamabad,ssp245,158.7
2067-04,ICT,Islamabad,ssp245,184.5
2067-05,ICT,Islamabad,ssp245,156.6
2067-06,ICT,Islamabad,ssp245,142.4
2067-07,ICT,Islamabad,ssp245,138.6
2067-08,ICT,Islamabad,ssp245,101.6
2067-09,ICT,Islamabad,ssp245,94.6
2067-10,ICT,Islamabad,ssp245,89.5
2067-11,ICT,Islamabad,ssp245,93.6
2067-12,ICT,Islamabad,ssp245,115.6
2068-01,ICT,Islamabad,ssp245,123.4
2068-02,ICT,Islamabad,ssp245,160.9
2068-03,ICT,Islamabad,ssp245,161.7
2068-04,ICT,Islamabad,ssp245,176.1
2068-05,ICT,Islamabad,ssp245,156.6
2068-06,ICT,Islamabad,ssp245,161.0
2068-07,ICT,Islamabad,ssp245,149.0
2068-08,ICT,Islamabad,ssp245,112.5
2068-09,ICT,Islamabad,ssp245,88.3
2068-10,ICT,Islamabad,ssp245,88.8
2068-11,ICT,Islamabad,ssp245,86.5
2068-12,ICT,Islamabad,ssp245,95.2
2069-01,ICT,Islamabad,ssp245,127.3
2069-02,ICT,Islamabad,ssp245,153.0
2069-03,ICT,Islamabad,ssp245,166.9
2069-04,ICT,Islamabad,ssp245,170.9
2069-05,ICT,Islamabad,ssp245,177.5
2069-06,ICT,Islamabad,ssp245,142.0
2069-07,ICT,Islamabad,ssp245,137.7
2069-08,ICT,Islamabad,ssp245,109.7
2069-09,ICT,Islamabad,ssp245,86.5
2069-10,ICT,Islamabad,ssp245,84.1
2069-11,ICT,Islamabad,ssp245,84.9
2069-12,ICT,Islamabad,ssp245,112.0
2070-01,ICT,Islamabad,ssp245,139.0
2070-02,ICT,Islamabad,ssp245,151.3
2070-03,ICT,Islamabad,ssp245,170.1
2070-04,ICT,Islamabad,ssp245,168.7
2070-05,ICT,Islamabad,ssp245,168.8
2070-06,ICT,Islamabad,ssp245,164.5
2070-07,ICT,Islamabad,ssp245,120.8
2070-08,ICT,Islamabad,ssp245,101.7
2070-09,ICT,Islamabad,ssp245,87.2
2070-10,ICT,Islamabad,ssp245,90.8
2070-11,ICT,Islamabad,ssp245,87.6
2070-12,ICT,Islamabad,ssp245,111.6
2071-01,ICT,Islamabad,ssp245,125.1
2071-02,ICT,Islamabad,ssp245,152.6
2071-03,ICT,Islamabad,ssp245,175.0
2071-04,ICT,Islamabad,ssp245,154.9
2071-05,ICT,Islamabad,ssp245,162.9
2071-06,ICT,Islamabad,ssp245,153.0
2071-07,ICT,Islamabad,ssp245,130.8
2071-08,ICT,Islamabad,ssp245,107.2
2071-09,ICT,Islamabad,ssp245,85.9
2071-10,ICT,Islamabad,ssp245,104.9
2071-11,ICT,Islamabad,ssp245,91.1
2071-12,ICT,Islamabad,ssp245,108.7
2072-01,ICT,Islamabad,ssp245,138.1
2072-02,ICT,Islamabad,ssp245,143.6
2072-03,ICT,Islamabad,ssp245,168.8
2072-04,ICT,Islamabad,ssp245,177.8
2072-05,ICT,Islamabad,ssp245,170.6
2072-06,ICT,Islamabad,ssp245,159.3
2072-07,ICT,Islamabad,ssp245,126.4
2072-08,ICT,Islamabad,ssp245,112.6
2072-09,ICT,Islamabad,ssp245,105.3
2072-10,ICT,Islamabad,ssp245,82.9
2072-11,ICT,Islamabad,ssp245,96.3
2072-12,ICT,Islamabad,ssp245,119.4
2073-01,ICT,Islamabad,ssp245,130.2
2073-02,ICT,Islamabad,ssp245,169.8
2073-03,ICT,Islamabad,ssp245,167.5
2073-04,ICT,Islamabad,ssp245,176.8
2073-05,ICT,Islamabad,ssp245,171.4
2073-06,ICT,Islamabad,ssp245,157.6
2073-07,ICT,Islamabad,ssp245,129.8
2073-08,ICT,Islamabad,ssp245,122.9
2073-09,ICT,Islamabad,ssp245,91.2
2073-10,ICT,Islamabad,ssp245,87.3
2073-11,ICT,Islamabad,ssp245,109.7
2073-12,ICT,Islamabad,ssp245,116.3
2074-01,ICT,Islamabad,ssp245,135.2
2074-02,ICT,Islamabad,ssp245,160.3
2074-03,ICT,Islamabad,ssp245,183.4
2074-04,ICT,Islamabad,ssp245,186.0
2074-05,ICT,Islamabad,ssp245,167.7
2074-06,ICT,Islamabad,ssp245,151.3
2074-07,ICT,Islamabad,ssp245,132.5
2074-08,ICT,Islamabad,ssp245,134.4
2074-09,ICT,Islamabad,ssp245,96.0
2074-10,ICT,Islamabad,ssp245,87.0
2074-11,ICT,Islamabad,ssp245,105.0
2074-12,ICT,Islamabad,ssp245,101.2
2075-01,ICT,Islamabad,ssp245,135.2
2075-02,ICT,Islamabad,ssp245,148.7
2075-03,ICT,Islamabad,ssp245,171.1
2075-04,ICT,Islamabad,ssp245,180.8
2075-05,ICT,Islamabad,ssp245,171.2
2075-06,ICT,Islamabad,ssp245,161.5
2075-07,ICT,Islamabad,ssp245,147.6
2075-08,ICT,Islamabad,ssp245,113.4
2075-09,ICT,Islamabad,ssp245,104.7
2075-10,ICT,Islamabad,ssp245,88.2
2075-11,ICT,Islamabad,ssp245,102.4
2075-12,ICT,Islamabad,ssp245,114.9
2076-01,ICT,Islamabad,ssp245,148.7
2076-02,ICT,Islamabad,ssp245,153.3
2076-03,ICT,Islamabad,ssp245,173.6
2076-04,ICT,Islamabad,ssp245,181.7
2076-05,ICT,Islamabad,ssp245,180.9
2076-06,ICT,Islamabad,ssp245,157.5
2076-07,ICT,Islamabad,ssp245,128.4
2076-08,ICT,Islamabad,ssp245,102.8
2076-09,ICT,Islamabad,ssp245,104.3
2076-10,ICT,Islamabad,ssp245,87.2
2076-11,ICT,Islamabad,ssp245,104.0
2076-12,ICT,Islamabad,ssp245,119.6
2077-01,ICT,Islamabad,ssp245,137.6
2077-02,ICT,Islamabad,ssp245,166.5
2077-03,ICT,Islamabad,ssp245,160.8
2077-04,ICT,Islamabad,ssp245,180.6
2077-05,ICT,Islamabad,ssp245,176.7
2077-06,ICT,Islamabad,ssp245,174.1
2077-07,ICT,Islamabad,ssp245,132.4
2077-08,ICT,Islamabad,ssp245,123.1
2077-09,ICT,Islamabad,ssp245,101.6
2077-10,ICT,Islamabad,ssp245,87.0
2077-11,ICT,Islamabad,ssp245,100.9
2077-12,ICT,Islamabad,ssp245,103.8
2078-01,ICT,Islamabad,ssp245,137.1
2078-02,ICT,Islamabad,ssp245,172.3
2078-03,ICT,Islamabad,ssp245,163.5
2078-04,ICT,Islamabad,ssp245,172.5
2078-05,ICT,Islamabad,ssp245,174.4
2078-06,ICT,Islamabad,ssp245,155.7
2078-07,ICT,Islamabad,ssp245,138.3
2078-08,ICT,Islamabad,ssp245,118.7
2078-09,ICT,Islamabad,ssp245,98.5
2078-10,ICT,Islamabad,ssp245,98.3
2078-11,ICT,Islamabad,ssp245,101.0
2078-12,ICT,Islamabad,ssp245,128.6
2079-01,ICT,Islamabad,ssp245,146.7
2079-02,ICT,Islamabad,ssp245,160.9
2079-03,ICT,Islamabad,ssp245,178.2
2079-04,ICT,Islamabad,ssp245,185.3
2079-05,ICT,Islamabad,ssp245,176.8
2079-06,ICT,Islamabad,ssp245,164.7
2079-07,ICT,Islamabad,ssp245,137.6
2079-08,ICT,Islamabad,ssp245,130.7
2079-09,ICT,Islamabad,ssp245,107.7
2079-10,ICT,Islamabad,ssp245,88.1
2079-11,ICT,Islamabad,ssp245,98.5
2079-12,ICT,Islamabad,ssp245,113.9
2080-01,ICT,Islamabad,ssp245,127.3
2080-02,ICT,Islamabad,ssp245,174.3
2080-03,ICT,Islamabad,ssp245,185.9
2080-04,ICT,Islamabad,ssp245,185.3
2080-05,ICT,Islamabad,ssp245,174.2
2080-06,ICT,Islamabad,ssp245,170.1
2080-07,ICT,Islamabad,ssp245,129.1
2080-08,ICT,Islamabad,ssp245,122.8
2080-09,ICT,Islamabad,ssp245,106.8
2080-10,ICT,Islamabad,ssp245,109.8
2080-11,ICT,Islamabad,ssp245,101.3
2080-12,ICT,Islamabad,ssp245,114.8
2081-01,ICT,Islamabad,ssp245,156.8
2081-02,ICT,Islamabad,ssp245,166.8
2081-03,ICT,Islamabad,ssp245,190.5
2081-04,ICT,Islamabad,ssp245,183.5
2081-05,ICT,Islamabad,ssp245,173.4
2081-06,ICT,Islamabad,ssp245,161.4
2081-07,ICT,Islamabad,ssp245,148.3
2081-08,ICT,Islamabad,ssp245,142.3
2081-09,ICT,Islamabad,ssp245,100.5
2081-10,ICT,Islamabad,ssp245,103.8
2081-11,ICT,Islamabad,ssp245,100.4
2081-12,ICT,Islamabad,ssp245,131.7
2082-01,ICT,Islamabad,ssp245,153.6
2082-02,ICT,Islamabad,ssp245,166.8
2082-03,ICT,Islamabad,ssp245,184.4
2082-04,ICT,Islamabad,ssp245,192.9
2082-05,ICT,Islamabad,ssp245,157.6
2082-06,ICT,Islamabad,ssp245,175.8
2082-07,ICT,Islamabad,ssp245,164.0
2082-08,ICT,Islamabad,ssp245,124.7
2082-09,ICT,Islamabad,ssp245,97.4
2082-10,ICT,Islamabad,ssp245,96.9
2082-11,ICT,Islamabad,ssp245,107.7
2082-12,ICT,Islamabad,ssp245,139.4
2083-01,ICT,Islamabad,ssp245,151.0
2083-02,ICT,Islamabad,ssp245,173.5
2083-03,ICT,Islamabad,ssp245,183.8
2083-04,ICT,Islamabad,ssp245,184.8
2083-05,ICT,Islamabad,ssp245,186.7
2083-06,ICT,Islamabad,ssp245,189.7
2083-07,ICT,Islamabad,ssp245,140.0
2083-08,ICT,Islamabad,ssp245,120.6
2083-09,ICT,Islamabad,ssp245,114.0
2083-10,ICT,Islamabad,ssp245,112.3
2083-11,ICT,Islamabad,ssp245,106.2
2083-12,ICT,Islamabad,ssp245,115.2
2084-01,ICT,Islamabad,ssp245,134.0
2084-02,ICT,Islamabad,ssp245,173.7
2084-03,ICT,Islamabad,ssp245,173.6
2084-04,ICT,Islamabad,ssp245,193.8
2084-05,ICT,Islamabad,ssp245,179.7
2084-06,ICT,Islamabad,ssp245,173.7
2084-07,ICT,Islamabad,ssp245,158.0
2084-08,ICT,Islamabad,ssp245,133.5
2084-09,ICT,Islamabad,ssp245,120.4
2084-10,ICT,Islamabad,ssp245,98.7
2084-11,ICT,Islamabad,ssp245,103.9
2084-12,ICT,Islamabad,ssp245,132.7
2085-01,ICT,Islamabad,ssp245,133.8
2085-02,ICT,Islamabad,ssp245,177.2
2085-03,ICT,Islamabad,ssp245,175.0
2085-04,ICT,Islamabad,ssp245,189.9
2085-05,ICT,Islamabad,ssp245,187.7
2085-06,ICT,Islamabad,ssp245,160.4
2085-07,ICT,Islamabad,ssp245,150.6
2085-08,ICT,Islamabad,ssp245,122.3
2085-09,ICT,Islamabad,ssp245,106.4
2085-10,ICT,Islamabad,ssp245,112.2
2085-11,ICT,Islamabad,ssp245,104.5
2085-12,ICT,Islamabad,ssp245,132.3
2086-01,ICT,Islamabad,ssp245,154.7
2086-02,ICT,Islamabad,ssp245,183.5
2086-03,ICT,Islamabad,ssp245,176.2
2086-04,ICT,Islamabad,ssp245,198.1
2086-05,ICT,Islamabad,ssp245,192.6
2086-06,ICT,Islamabad,ssp245,167.6
2086-07,ICT,Islamabad,ssp245,140.2
2086-08,ICT,Islamabad,ssp245,117.4
2086-09,ICT,Islamabad,ssp245,116.6
2086-10,ICT,Islamabad,ssp245,112.1
2086-11,ICT,Islamabad,ssp245,120.3
2086-12,ICT,Islamabad,ssp245,125.8
2087-01,ICT,Islamabad,ssp245,145.6
2087-02,ICT,Islamabad,ssp245,151.0
2087-03,ICT,Islamabad,ssp245,182.9
2087-04,ICT,Islamabad,ssp245,196.7
2087-05,ICT,Islamabad,ssp245,177.8
2087-06,ICT,Islamabad,ssp245,166.2
2087-07,ICT,Islamabad,ssp245,154.4
2087-08,ICT,Islamabad,ssp245,130.5
2087-09,ICT,Islamabad,ssp245,109.9
2087-10,ICT,Islamabad,ssp245,88.8
2087-11,ICT,Islamabad,ssp245,105.2
2087-12,ICT,Islamabad,ssp245,118.7
2088-01,ICT,Islamabad,ssp245,158.5
2088-02,ICT,Islamabad,ssp245,159.1
2088-03,ICT,Islamabad,ssp245,190.5
2088-04,ICT,Islamabad,ssp245,198.8
2088-05,ICT,Islamabad,ssp245,190.1
2088-06,ICT,Islamabad,ssp245,167.4
2088-07,ICT,Islamabad,ssp245,165.3
2088-08,ICT,Islamabad,ssp245,120.7
2088-09,ICT,Islamabad,ssp245,108.7
2088-10,ICT,Islamabad,ssp245,111.6
2088-11,ICT,Islamabad,ssp245,115.9
2088-12,ICT,Islamabad,ssp245,124.5
2089-01,ICT,Islamabad,ssp245,144.0
2089-02,ICT,Islamabad,ssp245,172.9
2089-03,ICT,Islamabad,ssp245,168.8
2089-04,ICT,Islamabad,ssp245,179.3
2089-05,ICT,Islamabad,ssp245,193.7
2089-06,ICT,Islamabad,ssp245,151.9
2089-07,ICT,Islamabad,ssp245,146.3
2089-08,ICT,Islamabad,ssp245,128.4
2089-09,ICT,Islamabad,ssp245,107.0
2089-10,ICT,Islamabad,ssp245,102.6
2089-11,ICT,Islamabad,ssp245,116.7
2089-12,ICT,Islamabad,ssp245,126.5
2090-01,ICT,Islamabad,ssp245,131.3
2090-02,ICT,Islamabad,ssp245,177.1
2090-03,ICT,Islamabad,ssp245,190.4
2090-04,ICT,Islamabad,ssp245,194.5
2090-05,ICT,Islamabad,ssp245,181.7
2090-06,ICT,Islamabad,ssp245,158.8
2090-07,ICT,Islamabad,ssp245,166.5
2090-08,ICT,Islamabad,ssp245,128.9
2090-09,ICT,Islamabad,ssp245,120.8
2090-10,ICT,Islamabad,ssp245,111.2
2090-11,ICT,Islamabad,ssp245,112.9
2090-12,ICT,Islamabad,ssp245,141.9
2091-01,ICT,Islamabad,ssp245,161.3
2091-02,ICT,Islamabad,ssp245,182.6
2091-03,ICT,Islamabad,ssp245,183.7
2091-04,ICT,Islamabad,ssp245,187.7
2091-05,ICT,Islamabad,ssp245,198.3
2091-06,ICT,Islamabad,ssp245,175.0
2091-07,ICT,Islamabad,ssp245,151.1
2091-08,ICT,Islamabad,ssp245,123.9
2091-09,ICT,Islamabad,ssp245,102.9
2091-10,ICT,Islamabad,ssp245,117.3
2091-11,ICT,Islamabad,ssp245,115.5
2091-12,ICT,Islamabad,ssp245,123.3
2092-01,ICT,Islamabad,ssp245,150.6
2092-02,ICT,Islamabad,ssp245,165.3
2092-03,ICT,Islamabad,ssp245,185.5
2092-04,ICT,Islamabad,ssp245,189.7
2092-05,ICT,Islamabad,ssp245,193.6
2092-06,ICT,Islamabad,ssp245,177.7
2092-07,ICT,Islamabad,ssp245,151.8
2092-08,ICT,Islamabad,ssp245,145.7
2092-09,ICT,Islamabad,ssp245,115.5
2092-10,ICT,Islamabad,ssp245,105.9
2092-11,ICT,Islamabad,ssp245,119.5
2092-12,ICT,Islamabad,ssp245,138.6
2093-01,ICT,Islamabad,ssp245,144.3
2093-02,ICT,Islamabad,ssp245,189.8
2093-03,ICT,Islamabad,ssp245,192.8
2093-04,ICT,Islamabad,ssp245,192.2
2093-05,ICT,Islamabad,ssp245,200.6
2093-06,ICT,Islamabad,ssp245,182.0
2093-07,ICT,Islamabad,ssp245,168.8
2093-08,ICT,Islamabad,ssp245,139.7
2093-09,ICT,Islamabad,ssp245,110.6
2093-10,ICT,Islamabad,ssp245,110.9
2093-11,ICT,Islamabad,ssp245,116.1
2093-12,ICT,Islamabad,ssp245,139.0
2094-01,ICT,Islamabad,ssp245,141.6
2094-02,ICT,Islamabad,ssp245,180.9
2094-03,ICT,Islamabad,ssp245,189.2
2094-04,ICT,Islamabad,ssp245,188.7
2094-05,ICT,Islamabad,ssp245,181.6
2094-06,ICT,Islamabad,ssp245,169.3
2094-07,ICT,Islamabad,ssp245,158.7
2094-08,ICT,Islamabad,ssp245,138.3
2094-09,ICT,Islamabad,ssp245,118.7
2094-10,ICT,Islamabad,ssp245,118.9
2094-11,ICT,Islamabad,ssp245,113.3
2094-12,ICT,Islamabad,ssp245,138.4
2095-01,ICT,Islamabad,ssp245,159.7
2095-02,ICT,Islamabad,ssp245,175.7
2095-03,ICT,Islamabad,ssp245,187.4
2095-04,ICT,Islamabad,ssp245,192.6
2095-05,ICT,Islamabad,ssp245,187.4
2095-06,ICT,Islamabad,ssp245,179.9
2095-07,ICT,Islamabad,ssp245,155.4
2095-08,ICT,Islamabad,ssp245,122.2
2095-09,ICT,Islamabad,ssp245,122.2
2095-10,ICT,Islamabad,ssp245,117.7
2095-11,ICT,Islamabad,ssp245,110.2
2095-12,ICT,Islamabad,ssp245,141.8
2096-01,ICT,Islamabad,ssp245,161.6
2096-02,ICT,Islamabad,ssp245,179.1
2096-03,ICT,Islamabad,ssp245,190.9
2096-04,ICT,Islamabad,ssp245,209.8
2096-05,ICT,Islamabad,ssp245,193.6
2096-06,ICT,Islamabad,ssp245,190.9
2096-07,ICT,Islamabad,ssp245,156.1
2096-08,ICT,Islamabad,ssp245,109.3
2096-09,ICT,Islamabad,ssp245,110.3
2096-10,ICT,Islamabad,ssp245,119.5
2096-11,ICT,Islamabad,ssp245,122.8
2096-12,ICT,Islamabad,ssp245,141.7
2097-01,ICT,Islamabad,ssp245,165.7
2097-02,ICT,Islamabad,ssp245,191.7
2097-03,ICT,Islamabad,ssp245,192.2
2097-04,ICT,Islamabad,ssp245,208.0
2097-05,ICT,Islamabad,ssp245,201.3
2097-06,ICT,Islamabad,ssp245,172.8
2097-07,ICT,Islamabad,ssp245,162.4
2097-08,ICT,Islamabad,ssp245,144.3
2097-09,ICT,Islamabad,ssp245,127.7
2097-10,ICT,Islamabad,ssp245,129.2
2097-11,ICT,Islamabad,ssp245,139.1
2097-12,ICT,Islamabad,ssp245,138.1
2098-01,ICT,Islamabad,ssp245,154.6
2098-02,ICT,Islamabad,ssp245,185.7
2098-03,ICT,Islamabad,ssp245,197.1
2098-04,ICT,Islamabad,ssp245,208.2
2098-05,ICT,Islamabad,ssp245,198.7
2098-06,ICT,Islamabad,ssp245,167.0
2098-07,ICT,Islamabad,ssp245,154.5
2098-08,ICT,Islamabad,ssp245,131.2
2098-09,ICT,Islamabad,ssp245,104.6
2098-10,ICT,Islamabad,ssp245,119.7
2098-11,ICT,Islamabad,ssp245,133.7
2098-12,ICT,Islamabad,ssp245,129.1
2099-01,ICT,Islamabad,ssp245,166.9
2099-02,ICT,Islamabad,ssp245,169.9
2099-03,ICT,Islamabad,ssp245,191.6
2099-04,ICT,Islamabad,ssp245,202.2
2099-05,ICT,Islamabad,ssp245,200.6
2099-06,ICT,Islamabad,ssp245,192.3
2099-07,ICT,Islamabad,ssp245,156.9
2099-08,ICT,Islamabad,ssp245,140.1
2099-09,ICT,Islamabad,ssp245,120.8
2099-10,ICT,Islamabad,ssp245,118.9
2099-11,ICT,Islamabad,ssp245,113.3
2099-12,ICT,Islamabad,ssp245,135.2
2100-01,ICT,Islamabad,ssp245,159.3
2100-02,ICT,Islamabad,ssp245,166.3
2100-03,ICT,Islamabad,ssp245,200.6
2100-04,ICT,Islamabad,ssp245,203.5
2100-05,ICT,Islamabad,ssp245,192.9
2100-06,ICT,Islamabad,ssp245,180.0
2100-07,ICT,Islamabad,ssp245,160.2
2100-08,ICT,Islamabad,ssp245,151.7
2100-09,ICT,Islamabad,ssp245,118.9
2100-10,ICT,Islamabad,ssp245,106.9
2100-11,ICT,Islamabad,ssp245,123.6
2100-12,ICT,Islamabad,ssp245,151.1
2015-01,ICT,Islamabad,ssp585,76.3
2015-02,ICT,Islamabad,ssp585,101.1
2015-03,ICT,Islamabad,ssp585,108.5
2015-04,ICT,Islamabad,ssp585,116.0
2015-05,ICT,Islamabad,ssp585,121.3
2015-06,ICT,Islamabad,ssp585,104.0
2015-07,ICT,Islamabad,ssp585,80.9
2015-08,ICT,Islamabad,ssp585,55.2
2015-09,ICT,Islamabad,ssp585,50.2
2015-10,ICT,Islamabad,ssp585,30.6
2015-11,ICT,Islamabad,ssp585,47.7
2015-12,ICT,Islamabad,ssp585,60.5
2016-01,ICT,Islamabad,ssp585,70.9
2016-02,ICT,Islamabad,ssp585,96.6
2016-03,ICT,Islamabad,ssp585,108.3
2016-04,ICT,Islamabad,ssp585,126.5
2016-05,ICT,Islamabad,ssp585,120.0
2016-06,ICT,Islamabad,ssp585,95.7
2016-07,ICT,Islamabad,ssp585,77.5
2016-08,ICT,Islamabad,ssp585,55.4
2016-09,ICT,Islamabad,ssp585,46.2
2016-10,ICT,Islamabad,ssp585,40.3
2016-11,ICT,Islamabad,ssp585,47.3
2016-12,ICT,Islamabad,ssp585,69.7
2017-01,ICT,Islamabad,ssp585,84.0
2017-02,ICT,Islamabad,ssp585,113.1
2017-03,ICT,Islamabad,ssp585,110.1
2017-04,ICT,Islamabad,ssp585,121.3
2017-05,ICT,Islamabad,ssp585,122.8
2017-06,ICT,Islamabad,ssp585,101.4
2017-07,ICT,Islamabad,ssp585,93.6
2017-08,ICT,Islamabad,ssp585,51.8
2017-09,ICT,Islamabad,ssp585,50.4
2017-10,ICT,Islamabad,ssp585,53.6
2017-11,ICT,Islamabad,ssp585,38.8
2017-12,ICT,Islamabad,ssp585,55.7
2018-01,ICT,Islamabad,ssp585,97.4
2018-02,ICT,Islamabad,ssp585,105.6
2018-03,ICT,Islamabad,ssp585,113.9
2018-04,ICT,Islamabad,ssp585,121.9
2018-05,ICT,Islamabad,ssp585,126.3
2018-06,ICT,Islamabad,ssp585,114.9
2018-07,ICT,Islamabad,ssp585,64.3
2018-08,ICT,Islamabad,ssp585,61.0
2018-09,ICT,Islamabad,ssp585,41.9
2018-10,ICT,Islamabad,ssp585,57.1
2018-11,ICT,Islamabad,ssp585,47.3
2018-12,ICT,Islamabad,ssp585,70.0
2019-01,ICT,Islamabad,ssp585,78.7
2019-02,ICT,Islamabad,ssp585,104.6
2019-03,ICT,Islamabad,ssp585,102.3
2019-04,ICT,Islamabad,ssp585,137.6
2019-05,ICT,Islamabad,ssp585,132.5
2019-06,ICT,Islamabad,ssp585,104.6
2019-07,ICT,Islamabad,ssp585,76.8
2019-08,ICT,Islamabad,ssp585,84.7
2019-09,ICT,Islamabad,ssp585,43.9
2019-10,ICT,Islamabad,ssp585,43.9
2019-11,ICT,Islamabad,ssp585,57.0
2019-12,ICT,Islamabad,ssp585,68.6
2020-01,ICT,Islamabad,ssp585,80.7
2020-02,ICT,Islamabad,ssp585,126.5
2020-03,ICT,Islamabad,ssp585,114.0
2020-04,ICT,Islamabad,ssp585,135.0
2020-05,ICT,Islamabad,ssp585,120.2
2020-06,ICT,Islamabad,ssp585,108.2
2020-07,ICT,Islamabad,ssp585,90.3
2020-08,ICT,Islamabad,ssp585,52.5
2020-09,ICT,Islamabad,ssp585,52.6
2020-10,ICT,Islamabad,ssp585,54.1
2020-11,ICT,Islamabad,ssp585,46.4
2020-12,ICT,Islamabad,ssp585,75.9
2021-01,ICT,Islamabad,ssp585,94.2
2021-02,ICT,Islamabad,ssp585,114.8
2021-03,ICT,Islamabad,ssp585,118.4
2021-04,ICT,Islamabad,ssp585,125.8
2021-05,ICT,Islamabad,ssp585,129.6
2021-06,ICT,Islamabad,ssp585,115.1
2021-07,ICT,Islamabad,ssp585,91.0
2021-08,ICT,Islamabad,ssp585,53.5
2021-09,ICT,Islamabad,ssp585,58.8
2021-10,ICT,Islamabad,ssp585,37.3
2021-11,ICT,Islamabad,ssp585,63.7
2021-12,ICT,Islamabad,ssp585,85.6
2022-01,ICT,Islamabad,ssp585,102.2
2022-02,ICT,Islamabad,ssp585,110.8
2022-03,ICT,Islamabad,ssp585,131.8
2022-04,ICT,Islamabad,ssp585,120.4
2022-05,ICT,Islamabad,ssp585,126.3
2022-06,ICT,Islamabad,ssp585,131.8
2022-07,ICT,Islamabad,ssp585,75.2
2022-08,ICT,Islamabad,ssp585,72.4
2022-09,ICT,Islamabad,ssp585,52.2
2022-10,ICT,Islamabad,ssp585,52.4
2022-11,ICT,Islamabad,ssp585,50.2
2022-12,ICT,Islamabad,ssp585,76.7
2023-01,ICT,Islamabad,ssp585,91.7
2023-02,ICT,Islamabad,ssp585,105.0
2023-03,ICT,Islamabad,ssp585,122.7
2023-04,ICT,Islamabad,ssp585,139.7
2023-05,ICT,Islamabad,ssp585,118.2
2023-06,ICT,Islamabad,ssp585,121.4
2023-07,ICT,Islamabad,ssp585,75.0
2023-08,ICT,Islamabad,ssp585,83.5
2023-09,ICT,Islamabad,ssp585,46.4
2023-10,ICT,Islamabad,ssp585,61.6
2023-11,ICT,Islamabad,ssp585,69.6
2023-12,ICT,Islamabad,ssp585,69.6
2024-01,ICT,Islamabad,ssp585,106.4
2024-02,ICT,Islamabad,ssp585,117.2
2024-03,ICT,Islamabad,ssp585,135.1
2024-04,ICT,Islamabad,ssp585,150.3
2024-05,ICT,Islamabad,ssp585,129.8
2024-06,ICT,Islamabad,ssp585,123.8
2024-07,ICT,Islamabad,ssp585,88.2
2024-08,ICT,Islamabad,ssp585,86.0
2024-09,ICT,Islamabad,ssp585,52.3
2024-10,ICT,Islamabad,ssp585,60.8
2024-11,ICT,Islamabad,ssp585,59.2
2024-12,ICT,Islamabad,ssp585,78.9
2025-01,ICT,Islamabad,ssp585,79.2
2025-02,ICT,Islamabad,ssp585,117.0
2025-03,ICT,Islamabad,ssp585,138.2
2025-04,ICT,Islamabad,ssp585,143.2
2025-05,ICT,Islamabad,ssp585,129.4
2025-06,ICT,Islamabad,ssp585,126.2
2025-07,ICT,Islamabad,ssp585,94.6
2025-08,ICT,Islamabad,ssp585,65.5
2025-09,ICT,Islamabad,ssp585,61.3
2025-10,ICT,Islamabad,ssp585,52.6
2025-11,ICT,Islamabad,ssp585,52.3
2025-12,ICT,Islamabad,ssp585,64.6
2026-01,ICT,Islamabad,ssp585,105.0
2026-02,ICT,Islamabad,ssp585,113.8
2026-03,ICT,Islamabad,ssp585,132.9
2026-04,ICT,Islamabad,ssp585,152.1
2026-05,ICT,Islamabad,ssp585,132.6
2026-06,ICT,Islamabad,ssp585,122.2
2026-07,ICT,Islamabad,ssp585,93.7
2026-08,ICT,Islamabad,ssp585,71.2
2026-09,ICT,Islamabad,ssp585,47.7
2026-10,ICT,Islamabad,ssp585,68.4
2026-11,ICT,Islamabad,ssp585,64.1
2026-12,ICT,Islamabad,ssp585,79.7
2027-01,ICT,Islamabad,ssp585,98.7
2027-02,ICT,Islamabad,ssp585,113.4
2027-03,ICT,Islamabad,ssp585,138.1
2027-04,ICT,Islamabad,ssp585,134.3
2027-05,ICT,Islamabad,ssp585,139.7
2027-06,ICT,Islamabad,ssp585,125.0
2027-07,ICT,Islamabad,ssp585,97.9
2027-08,ICT,Islamabad,ssp585,83.2
2027-09,ICT,Islamabad,ssp585,67.4
2027-10,ICT,Islamabad,ssp585,59.7
2027-11,ICT,Islamabad,ssp585,49.9
2027-12,ICT,Islamabad,ssp585,72.3
2028-01,ICT,Islamabad,ssp585,99.7
2028-02,ICT,Islamabad,ssp585,132.4
2028-03,ICT,Islamabad,ssp585,138.0
2028-04,ICT,Islamabad,ssp585,146.1
2028-05,ICT,Islamabad,ssp585,139.1
2028-06,ICT,Islamabad,ssp585,119.8
2028-07,ICT,Islamabad,ssp585,104.2
2028-08,ICT,Islamabad,ssp585,67.0
2028-09,ICT,Islamabad,ssp585,57.5
2028-10,ICT,Islamabad,ssp585,73.0
2028-11,ICT,Islamabad,ssp585,71.5
2028-12,ICT,Islamabad,ssp585,75.2
2029-01,ICT,Islamabad,ssp585,106.0
2029-02,ICT,Islamabad,ssp585,120.5
2029-03,ICT,Islamabad,ssp585,131.1
2029-04,ICT,Islamabad,ssp585,147.9
2029-05,ICT,Islamabad,ssp585,134.2
2029-06,ICT,Islamabad,ssp585,135.3
2029-07,ICT,Islamabad,ssp585,101.1
2029-08,ICT,Islamabad,ssp585,75.2
2029-09,ICT,Islamabad,ssp585,65.5
2029-10,ICT,Islamabad,ssp585,58.0
2029-11,ICT,Islamabad,ssp585,72.0
2029-12,ICT,Islamabad,ssp585,87.6
2030-01,ICT,Islamabad,ssp585,96.2
2030-02,ICT,Islamabad,ssp585,131.5
2030-03,ICT,Islamabad,ssp585,151.4
2030-04,ICT,Islamabad,ssp585,150.7
2030-05,ICT,Islamabad,ssp585,150.5
2030-06,ICT,Islamabad,ssp585,121.1
2030-07,ICT,Islamabad,ssp585,113.4
2030-08,ICT,Islamabad,ssp585,83.9
2030-09,ICT,Islamabad,ssp585,76.7
2030-10,ICT,Islamabad,ssp585,63.4
2030-11,ICT,Islamabad,ssp585,71.8
2030-12,ICT,Islamabad,ssp585,69.7
2031-01,ICT,Islamabad,ssp585,94.7
2031-02,ICT,Islamabad,ssp585,127.9
2031-03,ICT,Islamabad,ssp585,134.6
2031-04,ICT,Islamabad,ssp585,139.4
2031-05,ICT,Islamabad,ssp585,123.3
2031-06,ICT,Islamabad,ssp585,119.1
2031-07,ICT,Islamabad,ssp585,108.2
2031-08,ICT,Islamabad,ssp585,74.7
2031-09,ICT,Islamabad,ssp585,73.6
2031-10,ICT,Islamabad,ssp585,48.0
2031-11,ICT,Islamabad,ssp585,85.0
2031-12,ICT,Islamabad,ssp585,95.0
2032-01,ICT,Islamabad,ssp585,87.2
2032-02,ICT,Islamabad,ssp585,112.6
2032-03,ICT,Islamabad,ssp585,145.3
2032-04,ICT,Islamabad,ssp585,137.1
2032-05,ICT,Islamabad,ssp585,139.4
2032-06,ICT,Islamabad,ssp585,132.4
2032-07,ICT,Islamabad,ssp585,91.8
2032-08,ICT,Islamabad,ssp585,91.4
2032-09,ICT,Islamabad,ssp585,69.7
2032-10,ICT,Islamabad,ssp585,52.9
2032-11,ICT,Islamabad,ssp585,81.5
2032-12,ICT,Islamabad,ssp585,92.2
2033-01,ICT,Islamabad,ssp585,103.4
2033-02,ICT,Islamabad,ssp585,139.2
2033-03,ICT,Islamabad,ssp585,141.4
2033-04,ICT,Islamabad,ssp585,138.5
2033-05,ICT,Islamabad,ssp585,145.5
2033-06,ICT,Islamabad,ssp585,132.0
2033-07,ICT,Islamabad,ssp585,108.8
2033-08,ICT,Islamabad,ssp585,87.6
2033-09,ICT,Islamabad,ssp585,73.0
2033-10,ICT,Islamabad,ssp585,65.1
2033-11,ICT,Islamabad,ssp585,73.8
2033-12,ICT,Islamabad,ssp585,97.2
2034-01,ICT,Islamabad,ssp585,110.2
2034-02,ICT,Islamabad,ssp585,138.2
2034-03,ICT,Islamabad,ssp585,145.2
2034-04,ICT,Islamabad,ssp585,148.0
2034-05,ICT,Islamabad,ssp585,137.0
2034-06,ICT,Islamabad,ssp585,136.2
2034-07,ICT,Islamabad,ssp585,112.7
2034-08,ICT,Islamabad,ssp585,79.0
2034-09,ICT,Islamabad,ssp585,63.5
2034-10,ICT,Islamabad,ssp585,81.6
2034-11,ICT,Islamabad,ssp585,77.4
2034-12,ICT,Islamabad,ssp585,86.8
2035-01,ICT,Islamabad,ssp585,113.0
2035-02,ICT,Islamabad,ssp585,128.6
2035-03,ICT,Islamabad,ssp585,151.0
2035-04,ICT,Islamabad,ssp585,157.9
2035-05,ICT,Islamabad,ssp585,137.7
2035-06,ICT,Islamabad,ssp585,125.2
2035-07,ICT,Islamabad,ssp585,114.9
2035-08,ICT,Islamabad,ssp585,81.3
2035-09,ICT,Islamabad,ssp585,82.6
2035-10,ICT,Islamabad,ssp585,67.8
2035-11,ICT,Islamabad,ssp585,73.5
2035-12,ICT,Islamabad,ssp585,97.4
2036-01,ICT,Islamabad,ssp585,115.6
2036-02,ICT,Islamabad,ssp585,142.5
2036-03,ICT,Islamabad,ssp585,146.0
2036-04,ICT,Islamabad,ssp585,160.8
2036-05,ICT,Islamabad,ssp585,157.4
2036-06,ICT,Islamabad,ssp585,134.1
2036-07,ICT,Islamabad,ssp585,112.0
2036-08,ICT,Islamabad,ssp585,96.6
2036-09,ICT,Islamabad,ssp585,84.4
2036-10,ICT,Islamabad,ssp585,66.3
2036-11,ICT,Islamabad,ssp585,81.6
2036-12,ICT,Islamabad,ssp585,86.7
2037-01,ICT,Islamabad,ssp585,102.8
2037-02,ICT,Islamabad,ssp585,142.1
2037-03,ICT,Islamabad,ssp585,153.0
2037-04,ICT,Islamabad,ssp585,151.5
2037-05,ICT,Islamabad,ssp585,146.0
2037-06,ICT,Islamabad,ssp585,140.7
2037-07,ICT,Islamabad,ssp585,118.6
2037-08,ICT,Islamabad,ssp585,102.5
2037-09,ICT,Islamabad,ssp585,80.4
2037-10,ICT,Islamabad,ssp585,69.9
2037-11,ICT,Islamabad,ssp585,87.5
2037-12,ICT,Islamabad,ssp585,111.5
2038-01,ICT,Islamabad,ssp585,116.5
2038-02,ICT,Islamabad,ssp585,135.0
2038-03,ICT,Islamabad,ssp585,155.4
2038-04,ICT,Islamabad,ssp585,157.0
2038-05,ICT,Islamabad,ssp585,144.3
2038-06,ICT,Islamabad,ssp585,140.5
2038-07,ICT,Islamabad,ssp585,118.0
2038-08,ICT,Islamabad,ssp585,89.2
2038-09,ICT,Islamabad,ssp585,89.3
2038-10,ICT,Islamabad,ssp585,97.2
2038-11,ICT,Islamabad,ssp585,83.3
2038-12,ICT,Islamabad,ssp585,89.6
2039-01,ICT,Islamabad,ssp585,118.8
2039-02,ICT,Islamabad,ssp585,144.8
2039-03,ICT,Islamabad,ssp585,155.9
2039-04,ICT,Islamabad,ssp585,163.1
2039-05,ICT,Islamabad,ssp585,159.9
2039-06,ICT,Islamabad,ssp585,133.5
2039-07,ICT,Islamabad,ssp585,124.5
2039-08,ICT,Islamabad,ssp585,92.1
2039-09,ICT,Islamabad,ssp585,97.0
2039-10,ICT,Islamabad,ssp585,71.4
2039-11,ICT,Islamabad,ssp585,68.0
2039-12,ICT,Islamabad,ssp585,105.1
2040-01,ICT,Islamabad,ssp585,110.2
2040-02,ICT,Islamabad,ssp585,174.0
2040-03,ICT,Islamabad,ssp585,168.8
2040-04,ICT,Islamabad,ssp585,170.5
2040-05,ICT,Islamabad,ssp585,151.7
2040-06,ICT,Islamabad,ssp585,149.0
2040-07,ICT,Islamabad,ssp585,127.7
2040-08,ICT,Islamabad,ssp585,97.8
2040-09,ICT,Islamabad,ssp585,79.6
2040-10,ICT,Islamabad,ssp585,72.5
2040-11,ICT,Islamabad,ssp585,88.2
2040-12,ICT,Islamabad,ssp585,105.2
2041-01,ICT,Islamabad,ssp585,118.3
2041-02,ICT,Islamabad,ssp585,142.5
2041-03,ICT,Islamabad,ssp585,167.3
2041-04,ICT,Islamabad,ssp585,176.7
2041-05,ICT,Islamabad,ssp585,160.8
2041-06,ICT,Islamabad,ssp585,141.8
2041-07,ICT,Islamabad,ssp585,128.4
2041-08,ICT,Islamabad,ssp585,85.8
2041-09,ICT,Islamabad,ssp585,81.5
2041-10,ICT,Islamabad,ssp585,73.2
2041-11,ICT,Islamabad,ssp585,81.8
2041-12,ICT,Islamabad,ssp585,104.5
2042-01,ICT,Islamabad,ssp585,133.0
2042-02,ICT,Islamabad,ssp585,162.9
2042-03,ICT,Islamabad,ssp585,175.2
2042-04,ICT,Islamabad,ssp585,165.0
2042-05,ICT,Islamabad,ssp585,164.1
2042-06,ICT,Islamabad,ssp585,141.6
2042-07,ICT,Islamabad,ssp585,127.6
2042-08,ICT,Islamabad,ssp585,100.4
2042-09,ICT,Islamabad,ssp585,92.4
2042-10,ICT,Islamabad,ssp585,89.9
2042-11,ICT,Islamabad,ssp585,83.6
2042-12,ICT,Islamabad,ssp585,114.5
2043-01,ICT,Islamabad,ssp585,131.0
2043-02,ICT,Islamabad,ssp585,144.0
2043-03,ICT,Islamabad,ssp585,157.4
2043-04,ICT,Islamabad,ssp585,182.6
2043-05,ICT,Islamabad,ssp585,155.4
2043-06,ICT,Islamabad,ssp585,163.1
2043-07,ICT,Islamabad,ssp585,142.7
2043-08,ICT,Islamabad,ssp585,108.4
2043-09,ICT,Islamabad,ssp585,91.2
2043-10,ICT,Islamabad,ssp585,82.0
2043-11,ICT,Islamabad,ssp585,81.3
2043-12,ICT,Islamabad,ssp585,113.1
2044-01,ICT,Islamabad,ssp585,122.5
2044-02,ICT,Islamabad,ssp585,148.5
2044-03,ICT,Islamabad,ssp585,182.8
2044-04,ICT,Islamabad,ssp585,172.9
2044-05,ICT,Islamabad,ssp585,186.1
2044-06,ICT,Islamabad,ssp585,163.2
2044-07,ICT,Islamabad,ssp585,135.2
2044-08,ICT,Islamabad,ssp585,112.6
2044-09,ICT,Islamabad,ssp585,106.8
2044-10,ICT,Islamabad,ssp585,83.3
2044-11,ICT,Islamabad,ssp585,86.7
2044-12,ICT,Islamabad,ssp585,106.1
2045-01,ICT,Islamabad,ssp585,119.7
2045-02,ICT,Islamabad,ssp585,143.8
2045-03,ICT,Islamabad,ssp585,163.5
2045-04,ICT,Islamabad,ssp585,181.5
2045-05,ICT,Islamabad,ssp585,170.8
2045-06,ICT,Islamabad,ssp585,149.0
2045-07,ICT,Islamabad,ssp585,125.5
2045-08,ICT,Islamabad,ssp585,101.7
2045-09,ICT,Islamabad,ssp585,82.5
2045-10,ICT,Islamabad,ssp585,78.1
2045-11,ICT,Islamabad,ssp585,79.1
2045-12,ICT,Islamabad,ssp585,110.6
2046-01,ICT,Islamabad,ssp585,133.9
2046-02,ICT,Islamabad,ssp585,148.2
2046-03,ICT,Islamabad,ssp585,169.5
2046-04,ICT,Islamabad,ssp585,178.9
2046-05,ICT,Islamabad,ssp585,174.4
2046-06,ICT,Islamabad,ssp585,151.0
2046-07,ICT,Islamabad,ssp585,134.7
2046-08,ICT,Islamabad,ssp585,111.7
2046-09,ICT,Islamabad,ssp585,79.9
2046-10,ICT,Islamabad,ssp585,98.1
2046-11,ICT,Islamabad,ssp585,99.0
2046-12,ICT,Islamabad,ssp585,114.0
2047-01,ICT,Islamabad,ssp585,137.2
2047-02,ICT,Islamabad,ssp585,165.3
2047-03,ICT,Islamabad,ssp585,159.8
2047-04,ICT,Islamabad,ssp585,195.9
2047-05,ICT,Islamabad,ssp585,165.7
2047-06,ICT,Islamabad,ssp585,146.1
2047-07,ICT,Islamabad,ssp585,118.1
2047-08,ICT,Islamabad,ssp585,103.6
2047-09,ICT,Islamabad,ssp585,96.0
2047-10,ICT,Islamabad,ssp585,85.7
2047-11,ICT,Islamabad,ssp585,85.3
2047-12,ICT,Islamabad,ssp585,117.8
2048-01,ICT,Islamabad,ssp585,117.2
2048-02,ICT,Islamabad,ssp585,146.7
2048-03,ICT,Islamabad,ssp585,189.5
2048-04,ICT,Islamabad,ssp585,181.8
2048-05,ICT,Islamabad,ssp585,170.4
2048-06,ICT,Islamabad,ssp585,158.2
2048-07,ICT,Islamabad,ssp585,136.5
2048-08,ICT,Islamabad,ssp585,118.2
2048-09,ICT,Islamabad,ssp585,98.8
2048-10,ICT,Islamabad,ssp585,93.4
2048-11,ICT,Islamabad,ssp585,99.1
2048-12,ICT,Islamabad,ssp585,109.1
2049-01,ICT,Islamabad,ssp585,131.0
2049-02,ICT,Islamabad,ssp585,167.2
2049-03,ICT,Islamabad,ssp585,166.2
2049-04,ICT,Islamabad,ssp585,180.4
2049-05,ICT,Islamabad,ssp585,163.5
2049-06,ICT,Islamabad,ssp585,147.2
2049-07,ICT,Islamabad,ssp585,128.6
2049-08,ICT,Islamabad,ssp585,110.7
2049-09,ICT,Islamabad,ssp585,101.6
2049-10,ICT,Islamabad,ssp585,104.6
2049-11,ICT,Islamabad,ssp585,95.4
2049-12,ICT,Islamabad,ssp585,114.3
2050-01,ICT,Islamabad,ssp585,134.8
2050-02,ICT,Islamabad,ssp585,173.1
2050-03,ICT,Islamabad,ssp585,182.0
2050-04,ICT,Islamabad,ssp585,177.9
2050-05,ICT,Islamabad,ssp585,180.6
2050-06,ICT,Islamabad,ssp585,155.9
2050-07,ICT,Islamabad,ssp585,141.5
2050-08,ICT,Islamabad,ssp585,107.7
2050-09,ICT,Islamabad,ssp585,89.2
2050-10,ICT,Islamabad,ssp585,91.4
2050-11,ICT,Islamabad,ssp585,97.3
2050-12,ICT,Islamabad,ssp585,110.6
2051-01,ICT,Islamabad,ssp585,136.1
2051-02,ICT,Islamabad,ssp585,160.6
2051-03,ICT,Islamabad,ssp585,169.2
2051-04,ICT,Islamabad,ssp585,191.9
2051-05,ICT,Islamabad,ssp585,181.5
2051-06,ICT,Islamabad,ssp585,160.6
2051-07,ICT,Islamabad,ssp585,141.2
2051-08,ICT,Islamabad,ssp585,127.3
2051-09,ICT,Islamabad,ssp585,110.4
2051-10,ICT,Islamabad,ssp585,103.4
2051-11,ICT,Islamabad,ssp585,98.0
2051-12,ICT,Islamabad,ssp585,134.9
2052-01,ICT,Islamabad,ssp585,137.7
2052-02,ICT,Islamabad,ssp585,170.9
2052-03,ICT,Islamabad,ssp585,182.1
2052-04,ICT,Islamabad,ssp585,184.4
2052-05,ICT,Islamabad,ssp585,185.6
2052-06,ICT,Islamabad,ssp585,156.0
2052-07,ICT,Islamabad,ssp585,125.9
2052-08,ICT,Islamabad,ssp585,131.7
2052-09,ICT,Islamabad,ssp585,109.6
2052-10,ICT,Islamabad,ssp585,98.4
2052-11,ICT,Islamabad,ssp585,107.5
2052-12,ICT,Islamabad,ssp585,115.6
2053-01,ICT,Islamabad,ssp585,155.7
2053-02,ICT,Islamabad,ssp585,165.7
2053-03,ICT,Islamabad,ssp585,173.6
2053-04,ICT,Islamabad,ssp585,195.2
2053-05,ICT,Islamabad,ssp585,190.1
2053-06,ICT,Islamabad,ssp585,178.2
2053-07,ICT,Islamabad,ssp585,128.7
2053-08,ICT,Islamabad,ssp585,119.3
2053-09,ICT,Islamabad,ssp585,101.9
2053-10,ICT,Islamabad,ssp585,104.6
2053-11,ICT,Islamabad,ssp585,115.7
2053-12,ICT,Islamabad,ssp585,118.9
2054-01,ICT,Islamabad,ssp585,141.4
2054-02,ICT,Islamabad,ssp585,168.7
2054-03,ICT,Islamabad,ssp585,188.0
2054-04,ICT,Islamabad,ssp585,198.1
2054-05,ICT,Islamabad,ssp585,170.7
2054-06,ICT,Islamabad,ssp585,155.9
2054-07,ICT,Islamabad,ssp585,145.0
2054-08,ICT,Islamabad,ssp585,118.6
2054-09,ICT,Islamabad,ssp585,118.0
2054-10,ICT,Islamabad,ssp585,97.8
2054-11,ICT,Islamabad,ssp585,112.0
2054-12,ICT,Islamabad,ssp585,118.7
2055-01,ICT,Islamabad,ssp585,165.2
2055-02,ICT,Islamabad,ssp585,162.6
2055-03,ICT,Islamabad,ssp585,178.7
2055-04,ICT,Islamabad,ssp585,206.7
2055-05,ICT,Islamabad,ssp585,201.2
2055-06,ICT,Islamabad,ssp585,165.2
2055-07,ICT,Islamabad,ssp585,142.3
2055-08,ICT,Islamabad,ssp585,125.9
2055-09,ICT,Islamabad,ssp585,109.4
2055-10,ICT,Islamabad,ssp585,103.4
2055-11,ICT,Islamabad,ssp585,109.4
2055-12,ICT,Islamabad,ssp585,136.0
2056-01,ICT,Islamabad,ssp585,140.4
2056-02,ICT,Islamabad,ssp585,186.6
2056-03,ICT,Islamabad,ssp585,169.7
2056-04,ICT,Islamabad,ssp585,177.9
2056-05,ICT,Islamabad,ssp585,193.6
2056-06,ICT,Islamabad,ssp585,173.0
2056-07,ICT,Islamabad,ssp585,157.8
2056-08,ICT,Islamabad,ssp585,138.7
2056-09,ICT,Islamabad,ssp585,112.2
2056-10,ICT,Islamabad,ssp585,90.3
2056-11,ICT,Islamabad,ssp585,117.0
2056-12,ICT,Islamabad,ssp585,125.4
2057-01,ICT,Islamabad,ssp585,151.8
2057-02,ICT,Islamabad,ssp585,159.5
2057-03,ICT,Islamabad,ssp585,183.0
2057-04,ICT,Islamabad,ssp585,196.5
2057-05,ICT,Islamabad,ssp585,189.0
2057-06,ICT,Islamabad,ssp585,168.9
2057-07,ICT,Islamabad,ssp585,156.4
2057-08,ICT,Islamabad,ssp585,126.8
2057-09,ICT,Islamabad,ssp585,115.8
2057-10,ICT,Islamabad,ssp585,104.2
2057-11,ICT,Islamabad,ssp585,111.5
2057-12,ICT,Islamabad,ssp585,109.2
2058-01,ICT,Islamabad,ssp585,156.0
2058-02,ICT,Islamabad,ssp585,180.0
2058-03,ICT,Islamabad,ssp585,182.3
2058-04,ICT,Islamabad,ssp585,182.5
2058-05,ICT,Islamabad,ssp585,193.2
2058-06,ICT,Islamabad,ssp585,173.6
2058-07,ICT,Islamabad,ssp585,150.2
2058-08,ICT,Islamabad,ssp585,133.6
2058-09,ICT,Islamabad,ssp585,107.8
2058-10,ICT,Islamabad,ssp585,101.8
2058-11,ICT,Islamabad,ssp585,110.8
2058-12,ICT,Islamabad,ssp585,124.7
2059-01,ICT,Islamabad,ssp585,162.1
2059-02,ICT,Islamabad,ssp585,184.0
2059-03,ICT,Islamabad,ssp585,187.5
2059-04,ICT,Islamabad,ssp585,197.4
2059-05,ICT,Islamabad,ssp585,208.7
2059-06,ICT,Islamabad,ssp585,172.6
2059-07,ICT,Islamabad,ssp585,149.8
2059-08,ICT,Islamabad,ssp585,137.2
2059-09,ICT,Islamabad,ssp585,123.9
2059-10,ICT,Islamabad,ssp585,109.6
2059-11,ICT,Islamabad,ssp585,119.3
2059-12,ICT,Islamabad,ssp585,129.7
2060-01,ICT,Islamabad,ssp585,143.5
2060-02,ICT,Islamabad,ssp585,178.4
2060-03,ICT,Islamabad,ssp585,201.2
2060-04,ICT,Islamabad,ssp585,189.3
2060-05,ICT,Islamabad,ssp585,196.3
2060-06,ICT,Islamabad,ssp585,163.3
2060-07,ICT,Islamabad,ssp585,155.6
2060-08,ICT,Islamabad,ssp585,137.2
2060-09,ICT,Islamabad,ssp585,128.8
2060-10,ICT,Islamabad,ssp585,111.7
2060-11,ICT,Islamabad,ssp585,111.5
2060-12,ICT,Islamabad,ssp585,129.4
2061-01,ICT,Islamabad,ssp585,164.1
2061-02,ICT,Islamabad,ssp585,168.9
2061-03,ICT,Islamabad,ssp585,204.8
2061-04,ICT,Islamabad,ssp585,181.8
2061-05,ICT,Islamabad,ssp585,183.8
2061-06,ICT,Islamabad,ssp585,183.9
2061-07,ICT,Islamabad,ssp585,161.1
2061-08,ICT,Islamabad,ssp585,130.1
2061-09,ICT,Islamabad,ssp585,118.2
2061-10,ICT,Islamabad,ssp585,107.0
2061-11,ICT,Islamabad,ssp585,119.4
2061-12,ICT,Islamabad,ssp585,145.4
2062-01,ICT,Islamabad,ssp585,143.8
2062-02,ICT,Islamabad,ssp585,187.0
2062-03,ICT,Islamabad,ssp585,198.9
2062-04,ICT,Islamabad,ssp585,201.1
2062-05,ICT,Islamabad,ssp585,207.8
2062-06,ICT,Islamabad,ssp585,188.9
2062-07,ICT,Islamabad,ssp585,158.8
2062-08,ICT,Islamabad,ssp585,146.3
2062-09,ICT,Islamabad,ssp585,110.7
2062-10,ICT,Islamabad,ssp585,108.7
2062-11,ICT,Islamabad,ssp585,132.6
2062-12,ICT,Islamabad,ssp585,146.0
2063-01,ICT,Islamabad,ssp585,156.5
2063-02,ICT,Islamabad,ssp585,170.9
2063-03,ICT,Islamabad,ssp585,201.4
2063-04,ICT,Islamabad,ssp585,196.4
2063-05,ICT,Islamabad,ssp585,178.9
2063-06,ICT,Islamabad,ssp585,179.5
2063-07,ICT,Islamabad,ssp585,151.8
2063-08,ICT,Islamabad,ssp585,145.9
2063-09,ICT,Islamabad,ssp585,110.3
2063-10,ICT,Islamabad,ssp585,109.1
2063-11,ICT,Islamabad,ssp585,133.2
2063-12,ICT,Islamabad,ssp585,135.9
2064-01,ICT,Islamabad,ssp585,171.2
2064-02,ICT,Islamabad,ssp585,192.2
2064-03,ICT,Islamabad,ssp585,191.0
2064-04,ICT,Islamabad,ssp585,214.3
2064-05,ICT,Islamabad,ssp585,206.3
2064-06,ICT,Islamabad,ssp585,178.5
2064-07,ICT,Islamabad,ssp585,151.1
2064-08,ICT,Islamabad,ssp585,148.5
2064-09,ICT,Islamabad,ssp585,116.0
2064-10,ICT,Islamabad,ssp585,130.5
2064-11,ICT,Islamabad,ssp585,131.0
2064-12,ICT,Islamabad,ssp585,132.1
2065-01,ICT,Islamabad,ssp585,143.3
2065-02,ICT,Islamabad,ssp585,181.7
2065-03,ICT,Islamabad,ssp585,205.0
2065-04,ICT,Islamabad,ssp585,195.9
2065-05,ICT,Islamabad,ssp585,203.0
2065-06,ICT,Islamabad,ssp585,173.0
2065-07,ICT,Islamabad,ssp585,173.9
2065-08,ICT,Islamabad,ssp585,143.5
2065-09,ICT,Islamabad,ssp585,145.6
2065-10,ICT,Islamabad,ssp585,123.3
2065-11,ICT,Islamabad,ssp585,141.3
2065-12,ICT,Islamabad,ssp585,153.1
2066-01,ICT,Islamabad,ssp585,168.5
2066-02,ICT,Islamabad,ssp585,173.6
2066-03,ICT,Islamabad,ssp585,205.9
2066-04,ICT,Islamabad,ssp585,203.1
2066-05,ICT,Islamabad,ssp585,205.7
2066-06,ICT,Islamabad,ssp585,179.9
2066-07,ICT,Islamabad,ssp585,171.2
2066-08,ICT,Islamabad,ssp585,142.4
2066-09,ICT,Islamabad,ssp585,125.2
2066-10,ICT,Islamabad,ssp585,122.8
2066-11,ICT,Islamabad,ssp585,103.6
2066-12,ICT,Islamabad,ssp585,150.6
2067-01,ICT,Islamabad,ssp585,164.7
2067-02,ICT,Islamabad,ssp585,202.4
2067-03,ICT,Islamabad,ssp585,207.5
2067-04,ICT,Islamabad,ssp585,223.6
2067-05,ICT,Islamabad,ssp585,197.3
2067-06,ICT,Islamabad,ssp585,186.3
2067-07,ICT,Islamabad,ssp585,160.6
2067-08,ICT,Islamabad,ssp585,149.6
2067-09,ICT,Islamabad,ssp585,135.7
2067-10,ICT,Islamabad,ssp585,109.1
2067-11,ICT,Islamabad,ssp585,134.2
2067-12,ICT,Islamabad,ssp585,139.9
2068-01,ICT,Islamabad,ssp585,157.6
2068-02,ICT,Islamabad,ssp585,180.5
2068-03,ICT,Islamabad,ssp585,208.7
2068-04,ICT,Islamabad,ssp585,206.5
2068-05,ICT,Islamabad,ssp585,207.7
2068-06,ICT,Islamabad,ssp585,186.7
2068-07,ICT,Islamabad,ssp585,166.4
2068-08,ICT,Islamabad,ssp585,135.3
2068-09,ICT,Islamabad,ssp585,127.3
2068-10,ICT,Islamabad,ssp585,134.2
2068-11,ICT,Islamabad,ssp585,134.5
2068-12,ICT,Islamabad,ssp585,154.8
2069-01,ICT,Islamabad,ssp585,168.1
2069-02,ICT,Islamabad,ssp585,204.1
2069-03,ICT,Islamabad,ssp585,198.5
2069-04,ICT,Islamabad,ssp585,225.3
2069-05,ICT,Islamabad,ssp585,218.5
2069-06,ICT,Islamabad,ssp585,183.4
2069-07,ICT,Islamabad,ssp585,177.2
2069-08,ICT,Islamabad,ssp585,146.7
2069-09,ICT,Islamabad,ssp585,141.0
2069-10,ICT,Islamabad,ssp585,134.0
2069-11,ICT,Islamabad,ssp585,143.7
2069-12,ICT,Islamabad,ssp585,142.1
2070-01,ICT,Islamabad,ssp585,158.1
2070-02,ICT,Islamabad,ssp585,187.8
2070-03,ICT,Islamabad,ssp585,200.9
2070-04,ICT,Islamabad,ssp585,213.0
2070-05,ICT,Islamabad,ssp585,207.4
2070-06,ICT,Islamabad,ssp585,188.3
2070-07,ICT,Islamabad,ssp585,181.2
2070-08,ICT,Islamabad,ssp585,156.2
2070-09,ICT,Islamabad,ssp585,140.4
2070-10,ICT,Islamabad,ssp585,122.8
2070-11,ICT,Islamabad,ssp585,133.6
2070-12,ICT,Islamabad,ssp585,163.7
2071-01,ICT,Islamabad,ssp585,164.6
2071-02,ICT,Islamabad,ssp585,192.9
2071-03,ICT,Islamabad,ssp585,214.0
2071-04,ICT,Islamabad,ssp585,214.8
2071-05,ICT,Islamabad,ssp585,225.5
2071-06,ICT,Islamabad,ssp585,191.0
2071-07,ICT,Islamabad,ssp585,178.7
2071-08,ICT,Islamabad,ssp585,147.4
2071-09,ICT,Islamabad,ssp585,133.0
2071-10,ICT,Islamabad,ssp585,128.9
2071-11,ICT,Islamabad,ssp585,145.2
2071-12,ICT,Islamabad,ssp585,152.4
2072-01,ICT,Islamabad,ssp585,184.4
2072-02,ICT,Islamabad,ssp585,198.9
2072-03,ICT,Islamabad,ssp585,209.1
2072-04,ICT,Islamabad,ssp585,212.6
2072-05,ICT,Islamabad,ssp585,197.1
2072-06,ICT,Islamabad,ssp585,197.4
2072-07,ICT,Islamabad,ssp585,181.3
2072-08,ICT,Islamabad,ssp585,152.9
2072-09,ICT,Islamabad,ssp585,139.5
2072-10,ICT,Islamabad,ssp585,143.8
2072-11,ICT,Islamabad,ssp585,138.3
2072-12,ICT,Islamabad,ssp585,155.4
2073-01,ICT,Islamabad,ssp585,176.1
2073-02,ICT,Islamabad,ssp585,199.6
2073-03,ICT,Islamabad,ssp585,202.1
2073-04,ICT,Islamabad,ssp585,209.8
2073-05,ICT,Islamabad,ssp585,205.4
2073-06,ICT,Islamabad,ssp585,203.8
2073-07,ICT,Islamabad,ssp585,169.1
2073-08,ICT,Islamabad,ssp585,151.7
2073-09,ICT,Islamabad,ssp585,145.7
2073-10,ICT,Islamabad,ssp585,124.9
2073-11,ICT,Islamabad,ssp585,127.7
2073-12,ICT,Islamabad,ssp585,143.4
2074-01,ICT,Islamabad,ssp585,191.2
2074-02,ICT,Islamabad,ssp585,197.8
2074-03,ICT,Islamabad,ssp585,209.4
2074-04,ICT,Islamabad,ssp585,199.2
2074-05,ICT,Islamabad,ssp585,218.1
2074-06,ICT,Islamabad,ssp585,194.1
2074-07,ICT,Islamabad,ssp585,166.4
2074-08,ICT,Islamabad,ssp585,169.7
2074-09,ICT,Islamabad,ssp585,147.8
2074-10,ICT,Islamabad,ssp585,132.6
2074-11,ICT,Islamabad,ssp585,128.5
2074-12,ICT,Islamabad,ssp585,173.7
2075-01,ICT,Islamabad,ssp585,190.2
2075-02,ICT,Islamabad,ssp585,213.5
2075-03,ICT,Islamabad,ssp585,223.5
2075-04,ICT,Islamabad,ssp585,222.8
2075-05,ICT,Islamabad,ssp585,213.5
2075-06,ICT,Islamabad,ssp585,200.8
2075-07,ICT,Islamabad,ssp585,194.5
2075-08,ICT,Islamabad,ssp585,156.9
2075-09,ICT,Islamabad,ssp585,133.4
2075-10,ICT,Islamabad,ssp585,136.6
2075-11,ICT,Islamabad,ssp585,137.3
2075-12,ICT,Islamabad,ssp585,172.9
2076-01,ICT,Islamabad,ssp585,170.6
2076-02,ICT,Islamabad,ssp585,195.0
2076-03,ICT,Islamabad,ssp585,216.7
2076-04,ICT,Islamabad,ssp585,213.4
2076-05,ICT,Islamabad,ssp585,196.9
2076-06,ICT,Islamabad,ssp585,195.6
2076-07,ICT,Islamabad,ssp585,171.4
2076-08,ICT,Islamabad,ssp585,162.6
2076-09,ICT,Islamabad,ssp585,155.2
2076-10,ICT,Islamabad,ssp585,142.5
2076-11,ICT,Islamabad,ssp585,135.9
2076-12,ICT,Islamabad,ssp585,161.0
2077-01,ICT,Islamabad,ssp585,187.6
2077-02,ICT,Islamabad,ssp585,203.2
2077-03,ICT,Islamabad,ssp585,211.0
2077-04,ICT,Islamabad,ssp585,222.8
2077-05,ICT,Islamabad,ssp585,228.1
2077-06,ICT,Islamabad,ssp585,207.9
2077-07,ICT,Islamabad,ssp585,186.7
2077-08,ICT,Islamabad,ssp585,158.5
2077-09,ICT,Islamabad,ssp585,144.9
2077-10,ICT,Islamabad,ssp585,137.7
2077-11,ICT,Islamabad,ssp585,144.3
2077-12,ICT,Islamabad,ssp585,152.0
2078-01,ICT,Islamabad,ssp585,197.0
2078-02,ICT,Islamabad,ssp585,202.0
2078-03,ICT,Islamabad,ssp585,220.3
2078-04,ICT,Islamabad,ssp585,219.1
2078-05,ICT,Islamabad,ssp585,217.1
2078-06,ICT,Islamabad,ssp585,188.0
2078-07,ICT,Islamabad,ssp585,191.0
2078-08,ICT,Islamabad,ssp585,163.1
2078-09,ICT,Islamabad,ssp585,138.1
2078-10,ICT,Islamabad,ssp585,145.2
2078-11,ICT,Islamabad,ssp585,144.7
2078-12,ICT,Islamabad,ssp585,157.6
2079-01,ICT,Islamabad,ssp585,170.9
2079-02,ICT,Islamabad,ssp585,200.9
2079-03,ICT,Islamabad,ssp585,228.4
2079-04,ICT,Islamabad,ssp585,228.6
2079-05,ICT,Islamabad,ssp585,212.3
2079-06,ICT,Islamabad,ssp585,205.5
2079-07,ICT,Islamabad,ssp585,186.6
2079-08,ICT,Islamabad,ssp585,166.2
2079-09,ICT,Islamabad,ssp585,139.5
2079-10,ICT,Islamabad,ssp585,135.6
2079-11,ICT,Islamabad,ssp585,147.2
2079-12,ICT,Islamabad,ssp585,169.1
2080-01,ICT,Islamabad,ssp585,199.0
2080-02,ICT,Islamabad,ssp585,208.1
2080-03,ICT,Islamabad,ssp585,212.7
2080-04,ICT,Islamabad,ssp585,229.3
2080-05,ICT,Islamabad,ssp585,225.4
2080-06,ICT,Islamabad,ssp585,204.1
2080-07,ICT,Islamabad,ssp585,177.5
2080-08,ICT,Islamabad,ssp585,158.7
2080-09,ICT,Islamabad,ssp585,153.4
2080-10,ICT,Islamabad,ssp585,150.2
2080-11,ICT,Islamabad,ssp585,145.8
2080-12,ICT,Islamabad,ssp585,159.8
2081-01,ICT,Islamabad,ssp585,192.1
2081-02,ICT,Islamabad,ssp585,213.8
2081-03,ICT,Islamabad,ssp585,237.6
2081-04,ICT,Islamabad,ssp585,229.9
2081-05,ICT,Islamabad,ssp585,235.5
2081-06,ICT,Islamabad,ssp585,209.4
2081-07,ICT,Islamabad,ssp585,179.7
2081-08,ICT,Islamabad,ssp585,175.6
2081-09,ICT,Islamabad,ssp585,157.7
2081-10,ICT,Islamabad,ssp585,152.9
2081-11,ICT,Islamabad,ssp585,159.5
2081-12,ICT,Islamabad,ssp585,173.6
2082-01,ICT,Islamabad,ssp585,186.7
2082-02,ICT,Islamabad,ssp585,196.8
2082-03,ICT,Islamabad,ssp585,223.9
2082-04,ICT,Islamabad,ssp585,235.1
2082-05,ICT,Islamabad,ssp585,224.6
2082-06,ICT,Islamabad,ssp585,217.0
2082-07,ICT,Islamabad,ssp585,203.6
2082-08,ICT,Islamabad,ssp585,169.3
2082-09,ICT,Islamabad,ssp585,147.2
2082-10,ICT,Islamabad,ssp585,160.4
2082-11,ICT,Islamabad,ssp585,153.2
2082-12,ICT,Islamabad,ssp585,170.7
2083-01,ICT,Islamabad,ssp585,174.5
2083-02,ICT,Islamabad,ssp585,200.3
2083-03,ICT,Islamabad,ssp585,238.2
2083-04,ICT,Islamabad,ssp585,239.7
2083-05,ICT,Islamabad,ssp585,241.5
2083-06,ICT,Islamabad,ssp585,233.7
2083-07,ICT,Islamabad,ssp585,192.9
2083-08,ICT,Islamabad,ssp585,171.9
2083-09,ICT,Islamabad,ssp585,154.8
2083-10,ICT,Islamabad,ssp585,151.8
2083-11,ICT,Islamabad,ssp585,165.3
2083-12,ICT,Islamabad,ssp585,166.6
2084-01,ICT,Islamabad,ssp585,207.5
2084-02,ICT,Islamabad,ssp585,200.5
2084-03,ICT,Islamabad,ssp585,236.8
2084-04,ICT,Islamabad,ssp585,249.1
2084-05,ICT,Islamabad,ssp585,235.2
2084-06,ICT,Islamabad,ssp585,222.2
2084-07,ICT,Islamabad,ssp585,185.9
2084-08,ICT,Islamabad,ssp585,187.5
2084-09,ICT,Islamabad,ssp585,167.4
2084-10,ICT,Islamabad,ssp585,146.4
2084-11,ICT,Islamabad,ssp585,142.7
2084-12,ICT,Islamabad,ssp585,166.5
2085-01,ICT,Islamabad,ssp585,191.6
2085-02,ICT,Islamabad,ssp585,201.8
2085-03,ICT,Islamabad,ssp585,236.2
2085-04,ICT,Islamabad,ssp585,244.3
2085-05,ICT,Islamabad,ssp585,235.3
2085-06,ICT,Islamabad,ssp585,216.8
2085-07,ICT,Islamabad,ssp585,206.9
2085-08,ICT,Islamabad,ssp585,177.8
2085-09,ICT,Islamabad,ssp585,178.4
2085-10,ICT,Islamabad,ssp585,148.8
2085-11,ICT,Islamabad,ssp585,162.4
2085-12,ICT,Islamabad,ssp585,169.3
2086-01,ICT,Islamabad,ssp585,195.9
2086-02,ICT,Islamabad,ssp585,227.1
2086-03,ICT,Islamabad,ssp585,240.1
2086-04,ICT,Islamabad,ssp585,250.8
2086-05,ICT,Islamabad,ssp585,244.0
2086-06,ICT,Islamabad,ssp585,214.7
2086-07,ICT,Islamabad,ssp585,176.2
2086-08,ICT,Islamabad,ssp585,159.9
2086-09,ICT,Islamabad,ssp585,178.2
2086-10,ICT,Islamabad,ssp585,146.2
2086-11,ICT,Islamabad,ssp585,170.9
2086-12,ICT,Islamabad,ssp585,173.1
2087-01,ICT,Islamabad,ssp585,192.7
2087-02,ICT,Islamabad,ssp585,227.2
2087-03,ICT,Islamabad,ssp585,245.3
2087-04,ICT,Islamabad,ssp585,250.5
2087-05,ICT,Islamabad,ssp585,233.7
2087-06,ICT,Islamabad,ssp585,228.7
2087-07,ICT,Islamabad,ssp585,201.4
2087-08,ICT,Islamabad,ssp585,193.9
2087-09,ICT,Islamabad,ssp585,166.1
2087-10,ICT,Islamabad,ssp585,165.0
2087-11,ICT,Islamabad,ssp585,151.7
2087-12,ICT,Islamabad,ssp585,193.5
2088-01,ICT,Islamabad,ssp585,214.4
2088-02,ICT,Islamabad,ssp585,216.0
2088-03,ICT,Islamabad,ssp585,250.1
2088-04,ICT,Islamabad,ssp585,238.3
2088-05,ICT,Islamabad,ssp585,241.5
2088-06,ICT,Islamabad,ssp585,220.5
2088-07,ICT,Islamabad,ssp585,190.0
2088-08,ICT,Islamabad,ssp585,178.9
2088-09,ICT,Islamabad,ssp585,160.3
2088-10,ICT,Islamabad,ssp585,168.0
2088-11,ICT,Islamabad,ssp585,155.9
2088-12,ICT,Islamabad,ssp585,176.4
2089-01,ICT,Islamabad,ssp585,194.8
2089-02,ICT,Islamabad,ssp585,231.2
2089-03,ICT,Islamabad,ssp585,243.1
2089-04,ICT,Islamabad,ssp585,253.8
2089-05,ICT,Islamabad,ssp585,236.0
2089-06,ICT,Islamabad,ssp585,227.1
2089-07,ICT,Islamabad,ssp585,211.9
2089-08,ICT,Islamabad,ssp585,179.1
2089-09,ICT,Islamabad,ssp585,163.2
2089-10,ICT,Islamabad,ssp585,162.0
2089-11,ICT,Islamabad,ssp585,170.4
2089-12,ICT,Islamabad,ssp585,183.2
2090-01,ICT,Islamabad,ssp585,194.1
2090-02,ICT,Islamabad,ssp585,222.3
2090-03,ICT,Islamabad,ssp585,233.8
2090-04,ICT,Islamabad,ssp585,272.6
2090-05,ICT,Islamabad,ssp585,244.7
2090-06,ICT,Islamabad,ssp585,213.1
2090-07,ICT,Islamabad,ssp585,202.2
2090-08,ICT,Islamabad,ssp585,174.2
2090-09,ICT,Islamabad,ssp585,187.2
2090-10,ICT,Islamabad,ssp585,167.4
2090-11,ICT,Islamabad,ssp585,164.4
2090-12,ICT,Islamabad,ssp585,194.6
2091-01,ICT,Islamabad,ssp585,214.6
2091-02,ICT,Islamabad,ssp585,222.1
2091-03,ICT,Islamabad,ssp585,235.7
2091-04,ICT,Islamabad,ssp585,239.8
2091-05,ICT,Islamabad,ssp585,242.0
2091-06,ICT,Islamabad,ssp585,228.2
2091-07,ICT,Islamabad,ssp585,205.4
2091-08,ICT,Islamabad,ssp585,190.5
2091-09,ICT,Islamabad,ssp585,172.3
2091-10,ICT,Islamabad,ssp585,163.4
2091-11,ICT,Islamabad,ssp585,177.6
2091-12,ICT,Islamabad,ssp585,171.1
2092-01,ICT,Islamabad,ssp585,207.2
2092-02,ICT,Islamabad,ssp585,219.9
2092-03,ICT,Islamabad,ssp585,249.4
2092-04,ICT,Islamabad,ssp585,259.0
2092-05,ICT,Islamabad,ssp585,240.5
2092-06,ICT,Islamabad,ssp585,213.3
2092-07,ICT,Islamabad,ssp585,225.2
2092-08,ICT,Islamabad,ssp585,198.8
2092-09,ICT,Islamabad,ssp585,181.5
2092-10,ICT,Islamabad,ssp585,157.5
2092-11,ICT,Islamabad,ssp585,176.6
2092-12,ICT,Islamabad,ssp585,190.2
2093-01,ICT,Islamabad,ssp585,212.8
2093-02,ICT,Islamabad,ssp585,242.9
2093-03,ICT,Islamabad,ssp585,266.1
2093-04,ICT,Islamabad,ssp585,255.4
2093-05,ICT,Islamabad,ssp585,251.3
2093-06,ICT,Islamabad,ssp585,244.2
2093-07,ICT,Islamabad,ssp585,211.2
2093-08,ICT,Islamabad,ssp585,188.5
2093-09,ICT,Islamabad,ssp585,173.9
2093-10,ICT,Islamabad,ssp585,182.4
2093-11,ICT,Islamabad,ssp585,184.9
2093-12,ICT,Islamabad,ssp585,168.7
2094-01,ICT,Islamabad,ssp585,226.6
2094-02,ICT,Islamabad,ssp585,232.0
2094-03,ICT,Islamabad,ssp585,238.4
2094-04,ICT,Islamabad,ssp585,266.6
2094-05,ICT,Islamabad,ssp585,253.9
2094-06,ICT,Islamabad,ssp585,235.0
2094-07,ICT,Islamabad,ssp585,212.4
2094-08,ICT,Islamabad,ssp585,202.7
2094-09,ICT,Islamabad,ssp585,181.1
2094-10,ICT,Islamabad,ssp585,163.2
2094-11,ICT,Islamabad,ssp585,160.1
2094-12,ICT,Islamabad,ssp585,184.0
2095-01,ICT,Islamabad,ssp585,209.1
2095-02,ICT,Islamabad,ssp585,230.9
2095-03,ICT,Islamabad,ssp585,260.7
2095-04,ICT,Islamabad,ssp585,247.7
2095-05,ICT,Islamabad,ssp585,249.5
2095-06,ICT,Islamabad,ssp585,247.9
2095-07,ICT,Islamabad,ssp585,206.5
2095-08,ICT,Islamabad,ssp585,196.5
2095-09,ICT,Islamabad,ssp585,173.3
2095-10,ICT,Islamabad,ssp585,188.1
2095-11,ICT,Islamabad,ssp585,180.5
2095-12,ICT,Islamabad,ssp585,184.0
2096-01,ICT,Islamabad,ssp585,205.3
2096-02,ICT,Islamabad,ssp585,229.8
2096-03,ICT,Islamabad,ssp585,242.6
2096-04,ICT,Islamabad,ssp585,266.4
2096-05,ICT,Islamabad,ssp585,241.4
2096-06,ICT,Islamabad,ssp585,240.9
2096-07,ICT,Islamabad,ssp585,217.5
2096-08,ICT,Islamabad,ssp585,205.4
2096-09,ICT,Islamabad,ssp585,191.3
2096-10,ICT,Islamabad,ssp585,184.1
2096-11,ICT,Islamabad,ssp585,173.1
2096-12,ICT,Islamabad,ssp585,194.8
2097-01,ICT,Islamabad,ssp585,207.1
2097-02,ICT,Islamabad,ssp585,255.7
2097-03,ICT,Islamabad,ssp585,253.8
2097-04,ICT,Islamabad,ssp585,272.7
2097-05,ICT,Islamabad,ssp585,262.1
2097-06,ICT,Islamabad,ssp585,235.3
2097-07,ICT,Islamabad,ssp585,210.6
2097-08,ICT,Islamabad,ssp585,194.0
2097-09,ICT,Islamabad,ssp585,176.2
2097-10,ICT,Islamabad,ssp585,172.4
2097-11,ICT,Islamabad,ssp585,191.2
2097-12,ICT,Islamabad,ssp585,206.5
2098-01,ICT,Islamabad,ssp585,233.0
2098-02,ICT,Islamabad,ssp585,226.5
2098-03,ICT,Islamabad,ssp585,246.9
2098-04,ICT,Islamabad,ssp585,258.7
2098-05,ICT,Islamabad,ssp585,275.2
2098-06,ICT,Islamabad,ssp585,259.9
2098-07,ICT,Islamabad,ssp585,215.0
2098-08,ICT,Islamabad,ssp585,198.0
2098-09,ICT,Islamabad,ssp585,183.5
2098-10,ICT,Islamabad,ssp585,191.1
2098-11,ICT,Islamabad,ssp585,187.3
2098-12,ICT,Islamabad,ssp585,210.6
2099-01,ICT,Islamabad,ssp585,221.8
2099-02,ICT,Islamabad,ssp585,235.9
2099-03,ICT,Islamabad,ssp585,251.1
2099-04,ICT,Islamabad,ssp585,257.8
2099-05,ICT,Islamabad,ssp585,264.9
2099-06,ICT,Islamabad,ssp585,250.8
2099-07,ICT,Islamabad,ssp585,239.1
2099-08,ICT,Islamabad,ssp585,203.8
2099-09,ICT,Islamabad,ssp585,183.7
2099-10,ICT,Islamabad,ssp585,172.1
2099-11,ICT,Islamabad,ssp585,185.1
2099-12,ICT,Islamabad,ssp585,206.4
2100-01,ICT,Islamabad,ssp585,203.2
2100-02,ICT,Islamabad,ssp585,234.9
2100-03,ICT,Islamabad,ssp585,248.4
2100-04,ICT,Islamabad,ssp585,282.3
2100-05,ICT,Islamabad,ssp585,266.4
2100-06,ICT,Islamabad,ssp585,240.3
2100-07,ICT,Islamabad,ssp585,225.8
2100-08,ICT,Islamabad,ssp585,211.8
2100-09,ICT,Islamabad,ssp585,181.1
2100-10,ICT,Islamabad,ssp585,182.1
2100-11,ICT,Islamabad,ssp585,184.3
2100-12,ICT,Islamabad,ssp585,204.0
